2018-02-23 15:22:44.015	0000-0000-0353-3D35	darter60k
2018-02-23 15:22:44.015	0000-0000-0353-3D35	davidchofis
2018-02-23 15:22:44.015	0000-0000-0353-3D35	fabioviana
2018-02-23 15:22:44.015	0000-0000-0353-3D35	groebenzell
2018-02-23 15:22:44.015	0000-0000-0353-3D35	igatake0229
2018-02-23 15:22:44.015	0000-0000-0353-3D35	martiwish
2018-02-23 15:22:44.015	0000-0000-0353-3D35	risa.lll
2018-02-23 15:22:44.015	0000-0000-0353-3D35	Thank_you.0039
2018-02-23 15:22:44.015	0000-0000-0353-3D35	ukgirl617
2018-03-02 09:46:27.847	0000-0000-035A-9F14	jlan6e
2018-03-02 09:46:27.847	0000-0000-035A-9F14	joexantonio
2018-03-02 09:46:27.847	0000-0000-035A-9F14	moonbear89
2018-03-02 09:46:27.847	0000-0000-035A-9F14	SeeManRun
2017-12-18 14:47:47.489	0001-0000-0347-486A	alexflo59
2017-12-18 14:47:47.489	0001-0000-0347-486A	Bill214
2017-12-18 14:47:47.489	0001-0000-0347-486A	CalvoWan
2017-12-18 14:47:47.489	0001-0000-0347-486A	cat38690
2017-12-18 14:47:47.489	0001-0000-0347-486A	CHU-DONG
2017-12-18 14:47:47.489	0001-0000-0347-486A	Disrupt19
2018-03-01 08:55:56.232	0001-0000-0347-486A	galfazar37
2017-12-18 14:47:47.489	0001-0000-0347-486A	ikerynere
2018-03-01 08:55:56.232	0001-0000-0347-486A	KENNTAau5_10
2017-12-18 14:47:47.489	0001-0000-0347-486A	ldtreff
2018-02-03 17:49:06.993	0001-0000-0347-486A	migueML
2017-12-18 14:47:47.489	0001-0000-0347-486A	mjohnson1978
2017-12-18 14:47:47.489	0001-0000-0347-486A	Moritzmon
2017-12-18 14:47:47.489	0001-0000-0347-486A	Mr_Cookies_13
2017-12-18 14:47:47.489	0001-0000-0347-486A	namix1207
2017-12-18 14:47:47.489	0001-0000-0347-486A	pkleinot
2017-12-18 14:47:47.489	0001-0000-0347-486A	raulcaba
2017-12-18 14:47:47.489	0001-0000-0347-486A	Retroboss00
2018-01-02 07:08:05.577	0001-0000-0347-486A	shakku1602
2017-12-18 14:47:47.489	0001-0000-0347-486A	Ties-niconico
2017-12-18 14:47:47.489	0001-0000-0347-486A	TORAKING-No.1
2017-12-18 14:47:47.489	0001-0000-0347-486A	vinca0310
2018-01-16 00:15:23.643	0001-0000-0347-486A	Westview99
2018-01-31 14:37:50.068	0001-0000-0347-486A	Winnie42
2017-12-18 14:47:48.878	0001-0000-0359-B3CD	809109
2017-12-18 14:47:48.878	0001-0000-0359-B3CD	BHcrew4708
2017-12-18 14:47:48.878	0001-0000-0359-B3CD	fuji525
2017-12-18 14:47:48.878	0001-0000-0359-B3CD	Rotto_spla
2017-12-18 14:47:48.878	0001-0000-0359-B3CD	sonnemann
2017-12-18 14:47:48.878	0001-0000-0359-B3CD	Tugaeddy
2018-02-23 15:22:45.931	0002-0000-0328-E374	1112nick
2018-02-23 15:22:45.931	0002-0000-0328-E374	5375kjojiok59
2018-02-23 15:22:45.931	0002-0000-0328-E374	Claudiagh
2018-02-23 15:22:45.931	0002-0000-0328-E374	Disney1977
2018-02-23 15:22:45.931	0002-0000-0328-E374	DukeX007X
2018-02-23 15:22:45.931	0002-0000-0328-E374	ishindenshin217
2018-02-23 15:22:45.931	0002-0000-0328-E374	Jahooli4
2018-02-23 15:22:45.931	0002-0000-0328-E374	James780
2018-02-23 15:22:45.931	0002-0000-0328-E374	keesnetworkid001
2018-02-23 15:22:45.931	0002-0000-0328-E374	kidfury777
2018-02-23 15:22:45.931	0002-0000-0328-E374	kimi0418
2018-02-23 15:22:45.931	0002-0000-0328-E374	kopiuhy42nm96ljy
2018-02-23 15:22:45.931	0002-0000-0328-E374	KOSEI0727
2018-02-23 15:22:45.931	0002-0000-0328-E374	Liruru223
2018-02-23 15:22:45.931	0002-0000-0328-E374	lke200428
2018-02-23 15:22:45.931	0002-0000-0328-E374	mikdo3
2018-02-23 15:22:45.931	0002-0000-0328-E374	OK_Commuter
2018-02-23 15:22:45.931	0002-0000-0328-E374	picklelorde
2018-02-23 15:22:45.931	0002-0000-0328-E374	prestonbarnhouse
2018-02-23 15:22:45.931	0002-0000-0328-E374	rmgl2014
2018-02-23 15:22:45.931	0002-0000-0328-E374	steveow
2018-02-23 15:22:45.931	0002-0000-0328-E374	Thomasleboss80
2018-02-23 15:22:45.931	0002-0000-0328-E374	TommyGun538
2018-02-23 15:22:45.931	0002-0000-0328-E374	Twan_Jonker
2018-02-23 15:22:45.931	0002-0000-0328-E374	yauyumisu
2018-02-23 15:22:45.931	0002-0000-0328-E374	yoshi161
2018-02-23 15:22:45.931	0002-0000-0328-E374	zeusmagnet
2018-02-23 15:22:45.931	0002-0000-0328-E374	zu-taka-max
2018-02-23 15:22:47.43	0002-0000-034F-8AF4	4Fenway
2018-02-23 15:22:47.43	0002-0000-034F-8AF4	leclasheur2004
2017-12-18 14:47:50.721	0003-0000-030C-B9DE	A.Case
2017-12-18 14:47:50.721	0003-0000-030C-B9DE	DoctorFishbowl
2018-02-20 14:42:29.826	0003-0000-030C-B9DE	engora1
2017-12-18 14:47:50.721	0003-0000-030C-B9DE	GreenIsGold
2017-12-18 14:47:50.721	0003-0000-030C-B9DE	guygaz
2018-02-04 03:42:04.106	0003-0000-030C-B9DE	koutanakahara
2017-12-18 14:47:50.721	0003-0000-030C-B9DE	laowang438
2017-12-18 14:47:50.721	0003-0000-030C-B9DE	nakamitidan
2017-12-18 14:47:50.721	0003-0000-030C-B9DE	Pumapuma-01
2017-12-18 14:47:50.721	0003-0000-030C-B9DE	REN9638
2017-12-18 14:47:50.721	0003-0000-030C-B9DE	rhondachelette
2017-12-18 14:47:50.721	0003-0000-030C-B9DE	Rulycan7
2017-12-18 14:47:50.721	0003-0000-030C-B9DE	Skychan1010
2017-12-18 14:47:50.721	0003-0000-030C-B9DE	ssgss0929
2017-12-18 14:47:50.721	0003-0000-030C-B9DE	superbrett408484
2018-03-02 09:46:29.766	0003-0000-0343-6D59	0323takuya
2018-03-02 09:46:29.766	0003-0000-0343-6D59	826taku715
2018-04-10 11:02:05.263	0003-0000-0343-6D59	AfterDinnerMint
2018-03-02 09:46:29.766	0003-0000-0343-6D59	Duna00
2018-03-02 09:46:29.766	0003-0000-0343-6D59	Funnijoker12
2018-03-02 09:46:29.766	0003-0000-0343-6D59	jhonny93
2018-03-02 09:46:29.766	0003-0000-0343-6D59	kotarou1005
2018-03-02 09:46:29.766	0003-0000-0343-6D59	kyliecupcake
2018-03-02 09:46:29.766	0003-0000-0343-6D59	MexicanMama83
2018-03-02 09:46:29.766	0003-0000-0343-6D59	Mr.PWOer
2018-03-02 09:46:29.766	0003-0000-0343-6D59	nathan5198
2018-03-02 09:46:29.766	0003-0000-0343-6D59	N-BARRY95
2018-04-10 11:02:05.263	0003-0000-0343-6D59	newo48
2018-03-02 09:46:29.766	0003-0000-0343-6D59	Pokefan2098
2018-03-02 09:46:29.766	0003-0000-0343-6D59	reyrae718
2018-03-02 09:46:29.766	0003-0000-0343-6D59	sidonie16
2018-03-02 09:46:29.766	0003-0000-0343-6D59	take-max7
2018-03-02 09:46:29.766	0003-0000-0343-6D59	ToBeLaZ4321
2018-03-02 09:46:29.766	0003-0000-0343-6D59	toothlessray
2018-03-02 09:46:29.766	0003-0000-0343-6D59	tsubaki_v
2018-04-10 11:02:05.263	0003-0000-0343-6D59	tsucchi-minkun
2018-03-02 09:46:29.766	0003-0000-0343-6D59	Tyler0307
2018-03-02 09:46:29.766	0003-0000-0343-6D59	yk9yk9
2018-03-02 09:46:31.504	0004-0000-032F-8A2E	agentofalucard
2018-03-02 09:46:31.504	0004-0000-032F-8A2E	elfballer
2018-03-02 09:46:31.504	0004-0000-032F-8A2E	gaaboo
2018-03-02 09:46:31.504	0004-0000-032F-8A2E	jonpaulokeeffe
2018-03-02 09:46:31.504	0004-0000-032F-8A2E	JUANFELIPEMEJIA
2018-03-02 09:46:31.504	0004-0000-032F-8A2E	marlui3dworld
2018-03-02 09:46:31.504	0004-0000-032F-8A2E	oosyun06
2018-03-02 09:46:31.504	0004-0000-032F-8A2E	XxNinjaKnife3xX
2018-03-02 09:46:31.504	0004-0000-032F-8A2E	yamaguchi14779
2017-12-18 14:47:52.16	0004-0000-0333-88D7	831yoshi
2017-12-18 14:47:52.16	0004-0000-0333-88D7	apoc_ze
2017-12-18 14:47:52.16	0004-0000-0333-88D7	calamar01
2017-12-18 14:47:52.16	0004-0000-0333-88D7	Cat-luby85
2017-12-18 14:47:52.16	0004-0000-0333-88D7	darkrobo48
2017-12-18 14:47:52.16	0004-0000-0333-88D7	h12-ryou-0630
2017-12-18 14:47:52.16	0004-0000-0333-88D7	hima0908k
2017-12-18 14:47:52.16	0004-0000-0333-88D7	Hypername
2017-12-18 14:47:52.16	0004-0000-0333-88D7	individual11
2017-12-18 14:47:52.16	0004-0000-0333-88D7	kamikiri1058
2018-04-10 11:02:07.757	0004-0000-0333-88D7	katsumi126
2017-12-18 14:47:52.16	0004-0000-0333-88D7	koyokoyokuuya
2018-04-10 11:02:07.757	0004-0000-0333-88D7	link0690
2017-12-18 14:47:52.16	0004-0000-0333-88D7	louis1322
2017-12-18 14:47:52.16	0004-0000-0333-88D7	Luigi57_13
2017-12-18 14:47:52.16	0004-0000-0333-88D7	nickrocks3
2017-12-18 14:47:52.16	0004-0000-0333-88D7	reochero
2018-04-10 11:02:07.757	0004-0000-0333-88D7	riokuntom3
2018-03-03 10:27:28	0004-0000-0333-88D7	royoleo
2018-04-10 11:02:07.757	0004-0000-0333-88D7	shirou2577
2018-03-01 08:56:00.682	0004-0000-0333-88D7	tomoyadengana
2017-12-18 14:47:52.16	0004-0000-0333-88D7	TwilightSparkle5
2018-02-23 14:38:30.952	0005-0000-0341-F132	apeminkie
2018-02-23 14:38:30.952	0005-0000-0341-F132	peachears2
2018-03-01 18:55:30.055	0005-0000-0341-F132	punk_ACE89
2018-02-23 14:38:30.952	0005-0000-0341-F132	rudyduck
2018-02-23 14:38:30.952	0005-0000-0341-F132	shi1518
2017-12-18 14:47:54.141	0006-0000-0327-2AA0	123098iopmjgd
2017-12-18 14:47:54.141	0006-0000-0327-2AA0	1852SOUTA
2017-12-18 14:47:54.141	0006-0000-0327-2AA0	5150roadstar
2017-12-18 14:47:54.141	0006-0000-0327-2AA0	badgirl896
2017-12-18 14:47:54.141	0006-0000-0327-2AA0	belgirl5
2017-12-18 14:47:54.141	0006-0000-0327-2AA0	BigmanQ31
2017-12-18 14:47:54.141	0006-0000-0327-2AA0	cieloytierra
2017-12-18 14:47:54.141	0006-0000-0327-2AA0	DoctorMew01
2017-12-18 14:47:54.141	0006-0000-0327-2AA0	d.yutakazu
2017-12-18 14:47:54.141	0006-0000-0327-2AA0	fitzjarrald91
2018-03-12 19:24:07.358	0006-0000-0327-2AA0	hunterjok
2017-12-18 14:47:54.141	0006-0000-0327-2AA0	igor338
2018-02-08 14:00:16.324	0006-0000-0327-2AA0	ironmike1093
2017-12-18 14:47:54.141	0006-0000-0327-2AA0	itsmedrk
2017-12-18 14:47:54.141	0006-0000-0327-2AA0	JimmyJOrtiz
2017-12-18 14:47:54.141	0006-0000-0327-2AA0	JMI-FUJI
2017-12-18 14:47:54.141	0006-0000-0327-2AA0	JWA2002
2017-12-18 14:47:54.141	0006-0000-0327-2AA0	lapizin
2017-12-18 14:47:54.141	0006-0000-0327-2AA0	marove
2017-12-18 14:47:54.141	0006-0000-0327-2AA0	MattyPSX
2017-12-18 14:47:54.141	0006-0000-0327-2AA0	Megathobi
2017-12-18 14:47:54.141	0006-0000-0327-2AA0	MisterGuy007
2018-04-10 11:02:09.375	0006-0000-0327-2AA0	Nemmesys
2017-12-18 14:47:54.141	0006-0000-0327-2AA0	potetobudou
2017-12-18 14:47:54.141	0006-0000-0327-2AA0	PrincessCoco2
2017-12-18 14:47:54.141	0006-0000-0327-2AA0	regankendal
2018-04-10 11:02:09.375	0006-0000-0327-2AA0	Rinta1223
2018-03-05 21:20:40.931	0006-0000-0327-2AA0	RodOfPurity
2017-12-18 14:47:54.141	0006-0000-0327-2AA0	SAKAMOTO710156
2017-12-18 14:47:54.141	0006-0000-0327-2AA0	simone21decicco
2017-12-18 14:47:54.141	0006-0000-0327-2AA0	smother123
2018-02-04 18:31:30.882	0006-0000-0327-2AA0	TheMetzgers
2018-02-20 14:42:33.338	0006-0000-0327-2AA0	vksg23
2017-12-18 14:47:54.141	0006-0000-0327-2AA0	wakana_081122
2017-12-18 14:47:54.141	0006-0000-0327-2AA0	yuuya-mari0308
2018-03-02 16:05:48.173	0006-0000-0327-2AA0	zombyklr
2018-02-23 14:38:32.542	0006-0000-034F-EA97	ayanaokou
2018-02-23 14:38:32.542	0006-0000-034F-EA97	cowly2
2018-02-23 14:38:32.542	0006-0000-034F-EA97	enzoj66
2018-02-23 14:38:32.542	0006-0000-034F-EA97	Gray_Toast
2018-02-23 14:38:32.542	0006-0000-034F-EA97	hajime-4493
2018-02-23 14:38:32.542	0006-0000-034F-EA97	qingshou
2018-02-23 14:38:32.542	0006-0000-034F-EA97	shaynenewaynene
2018-03-02 09:46:35.236	0009-0000-034D-B7CF	chopper963
2018-03-02 09:46:35.236	0009-0000-034D-B7CF	Dazice
2018-03-02 09:46:35.236	0009-0000-034D-B7CF	ddbear08
2018-03-02 09:46:35.236	0009-0000-034D-B7CF	finefly
2018-03-02 09:46:35.236	0009-0000-034D-B7CF	komusyan0508
2018-03-02 09:46:35.236	0009-0000-034D-B7CF	maxenceguilluy
2018-03-02 09:46:35.236	0009-0000-034D-B7CF	ozbabanet1
2018-03-02 09:46:35.236	0009-0000-034D-B7CF	smwk_mai7
2018-03-02 09:46:35.236	0009-0000-034D-B7CF	TinaDale1975
2018-03-02 09:46:35.236	0009-0000-034D-B7CF	tonkatsu8810
2018-03-02 09:46:35.236	0009-0000-034D-B7CF	tonko1125
2018-03-02 09:46:35.236	0009-0000-034D-B7CF	yukina19ooo118
2017-12-18 14:47:55.549	000A-0000-0340-14B0	Destroyah615
2018-01-02 07:08:12.4	000A-0000-0340-14B0	macknlaci
2017-12-18 14:47:55.549	000A-0000-0340-14B0	soulshined
2017-12-18 14:47:55.549	000A-0000-0340-14B0	takkun512
2018-01-31 14:37:56.25	000A-0000-0340-14B0	zen-ak
2018-03-02 09:46:37.133	000B-0000-032E-B6B4	Carlotiti
2018-03-02 09:46:37.133	000B-0000-032E-B6B4	client
2018-03-02 09:46:37.133	000B-0000-032E-B6B4	febigatto
2018-03-02 09:46:37.133	000B-0000-032E-B6B4	gyuigyui
2018-03-02 09:46:37.133	000B-0000-032E-B6B4	jensenfamii
2018-03-02 09:46:37.133	000B-0000-032E-B6B4	Jordan232345
2018-03-02 09:46:37.133	000B-0000-032E-B6B4	Jrex40
2018-03-02 09:46:37.133	000B-0000-032E-B6B4	juethom
2018-03-02 09:46:37.133	000B-0000-032E-B6B4	newbie8888
2018-03-02 09:46:37.133	000B-0000-032E-B6B4	Ninitree
2018-03-02 09:46:37.133	000B-0000-032E-B6B4	oOclemOo
2018-03-02 09:46:37.133	000B-0000-032E-B6B4	sumomo2017
2018-03-02 09:46:37.133	000B-0000-032E-B6B4	yoinnex
2018-02-23 14:38:34.006	000B-0000-035E-1D5C	Romain_FYT
2017-12-18 14:47:57.169	000C-0000-0337-AD00	sutikkunori
2018-03-02 09:46:39.119	000D-0000-0320-B613	abpeaches
2018-04-10 11:02:19.295	000F-0000-0367-8657	Toaddk
2018-03-02 09:46:39.119	000D-0000-0320-B613	arxhiyana8
2018-03-02 09:46:39.119	000D-0000-0320-B613	Carter1108
2018-03-02 09:46:39.119	000D-0000-0320-B613	fredinmd
2018-03-02 09:46:39.119	000D-0000-0320-B613	friice0807
2018-03-02 09:46:39.119	000D-0000-0320-B613	GenageS
2018-03-02 09:46:39.119	000D-0000-0320-B613	graysonart
2018-03-02 09:46:39.119	000D-0000-0320-B613	iceberg9
2018-04-10 11:02:13.519	000D-0000-0320-B613	isisyemilia
2018-03-02 09:46:39.119	000D-0000-0320-B613	Koop0_0
2018-03-02 09:46:39.119	000D-0000-0320-B613	MissCoquette
2018-03-02 09:46:39.119	000D-0000-0320-B613	Mr.Awesome023
2018-03-02 09:46:39.119	000D-0000-0320-B613	orange-0424
2018-03-02 09:46:39.119	000D-0000-0320-B613	pmcn1234
2018-03-02 09:46:39.119	000D-0000-0320-B613	raphton
2018-03-02 09:46:39.119	000D-0000-0320-B613	so-suke0103
2018-03-02 09:46:39.119	000D-0000-0320-B613	thisisdox
2018-03-02 09:46:39.119	000D-0000-0320-B613	x-REDEYE-x
2018-03-02 09:46:39.119	000D-0000-0320-B613	Yoshi0077-77
2018-03-02 09:46:40.75	000D-0000-032C-C49D	Artelogick
2018-03-02 09:46:40.75	000D-0000-032C-C49D	Canaanite01
2018-03-02 09:46:40.75	000D-0000-032C-C49D	Eagle2009
2018-03-02 09:46:40.75	000D-0000-032C-C49D	GID2657
2018-03-02 09:46:40.75	000D-0000-032C-C49D	k.aoi0209
2018-03-02 09:46:40.75	000D-0000-032C-C49D	Pisapon
2018-03-02 09:46:40.75	000D-0000-032C-C49D	pokeroho06
2018-03-02 09:46:40.75	000D-0000-032C-C49D	ProfAmaretto
2018-04-10 11:02:14.067	000D-0000-0343-66D1	Andrei1007
2017-12-18 14:47:58.608	000D-0000-0343-66D1	AnEndlessMaze
2018-04-10 11:02:14.067	000D-0000-0343-66D1	dmcl27
2017-12-18 14:47:58.608	000D-0000-0343-66D1	Gold2232
2017-12-18 14:47:58.608	000D-0000-0343-66D1	guiyu90
2017-12-18 14:47:58.608	000D-0000-0343-66D1	jaydenbros1
2018-03-07 10:36:15.019	000D-0000-0343-66D1	kazuo4
2018-01-10 17:29:28.21	000D-0000-0343-66D1	KurtisC93
2018-04-10 11:02:14.067	000D-0000-0343-66D1	L3m0n-J3ll0
2018-01-02 07:08:15.822	000D-0000-0343-66D1	LindsC17
2018-02-20 14:42:37.979	000D-0000-0343-66D1	mage1129
2017-12-18 14:47:58.608	000D-0000-0343-66D1	OmarLunaEsprz13
2017-12-18 14:47:58.608	000D-0000-0343-66D1	pepemanzanarez
2017-12-18 14:47:58.608	000D-0000-0343-66D1	poi963poi
2017-12-18 14:47:59.98	000D-0000-035E-0B6F	dellbox2
2018-03-01 08:56:11.14	000D-0000-035E-0B6F	Elchingon19
2017-12-18 14:47:59.98	000D-0000-035E-0B6F	eliatas112
2018-04-10 11:02:15.461	000D-0000-035E-0B6F	JOHGALINDO
2017-12-18 14:47:59.98	000D-0000-035E-0B6F	pookie139
2017-12-18 14:47:59.98	000D-0000-035E-0B6F	Vinny22234
2018-03-02 09:46:42.766	000D-0000-0365-DB81	davcas59
2018-03-02 09:46:42.766	000D-0000-0365-DB81	masayosi0302
2018-03-02 09:46:42.766	000D-0000-0365-DB81	mjsclan
2018-03-02 09:46:42.766	000D-0000-0365-DB81	papillox
2018-03-02 09:46:42.766	000D-0000-0365-DB81	wolzard
2017-12-18 14:48:02.654	000E-0000-0331-2D8D	0111hiy
2017-12-18 14:48:02.654	000E-0000-0331-2D8D	alexisp2005
2017-12-18 14:48:02.654	000E-0000-0331-2D8D	aomitsu2180
2017-12-18 14:48:02.654	000E-0000-0331-2D8D	backen26
2017-12-18 14:48:02.654	000E-0000-0331-2D8D	bargerfam.2.2015
2017-12-18 14:48:02.654	000E-0000-0331-2D8D	bee0386
2018-02-07 14:07:01.474	000E-0000-0331-2D8D	Boneshark71
2017-12-18 14:48:02.654	000E-0000-0331-2D8D	bousbia
2017-12-18 14:48:02.654	000E-0000-0331-2D8D	bowrene1
2017-12-18 14:48:02.654	000E-0000-0331-2D8D	bulldog1979
2018-02-20 14:42:42.503	000E-0000-0331-2D8D	Butterfly2361
2017-12-18 14:48:02.654	000E-0000-0331-2D8D	CardcaptorGirl
2017-12-18 14:48:02.654	000E-0000-0331-2D8D	club3000
2017-12-18 14:48:02.654	000E-0000-0331-2D8D	Conducteur59220
2017-12-18 14:48:02.654	000E-0000-0331-2D8D	davidfernandez17
2017-12-18 14:48:02.654	000E-0000-0331-2D8D	Doddsyctd
2017-12-18 14:48:02.654	000E-0000-0331-2D8D	DommyScott
2017-12-18 14:48:02.654	000E-0000-0331-2D8D	eaglein99
2017-12-20 00:05:39.643	000E-0000-0331-2D8D	Express13
2017-12-18 14:48:02.654	000E-0000-0331-2D8D	GAMERYAU
2018-02-20 14:42:42.503	000E-0000-0331-2D8D	Gpmccabe
2017-12-18 14:48:02.654	000E-0000-0331-2D8D	hakan3466
2017-12-18 14:48:02.654	000E-0000-0331-2D8D	halobrad
2017-12-18 14:48:02.654	000E-0000-0331-2D8D	hamloafy
2017-12-18 14:48:02.654	000E-0000-0331-2D8D	HighFivesToAll
2017-12-18 14:48:02.654	000E-0000-0331-2D8D	hinako-5656
2017-12-18 14:48:02.654	000E-0000-0331-2D8D	ipuipu
2017-12-18 14:48:02.654	000E-0000-0331-2D8D	JAYLAU9194
2017-12-18 14:48:02.654	000E-0000-0331-2D8D	Jaywiltee
2018-01-03 20:01:21.142	000E-0000-0331-2D8D	jgm5445
2018-02-20 14:42:42.503	000E-0000-0331-2D8D	john-paul2016
2017-12-18 14:48:02.654	000E-0000-0331-2D8D	kentyan2008
2017-12-18 14:48:02.654	000E-0000-0331-2D8D	KingString64
2017-12-18 14:48:02.654	000E-0000-0331-2D8D	kujak3
2017-12-18 14:48:02.654	000E-0000-0331-2D8D	kyougo125
2017-12-18 14:48:02.654	000E-0000-0331-2D8D	Lanceorin
2018-01-31 14:38:02.804	000E-0000-0331-2D8D	lgugliotta
2017-12-18 14:48:02.654	000E-0000-0331-2D8D	LIDeveloper
2017-12-18 14:48:02.654	000E-0000-0331-2D8D	Lisa161718
2017-12-18 14:48:02.654	000E-0000-0331-2D8D	Mario1992
2018-01-31 14:38:02.804	000E-0000-0331-2D8D	mariobrosworld
2017-12-18 14:48:02.654	000E-0000-0331-2D8D	Mariomonkeys
2017-12-18 14:48:02.654	000E-0000-0331-2D8D	Mario-Sachin
2017-12-18 14:48:02.654	000E-0000-0331-2D8D	masakattin
2017-12-18 14:48:02.654	000E-0000-0331-2D8D	McSwagger1337
2018-04-10 11:02:18.78	000E-0000-0331-2D8D	medianne
2017-12-18 14:48:02.654	000E-0000-0331-2D8D	meikougen
2018-02-20 14:42:42.503	000E-0000-0331-2D8D	mikugumi123
2018-02-20 14:42:42.503	000E-0000-0331-2D8D	mi-yu-yo.r
2018-02-20 14:42:42.503	000E-0000-0331-2D8D	monburan6
2018-03-03 20:30:20.994	000E-0000-0331-2D8D	NEWT82
2017-12-18 14:48:02.654	000E-0000-0331-2D8D	ngiannattasio
2017-12-18 14:48:02.654	000E-0000-0331-2D8D	novakey
2018-01-02 07:08:20.209	000E-0000-0331-2D8D	orlando2906
2017-12-18 14:48:02.654	000E-0000-0331-2D8D	Pikipata
2017-12-18 14:48:02.654	000E-0000-0331-2D8D	qingshou
2017-12-18 14:48:02.654	000E-0000-0331-2D8D	rui0987
2017-12-18 14:48:02.654	000E-0000-0331-2D8D	ryuuki0612
2017-12-18 14:48:02.654	000E-0000-0331-2D8D	SaNicLoVEr678
2018-01-03 02:42:57.992	000E-0000-0331-2D8D	Schleichis
2017-12-18 14:48:02.654	000E-0000-0331-2D8D	SeanMcGee00
2017-12-18 14:48:02.654	000E-0000-0331-2D8D	skydog17
2017-12-18 14:48:02.654	000E-0000-0331-2D8D	splash1
2017-12-20 00:05:39.643	000E-0000-0331-2D8D	spongebobsanta
2017-12-18 14:48:02.654	000E-0000-0331-2D8D	ST3F_D
2017-12-18 14:48:02.654	000E-0000-0331-2D8D	Superarnamarc
2017-12-18 14:48:10.154	001B-0000-0317-2E6C	Tut0001
2018-03-01 08:56:14.961	000E-0000-0331-2D8D	TAICHIN729
2017-12-18 14:48:02.654	000E-0000-0331-2D8D	tdi_tvrn
2017-12-18 14:48:02.654	000E-0000-0331-2D8D	tom.rolland.59
2017-12-18 14:48:02.654	000E-0000-0331-2D8D	topoboy08
2017-12-18 14:48:02.654	000E-0000-0331-2D8D	tototorori
2017-12-18 14:48:02.654	000E-0000-0331-2D8D	vutang22
2018-03-02 09:46:45.509	000E-0000-0331-FD04	775241
2018-03-02 09:46:45.509	000E-0000-0331-FD04	ACGUY323
2018-03-02 09:46:45.509	000E-0000-0331-FD04	Alexis2012
2018-03-02 09:46:45.509	000E-0000-0331-FD04	aoto1960
2018-03-02 09:46:45.509	000E-0000-0331-FD04	chemabts
2018-03-02 09:46:45.509	000E-0000-0331-FD04	cruz637
2018-03-02 09:46:45.509	000E-0000-0331-FD04	dubhlainn31
2018-03-02 09:46:45.509	000E-0000-0331-FD04	dytymid
2018-03-02 09:46:45.509	000E-0000-0331-FD04	elisacaprio
2018-03-02 09:46:45.509	000E-0000-0331-FD04	ElMagnifico721
2018-03-02 09:46:45.509	000E-0000-0331-FD04	emitpoe
2018-03-02 09:46:45.509	000E-0000-0331-FD04	Gfrizz000
2018-03-02 09:46:45.509	000E-0000-0331-FD04	grandbb
2018-03-02 09:46:45.509	000E-0000-0331-FD04	GReeeeNGReeeeN4
2018-03-02 09:46:45.509	000E-0000-0331-FD04	hugo3333
2018-03-02 09:46:45.509	000E-0000-0331-FD04	Jason15934
2018-03-02 09:46:45.509	000E-0000-0331-FD04	lylia13
2018-03-02 09:46:45.509	000E-0000-0331-FD04	nyanbros145
2018-03-02 09:46:45.509	000E-0000-0331-FD04	rentaro225
2018-03-02 09:46:45.509	000E-0000-0331-FD04	sofyanis20114
2018-03-02 09:46:45.509	000E-0000-0331-FD04	soulaimane3579
2018-03-02 09:46:45.509	000E-0000-0331-FD04	Supermanmx
2018-03-02 09:46:45.509	000E-0000-0331-FD04	supersoann
2018-03-02 09:46:45.509	000E-0000-0331-FD04	tomorin0204ryou
2018-03-02 09:46:45.509	000E-0000-0331-FD04	yu24-2
2018-02-23 14:38:35.413	000E-0000-035A-7FD7	Keiichied
2018-02-23 14:38:35.413	000E-0000-035A-7FD7	ryu-k_k-2006-18
2018-02-23 14:38:35.413	000E-0000-035A-7FD7	ryuseina0513
2018-03-02 09:46:47.227	000F-0000-0367-8657	ddbndbbk4ever13
2018-03-02 09:46:47.227	000F-0000-0367-8657	derekmaker24
2018-03-02 09:46:47.227	000F-0000-0367-8657	hakkun156ha
2018-03-02 09:46:47.227	000F-0000-0367-8657	hanlee13
2018-03-02 09:46:47.227	000F-0000-0367-8657	koikekouta
2018-04-10 11:02:19.295	000F-0000-0367-8657	MaJiNReD
2018-03-02 09:46:47.227	000F-0000-0367-8657	mamikuma1225
2018-03-02 09:46:47.227	000F-0000-0367-8657	moblyne
2018-03-02 09:46:47.227	000F-0000-0367-8657	MrNico59
2018-03-02 09:46:47.227	000F-0000-0367-8657	rakupapa
2018-03-02 09:46:47.227	000F-0000-0367-8657	revolv23
2018-03-02 09:46:47.227	000F-0000-0367-8657	Tylano64
2018-03-02 09:46:47.227	000F-0000-0367-8657	xBlackRocko
2018-02-23 14:38:37.425	0010-0000-032F-2B64	2513_koudai
2018-02-23 14:38:37.425	0010-0000-032F-2B64	3023happy
2018-02-23 14:38:37.425	0010-0000-032F-2B64	Aendevik
2018-02-23 14:38:37.425	0010-0000-032F-2B64	Borders_03
2018-02-23 14:38:37.425	0010-0000-032F-2B64	ClassicalBarrel
2018-02-23 14:38:37.425	0010-0000-032F-2B64	felipelikan
2018-02-23 14:38:37.425	0010-0000-032F-2B64	funman23
2018-02-23 14:38:37.425	0010-0000-032F-2B64	gilluminate
2018-02-23 14:38:37.425	0010-0000-032F-2B64	Gsonic2011
2018-02-23 14:38:37.425	0010-0000-032F-2B64	joao234vip
2018-02-23 14:38:37.425	0010-0000-032F-2B64	Jozef-Lee
2018-02-23 14:38:37.425	0010-0000-032F-2B64	julipfeilstetter
2018-02-23 14:38:37.425	0010-0000-032F-2B64	kamenriderdenoh
2018-02-23 14:38:37.425	0010-0000-032F-2B64	kitkat125
2018-02-23 14:38:37.425	0010-0000-032F-2B64	koudai222813
2018-02-23 14:38:37.425	0010-0000-032F-2B64	kyamaguchi0111
2018-02-23 14:38:37.425	0010-0000-032F-2B64	Levigen19
2018-02-23 14:38:37.425	0010-0000-032F-2B64	max1.0pikminmine
2018-02-23 14:38:37.425	0010-0000-032F-2B64	MAXmitWIIU
2018-02-23 14:38:37.425	0010-0000-032F-2B64	MiyamotoYuhki
2018-02-23 14:38:37.425	0010-0000-032F-2B64	niko652
2018-02-23 14:38:37.425	0010-0000-032F-2B64	robbysk8er1
2018-02-23 14:38:37.425	0010-0000-032F-2B64	RonRny
2018-02-23 14:38:37.425	0010-0000-032F-2B64	ryoki0504a
2018-02-23 14:38:37.425	0010-0000-032F-2B64	sadao32tk
2018-02-23 14:38:37.425	0010-0000-032F-2B64	takamasa1119
2018-03-01 08:56:03.301	0010-0000-032F-2B64	yusei-ozaki
2018-02-23 14:38:37.425	0010-0000-032F-2B64	yuto.4093
2018-02-23 14:38:38.97	0011-0000-033C-BF9D	dragonballtaka
2018-02-23 14:38:38.97	0011-0000-033C-BF9D	dsoucek
2018-02-23 14:38:38.97	0011-0000-033C-BF9D	Jeffyjeff
2018-02-23 14:38:38.97	0011-0000-033C-BF9D	momayaman
2018-02-23 14:38:38.97	0011-0000-033C-BF9D	naonaonaonao0905
2018-02-23 14:38:38.97	0011-0000-033C-BF9D	seanpri
2018-02-23 14:38:40.61	0011-0000-0341-7FFD	Bobismyfriend
2018-02-23 14:38:40.61	0011-0000-0341-7FFD	Byrkosdyn
2018-02-23 14:38:40.61	0011-0000-0341-7FFD	Eliise.Ambre
2018-02-23 14:38:40.61	0011-0000-0341-7FFD	haruhiro809
2018-02-23 14:38:40.61	0011-0000-0341-7FFD	KierenDaGangsta
2018-02-23 14:38:40.61	0011-0000-0341-7FFD	kikitipe27
2018-02-23 14:38:40.61	0011-0000-0341-7FFD	kounao16
2018-02-23 14:38:40.61	0011-0000-0341-7FFD	master_mind256
2018-02-23 14:38:40.61	0011-0000-0341-7FFD	Nanis.0317
2018-02-23 14:38:40.61	0011-0000-0341-7FFD	qaismo
2018-02-23 14:38:40.61	0011-0000-0341-7FFD	tomoyuami
2018-02-23 14:38:40.61	0011-0000-0341-7FFD	w-03.vvv
2018-02-23 14:38:40.61	0011-0000-0341-7FFD	yuuto211
2017-12-18 14:48:05.453	0011-0000-0344-1AC3	4118Mario
2018-01-02 07:08:21.789	0011-0000-0344-1AC3	bradleyhawley11
2018-01-11 19:58:25.038	0011-0000-0344-1AC3	friar3
2018-03-02 09:46:49.63	0011-0000-0349-F9F6	griimble
2018-03-02 09:46:49.63	0011-0000-0349-F9F6	lightingroller
2018-02-23 14:38:42.928	0012-0000-0302-B7F0	1231wiiu
2018-02-23 14:38:42.928	0012-0000-0302-B7F0	Acehanlan
2018-02-23 14:38:42.928	0012-0000-0302-B7F0	azpo090
2018-02-23 14:38:42.928	0012-0000-0302-B7F0	bokubob
2018-02-23 14:38:42.928	0012-0000-0302-B7F0	BOOGIEMOOGIE64
2018-02-23 14:38:42.928	0012-0000-0302-B7F0	hiro2riko
2018-02-23 14:38:42.928	0012-0000-0302-B7F0	jajakura
2018-02-23 14:38:42.928	0012-0000-0302-B7F0	J-PATCH115.2
2018-02-23 14:38:42.928	0012-0000-0302-B7F0	katkondo
2018-02-23 14:38:42.928	0012-0000-0302-B7F0	kevinwilliams818
2018-02-23 14:38:42.928	0012-0000-0302-B7F0	LouisWu182
2018-02-23 14:38:42.928	0012-0000-0302-B7F0	mario-tomoya
2018-02-23 14:38:42.928	0012-0000-0302-B7F0	Meephugger
2018-02-23 14:38:42.928	0012-0000-0302-B7F0	minecraftetim
2018-02-23 14:38:42.928	0012-0000-0302-B7F0	OneTrueDiggle
2018-02-23 14:38:42.928	0012-0000-0302-B7F0	Peebs2123
2018-02-23 14:38:42.928	0012-0000-0302-B7F0	pullar
2018-02-23 14:38:42.928	0012-0000-0302-B7F0	Radam81
2018-02-23 14:38:42.928	0012-0000-0302-B7F0	s341-6
2018-02-23 14:38:42.928	0012-0000-0302-B7F0	taitirou21
2018-02-23 14:38:42.928	0012-0000-0302-B7F0	Theriddler15
2018-02-23 14:38:42.928	0012-0000-0302-B7F0	Thevrow
2018-02-23 14:38:42.928	0012-0000-0302-B7F0	walkingnewmans
2018-02-23 14:38:42.928	0012-0000-0302-B7F0	wayu0207
2018-03-02 09:46:51.624	0012-0000-030F-926D	bingleman43
2018-03-02 09:46:51.624	0012-0000-030F-926D	Cub_Tennis
2018-03-02 09:46:51.624	0012-0000-030F-926D	DAIYAnoTAIHOU
2018-03-02 09:46:51.624	0012-0000-030F-926D	hayato0524
2018-03-02 09:46:51.624	0012-0000-030F-926D	jaleenam
2018-03-02 09:46:51.624	0012-0000-030F-926D	kanoryu12104
2018-03-02 09:46:51.624	0012-0000-030F-926D	mamab214
2018-03-02 09:46:51.624	0012-0000-030F-926D	marlo1974
2018-03-02 09:46:51.624	0012-0000-030F-926D	mirakuru19
2018-03-02 09:46:51.624	0012-0000-030F-926D	Mrluigidz
2018-03-02 09:46:51.624	0012-0000-030F-926D	ndbt3000
2018-03-02 09:46:51.624	0012-0000-030F-926D	PvtBanana
2018-03-02 09:46:51.624	0012-0000-030F-926D	sfsteve
2018-03-02 09:46:51.624	0012-0000-030F-926D	SPldoo
2018-03-02 09:46:51.624	0012-0000-030F-926D	tk8291
2018-03-02 09:46:53.899	0012-0000-0331-71F5	15sato
2018-03-02 09:46:53.899	0012-0000-0331-71F5	Acadiafan221993
2018-03-02 09:46:53.899	0012-0000-0331-71F5	AKASSYYU
2018-03-02 09:46:53.899	0012-0000-0331-71F5	Alazer
2018-03-02 09:46:53.899	0012-0000-0331-71F5	aloe-yoghurt
2018-03-02 09:46:53.899	0012-0000-0331-71F5	DCACJLI
2018-03-02 09:46:53.899	0012-0000-0331-71F5	fusion12
2018-03-02 09:46:53.899	0012-0000-0331-71F5	Gismo07
2018-03-02 09:46:53.899	0012-0000-0331-71F5	JackSparra85
2018-03-02 09:46:53.899	0012-0000-0331-71F5	JMI-FUJI
2018-03-02 09:46:53.899	0012-0000-0331-71F5	karthik23
2018-03-02 09:46:53.899	0012-0000-0331-71F5	kingpin07
2018-03-02 09:46:53.899	0012-0000-0331-71F5	kumajirou14
2018-04-10 11:02:23.661	0012-0000-0331-71F5	LionTamino
2018-03-02 09:46:53.899	0012-0000-0331-71F5	lookslikeLinkU
2018-03-02 09:46:53.899	0012-0000-0331-71F5	MagicMadMan
2018-03-02 09:46:53.899	0012-0000-0331-71F5	makki340
2018-03-02 09:46:53.899	0012-0000-0331-71F5	marenisu
2018-03-02 09:46:53.899	0012-0000-0331-71F5	masatokidesu
2018-03-02 09:46:53.899	0012-0000-0331-71F5	mattcolley
2018-03-02 09:46:53.899	0012-0000-0331-71F5	mayumi09876
2018-03-02 09:46:53.899	0012-0000-0331-71F5	morganleebooth
2018-03-02 09:46:53.899	0012-0000-0331-71F5	nantarochan
2018-03-02 09:46:53.899	0012-0000-0331-71F5	nextstepgal
2018-03-02 09:46:53.899	0012-0000-0331-71F5	Paulina1987
2018-03-02 09:46:53.899	0012-0000-0331-71F5	ratoncita110655m
2018-03-02 09:46:53.899	0012-0000-0331-71F5	romylenny
2018-03-02 09:46:53.899	0012-0000-0331-71F5	rubia270
2018-03-02 09:46:53.899	0012-0000-0331-71F5	SaNaKaWaRiKo
2018-03-02 09:46:53.899	0012-0000-0331-71F5	ShawnFB
2018-03-02 09:46:53.899	0012-0000-0331-71F5	somita
2018-03-02 09:46:53.899	0012-0000-0331-71F5	spiralway
2018-03-02 09:46:53.899	0012-0000-0331-71F5	tomocyan1008
2018-03-02 09:46:53.899	0012-0000-0331-71F5	torreskidz
2018-02-23 14:38:44.392	0012-0000-0356-83CF	alfredosandal
2018-02-23 14:38:44.392	0012-0000-0356-83CF	DonQuang
2018-02-23 14:38:44.392	0012-0000-0356-83CF	Gamer0244
2018-02-23 14:38:44.392	0012-0000-0356-83CF	JayTheMan4
2018-02-23 14:38:44.392	0012-0000-0356-83CF	jodistille
2018-02-23 14:38:44.392	0012-0000-0356-83CF	jonathandp
2018-02-23 14:38:44.392	0012-0000-0356-83CF	kou6112
2018-02-23 14:38:44.392	0012-0000-0356-83CF	mom2468abcd
2018-02-23 14:38:44.392	0012-0000-0356-83CF	nekokanu
2018-02-23 14:38:44.392	0012-0000-0356-83CF	One_Lemonade
2018-02-23 14:38:44.392	0012-0000-0356-83CF	Toasted782
2018-02-23 14:38:46.596	0013-0000-0317-29D6	1952aa
2018-02-23 14:38:46.596	0013-0000-0317-29D6	1972yk
2018-02-23 14:38:46.596	0013-0000-0317-29D6	24crew
2018-02-23 14:38:46.596	0013-0000-0317-29D6	Allstar1
2018-02-23 14:38:46.596	0013-0000-0317-29D6	antpalace
2018-02-23 14:38:46.596	0013-0000-0317-29D6	aryan_hulk
2018-02-23 14:38:46.596	0013-0000-0317-29D6	ayako.kamo
2018-02-23 14:38:46.596	0013-0000-0317-29D6	Cally_mario
2018-02-23 14:38:46.596	0013-0000-0317-29D6	danielksi
2018-02-23 14:38:46.596	0013-0000-0317-29D6	Eidan_27
2018-02-23 14:38:46.596	0013-0000-0317-29D6	elprocrack2
2018-02-23 14:38:46.596	0013-0000-0317-29D6	EmilyDenmark
2018-02-23 14:38:46.596	0013-0000-0317-29D6	familiar_0127
2018-02-23 14:38:46.596	0013-0000-0317-29D6	hidekazu555
2018-02-23 14:38:46.596	0013-0000-0317-29D6	huskymaik
2018-02-23 14:38:46.596	0013-0000-0317-29D6	isischris
2018-02-23 14:38:46.596	0013-0000-0317-29D6	JBW23JEV
2018-02-23 14:38:46.596	0013-0000-0317-29D6	Judit2011
2018-02-23 14:38:46.596	0013-0000-0317-29D6	jugador82
2018-02-23 14:38:46.596	0013-0000-0317-29D6	kanaya23
2018-02-23 14:38:46.596	0013-0000-0317-29D6	lemony1
2018-02-23 14:38:46.596	0013-0000-0317-29D6	LucasSnugglebug
2018-02-23 14:38:46.596	0013-0000-0317-29D6	makaylaeric1
2018-02-23 14:38:46.596	0013-0000-0317-29D6	mjw2009
2018-02-23 14:38:46.596	0013-0000-0317-29D6	moomooman2006
2018-02-23 14:38:46.596	0013-0000-0317-29D6	Mylenepelletier
2018-02-23 14:38:46.596	0013-0000-0317-29D6	ninjago2712
2018-02-23 14:38:46.596	0013-0000-0317-29D6	osadai3532
2018-02-23 14:38:46.596	0013-0000-0317-29D6	Pedepe
2018-02-23 14:38:46.596	0013-0000-0317-29D6	smokey412
2018-02-23 14:38:46.596	0013-0000-0317-29D6	super-megaLOOL
2018-02-23 14:38:46.596	0013-0000-0317-29D6	swdmimoichimaki
2018-02-23 14:38:46.596	0013-0000-0317-29D6	tchirklo
2018-02-23 14:38:46.596	0013-0000-0317-29D6	TheTroll01
2018-02-23 14:38:46.596	0013-0000-0317-29D6	thunderarm23
2018-02-23 14:38:46.596	0013-0000-0317-29D6	tristbyrd
2018-02-23 14:38:46.596	0013-0000-0317-29D6	tuabuelasellama
2018-02-23 14:38:46.596	0013-0000-0317-29D6	tyak1469
2018-02-23 14:38:46.596	0013-0000-0317-29D6	vicman140986
2018-02-23 14:38:46.596	0013-0000-0317-29D6	VoyFalso
2018-02-23 14:38:46.596	0013-0000-0317-29D6	WIIMoustique
2018-02-23 14:38:46.596	0013-0000-0317-29D6	yamakae
2018-02-23 14:38:48.222	0013-0000-0368-1C1B	AlfredWallace
2018-02-23 14:38:48.222	0013-0000-0368-1C1B	CronusNexus
2018-02-23 14:38:48.222	0013-0000-0368-1C1B	happydudey
2018-02-23 14:38:48.222	0013-0000-0368-1C1B	lorikmelin
2018-02-23 14:38:48.222	0013-0000-0368-1C1B	Merry-2015
2018-02-23 14:38:48.222	0013-0000-0368-1C1B	RuthlessMuzza
2018-02-23 14:38:48.222	0013-0000-0368-1C1B	Sagasio0962
2018-03-02 09:46:56.188	0014-0000-030F-A165	2kiruha93
2018-03-02 09:46:56.188	0014-0000-030F-A165	AMTCreeper
2018-03-02 09:46:56.188	0014-0000-030F-A165	anchorpaper
2018-03-02 09:46:56.188	0014-0000-030F-A165	bedinlabarrerem
2018-03-02 09:46:56.188	0014-0000-030F-A165	carloysanty
2018-03-02 09:46:56.188	0014-0000-030F-A165	Dracktal
2018-03-02 09:46:56.188	0014-0000-030F-A165	frode.odegard
2018-03-02 09:46:56.188	0014-0000-030F-A165	kai-the-joker
2018-03-02 09:46:56.188	0014-0000-030F-A165	KEVIN1898
2018-03-02 09:46:56.188	0014-0000-030F-A165	koukihi5
2018-03-02 09:46:56.188	0014-0000-030F-A165	lukaselcrack44
2018-03-02 09:46:56.188	0014-0000-030F-A165	manaboo6
2018-03-02 09:46:56.188	0014-0000-030F-A165	piotr0725
2018-03-02 09:46:56.188	0014-0000-030F-A165	Ricardolosano94
2018-03-02 09:46:56.188	0014-0000-030F-A165	ringo.ichigo615
2018-03-02 09:46:56.188	0014-0000-030F-A165	royallucky7
2018-03-02 09:46:56.188	0014-0000-030F-A165	sakura.f.324
2018-03-02 09:46:56.188	0014-0000-030F-A165	Shirunosu
2018-03-02 09:46:56.188	0014-0000-030F-A165	TNTletzplay
2018-03-02 09:46:56.188	0014-0000-030F-A165	tomoeomot
2018-03-02 09:46:56.188	0014-0000-030F-A165	TStan63
2018-03-02 09:46:56.188	0014-0000-030F-A165	YOLODANSR
2018-03-02 09:46:56.188	0014-0000-030F-A165	youko_o_1948
2018-03-02 09:46:56.188	0014-0000-030F-A165	yuyu-gohan
2018-03-02 09:46:58.258	0014-0000-0317-3190	Furemu1
2018-03-02 09:46:58.258	0014-0000-0317-3190	ganapp12
2018-03-02 09:46:58.258	0014-0000-0317-3190	hankwheels
2018-03-02 09:46:58.258	0014-0000-0317-3190	Heinz0405
2018-03-02 09:46:58.258	0014-0000-0317-3190	jennieren33
2018-03-02 09:46:58.258	0014-0000-0317-3190	keitherdude27
2018-03-02 09:46:58.258	0014-0000-0317-3190	Marcos8x
2018-03-02 09:46:58.258	0014-0000-0317-3190	mIkAhCrAfT04
2018-03-04 02:30:57.087	0014-0000-0317-3190	panzonloco6
2018-03-02 09:46:58.258	0014-0000-0317-3190	Rogers44
2018-03-02 09:46:58.258	0014-0000-0317-3190	sunskyspaceissy
2018-03-02 09:46:58.258	0014-0000-0317-3190	venommwg2
2018-03-02 09:46:58.258	0014-0000-0317-3190	vlamk12
2018-03-02 09:46:58.258	0014-0000-0317-3190	yucamaya
2017-12-18 14:48:07.106	0014-0000-0364-23CF	bryanmcdid
2017-12-18 14:48:07.106	0014-0000-0364-23CF	harhea
2017-12-18 14:48:07.106	0014-0000-0364-23CF	MarcoSau
2017-12-18 14:48:07.106	0014-0000-0364-23CF	matyakin
2017-12-18 14:48:07.106	0014-0000-0364-23CF	Sayunu
2018-03-02 09:46:59.956	0016-0000-0312-3657	0201ATNAK
2018-03-02 09:46:59.956	0016-0000-0312-3657	brandon06.fcb
2018-03-02 09:46:59.956	0016-0000-0312-3657	go_riku_go
2018-03-02 09:46:59.956	0016-0000-0312-3657	komachi.hibari
2018-03-02 09:46:59.956	0016-0000-0312-3657	kouki.h.91
2018-03-02 09:46:59.956	0016-0000-0312-3657	mirei300623
2018-03-02 09:46:59.956	0016-0000-0312-3657	neisan.yo
2018-03-02 09:46:59.956	0016-0000-0312-3657	REMRYU
2018-03-02 09:46:59.956	0016-0000-0312-3657	sora130618
2018-03-02 09:46:59.956	0016-0000-0312-3657	yuki115k
2018-03-02 09:46:59.956	0016-0000-0312-3657	yusora1001
2018-02-23 14:38:51.605	0016-0000-0321-6F72	EnzoLucciano
2018-02-23 14:38:51.605	0016-0000-0321-6F72	espectro7azteca
2018-02-23 14:38:51.605	0016-0000-0321-6F72	lucawolf234
2018-02-23 14:38:51.605	0016-0000-0321-6F72	marioman3
2018-02-23 14:38:51.605	0016-0000-0321-6F72	NesDave85
2018-02-23 14:38:51.605	0016-0000-0321-6F72	oscarettto
2018-02-23 14:38:51.605	0016-0000-0321-6F72	rinyui2005
2018-02-23 14:38:51.605	0016-0000-0321-6F72	shuna26
2018-02-23 14:38:51.605	0016-0000-0321-6F72	sugartaka0360
2018-02-23 14:38:51.605	0016-0000-0321-6F72	yuto124
2018-02-23 14:38:53.18	0016-0000-0350-DDA1	mrscottforrest
2017-11-16 16:24:05.842	0018-0000-032C-4CF6	ANGYGYARADOS
2017-11-16 16:24:05.842	0018-0000-032C-4CF6	butchthedog
2017-11-16 16:24:05.842	0018-0000-032C-4CF6	Dboy1120
2018-02-20 14:42:28.187	0018-0000-032C-4CF6	linlin51
2017-11-16 16:24:05.842	0018-0000-032C-4CF6	MathWizz
2017-12-15 15:12:15.147	0018-0000-032C-4CF6	popoibra
2017-11-16 16:24:05.842	0018-0000-032C-4CF6	Roolies13
2017-11-16 16:24:05.842	0018-0000-032C-4CF6	tangochaser
2017-11-16 16:24:05.842	0018-0000-032C-4CF6	Tzpi89
2018-02-20 14:42:28.187	0018-0000-032C-4CF6	WhaleSoup
2018-04-10 11:02:29.777	0018-0000-035D-AA5F	16cookiejar
2018-03-10 12:13:02.852	0018-0000-035D-AA5F	amaral_93230
2018-03-02 09:47:01.844	0018-0000-035D-AA5F	ballzerywher3
2018-03-02 09:47:01.844	0018-0000-035D-AA5F	Benni_Yoshi
2018-03-02 09:47:01.844	0018-0000-035D-AA5F	chubby_cheeks7
2018-03-02 09:47:01.844	0018-0000-035D-AA5F	DanielleMK
2018-03-02 09:47:01.844	0018-0000-035D-AA5F	FGTEEVzaky
2018-03-02 09:47:01.844	0018-0000-035D-AA5F	isidukitakumi
2018-03-02 09:47:01.844	0018-0000-035D-AA5F	jjh2906
2018-03-02 09:47:01.844	0018-0000-035D-AA5F	Lolboy3693
2018-03-02 09:47:01.844	0018-0000-035D-AA5F	lvkt06
2018-03-02 09:47:01.844	0018-0000-035D-AA5F	seanna111
2018-03-02 09:47:01.844	0018-0000-035D-AA5F	Sharkpiyo
2018-03-02 09:47:01.844	0018-0000-035D-AA5F	SYLVER_21
2018-03-02 09:47:01.844	0018-0000-035D-AA5F	Trisdinho
2018-03-02 09:47:03.451	0019-0000-0345-140C	CharlieBrown007
2018-03-02 09:47:03.451	0019-0000-0345-140C	darscen
2018-03-02 09:47:03.451	0019-0000-0345-140C	dinocar1
2018-03-02 09:47:03.451	0019-0000-0345-140C	gabo456gtz
2018-03-09 07:37:24.251	0019-0000-0345-140C	junsuga
2018-03-02 09:47:03.451	0019-0000-0345-140C	Lukederp
2018-03-02 09:47:03.451	0019-0000-0345-140C	mammut34
2018-03-02 09:47:03.451	0019-0000-0345-140C	masakatsu_0329
2018-03-02 09:47:03.451	0019-0000-0345-140C	mazimezlekia
2018-03-02 09:47:03.451	0019-0000-0345-140C	wyatt113001
2018-03-02 09:47:03.451	0019-0000-0345-140C	yuutoo5
2018-02-23 14:38:54.792	0019-0000-0356-8B8E	MichaelBaki
2018-02-23 14:38:54.792	0019-0000-0356-8B8E	romanechacha
2018-02-23 14:38:54.792	0019-0000-0356-8B8E	sakayu1000koken
2018-02-23 14:38:54.792	0019-0000-0356-8B8E	sebastiendas
2018-02-23 14:38:59.512	0019-0000-0369-496E	1418danieL
2018-02-23 14:38:59.512	0019-0000-0369-496E	1971simone
2018-03-01 08:56:29.601	0019-0000-0369-496E	4567rtydfghzxcvb
2018-02-23 14:38:59.512	0019-0000-0369-496E	alfredz
2018-02-23 14:38:59.512	0019-0000-0369-496E	anatole7
2018-02-23 14:38:59.512	0019-0000-0369-496E	AParsley
2018-03-01 08:56:29.601	0019-0000-0369-496E	arnolds721
2018-02-23 14:38:59.512	0019-0000-0369-496E	arturgouveia1975
2018-02-23 14:38:59.512	0019-0000-0369-496E	asherteng
2018-02-23 14:38:59.512	0019-0000-0369-496E	AwesomePup123
2018-02-23 14:38:59.512	0019-0000-0369-496E	babyaslan
2018-02-23 14:38:59.512	0019-0000-0369-496E	Basilika
2018-02-23 14:38:59.512	0019-0000-0369-496E	bikky613
2018-02-23 14:38:59.512	0019-0000-0369-496E	birdsandbohs
2018-02-23 14:38:59.512	0019-0000-0369-496E	Bredji
2018-02-23 14:38:59.512	0019-0000-0369-496E	Buffalo-G-BA12
2018-02-23 14:38:59.512	0019-0000-0369-496E	Busdriver422
2018-02-23 14:38:59.512	0019-0000-0369-496E	CAPTAIN.LEVl
2018-02-23 14:38:59.512	0019-0000-0369-496E	cattroo
2018-02-23 14:38:59.512	0019-0000-0369-496E	Checho2006
2018-03-01 08:56:29.601	0019-0000-0369-496E	coeur2017
2018-03-01 08:56:29.601	0019-0000-0369-496E	Conducteur59220
2018-02-23 14:38:59.512	0019-0000-0369-496E	CoolingLab
2018-03-01 08:56:29.601	0019-0000-0369-496E	CredibleCat
2018-02-23 14:38:59.512	0019-0000-0369-496E	damienclementflo
2018-02-23 14:38:59.512	0019-0000-0369-496E	DANIELSALABARRIA
2018-03-01 08:56:29.601	0019-0000-0369-496E	deg066
2018-02-23 14:38:59.512	0019-0000-0369-496E	Didi_com_pao
2018-02-23 14:38:59.512	0019-0000-0369-496E	dtgametime
2018-02-23 14:38:59.512	0019-0000-0369-496E	eduardo619
2018-02-23 14:38:59.512	0019-0000-0369-496E	Elmgnfc
2018-02-23 14:38:59.512	0019-0000-0369-496E	eloz34
2018-02-23 14:38:59.512	0019-0000-0369-496E	elrubiusOMG51234
2018-02-23 14:38:59.512	0019-0000-0369-496E	enzozo59
2018-02-23 20:10:41.73	0019-0000-0369-496E	FaithNFirePower
2018-02-23 14:38:59.512	0019-0000-0369-496E	FelixF
2018-02-23 14:38:59.512	0019-0000-0369-496E	flaviorayo2638
2018-02-23 14:38:59.512	0019-0000-0369-496E	flechita
2018-02-23 14:38:59.512	0019-0000-0369-496E	fraise52
2018-02-23 14:38:59.512	0019-0000-0369-496E	gaga654321
2018-02-23 14:38:59.512	0019-0000-0369-496E	gaku.y321
2018-02-23 14:38:59.512	0019-0000-0369-496E	Hachikowauwau
2018-03-07 06:25:49.812	0019-0000-0369-496E	happy_maron
2018-02-23 14:38:59.512	0019-0000-0369-496E	Henryttkgh
2018-02-23 14:38:59.512	0019-0000-0369-496E	hosokihellkazuko
2018-02-23 14:38:59.512	0019-0000-0369-496E	h_w1101
2018-02-23 14:38:59.512	0019-0000-0369-496E	idris-vincent
2018-02-23 14:38:59.512	0019-0000-0369-496E	iishaing
2018-02-23 14:38:59.512	0019-0000-0369-496E	IsaacRay2010
2018-02-23 14:38:59.512	0019-0000-0369-496E	jodo_baggins
2018-02-23 14:38:59.512	0019-0000-0369-496E	jolete123
2018-02-23 14:38:59.512	0019-0000-0369-496E	josephandbennett
2018-02-23 14:38:59.512	0019-0000-0369-496E	kaniRYUKI
2018-02-23 14:38:59.512	0019-0000-0369-496E	klm519
2018-02-23 14:38:59.512	0019-0000-0369-496E	klosowski0
2018-02-23 14:38:59.512	0019-0000-0369-496E	K.SOUJIRO
2018-02-23 14:38:59.512	0019-0000-0369-496E	kyliann123
2018-02-23 14:38:59.512	0019-0000-0369-496E	LFC1979
2018-02-23 14:38:59.512	0019-0000-0369-496E	licornefeerique
2018-02-23 14:38:59.512	0019-0000-0369-496E	lilyellowzekron
2018-02-23 14:38:59.512	0019-0000-0369-496E	Limbling
2018-02-23 14:38:59.512	0019-0000-0369-496E	loganskis
2018-02-23 14:38:59.512	0019-0000-0369-496E	mario-tomoya
2018-02-23 14:38:59.512	0019-0000-0369-496E	Megahugo2000
2018-02-23 14:38:59.512	0019-0000-0369-496E	Melissa-Joey
2018-02-23 14:38:59.512	0019-0000-0369-496E	mgjEmperorJC
2018-02-23 14:38:59.512	0019-0000-0369-496E	miguelangelstk
2018-02-23 14:38:59.512	0019-0000-0369-496E	minhasmanas
2018-02-23 14:38:59.512	0019-0000-0369-496E	momo62210
2018-02-23 14:38:59.512	0019-0000-0369-496E	Mythra69
2018-02-23 14:38:59.512	0019-0000-0369-496E	Nemu84
2018-02-23 14:38:59.512	0019-0000-0369-496E	Nihil255
2018-02-23 14:38:59.512	0019-0000-0369-496E	noah-et-nala
2018-02-23 14:38:59.512	0019-0000-0369-496E	noramonster
2018-02-23 14:38:59.512	0019-0000-0369-496E	Papyrus1601
2018-02-23 14:38:59.512	0019-0000-0369-496E	patoche2
2018-02-23 14:38:59.512	0019-0000-0369-496E	petertorun
2018-02-23 14:38:59.512	0019-0000-0369-496E	purfikt
2018-02-23 14:38:59.512	0019-0000-0369-496E	Raphaelalmeida
2018-02-23 14:38:59.512	0019-0000-0369-496E	Raylond2008
2018-02-23 14:38:59.512	0019-0000-0369-496E	retramonguero
2018-02-23 14:38:59.512	0019-0000-0369-496E	rodolfero
2018-02-23 14:38:59.512	0019-0000-0369-496E	rui380
2018-02-23 14:38:59.512	0019-0000-0369-496E	ryonhina0528
2018-02-23 14:38:59.512	0019-0000-0369-496E	ShrewManChew777
2018-02-23 14:38:59.512	0019-0000-0369-496E	shuneva0922
2018-03-01 08:56:29.601	0019-0000-0369-496E	sioux4
2018-02-23 14:38:59.512	0019-0000-0369-496E	sirmarqes
2018-02-23 14:38:59.512	0019-0000-0369-496E	skull2178
2018-02-23 14:38:59.512	0019-0000-0369-496E	sozayujonzay12
2018-02-23 14:38:59.512	0019-0000-0369-496E	SteveDashOh
2018-02-23 14:38:59.512	0019-0000-0369-496E	Symaza
2018-02-23 14:38:59.512	0019-0000-0369-496E	tc.coeur
2018-02-23 14:38:59.512	0019-0000-0369-496E	Tchad7
2018-02-23 14:38:59.512	0019-0000-0369-496E	TerraWolf82
2018-02-23 14:38:59.512	0019-0000-0369-496E	ThorFN
2018-02-23 14:38:59.512	0019-0000-0369-496E	Tomo.Y_1129
2018-02-23 14:38:59.512	0019-0000-0369-496E	toncapone25
2018-02-23 14:38:59.512	0019-0000-0369-496E	umecchi
2018-02-23 14:38:59.512	0019-0000-0369-496E	w-03.vvv
2018-02-23 14:38:59.512	0019-0000-0369-496E	weepingjester
2018-02-23 14:38:59.512	0019-0000-0369-496E	xX_2KUL4SKUL_Xx
2018-02-23 14:38:59.512	0019-0000-0369-496E	Youtakun.v
2018-02-23 14:38:59.512	0019-0000-0369-496E	yuse8253
2018-03-01 08:56:29.601	0019-0000-0369-496E	zippyseven
2018-02-23 14:38:59.512	0019-0000-0369-496E	Zz_Toad_zZ
2018-01-02 07:08:26.188	001B-0000-0317-2E6C	11DREAMERZ11
2017-12-18 14:48:10.154	001B-0000-0317-2E6C	98Stark14
2017-12-18 14:48:10.154	001B-0000-0317-2E6C	alexcnm00
2017-12-18 14:48:10.154	001B-0000-0317-2E6C	Alexis-ManU
2017-12-18 14:48:10.154	001B-0000-0317-2E6C	AlondraGuevara
2017-12-18 14:48:10.154	001B-0000-0317-2E6C	art1084
2017-12-18 14:48:10.154	001B-0000-0317-2E6C	Aydin1964
2017-12-18 14:48:10.154	001B-0000-0317-2E6C	BaardBaard
2017-12-18 14:48:10.154	001B-0000-0317-2E6C	babycroomes
2017-12-18 14:48:10.154	001B-0000-0317-2E6C	BigBoss4602
2017-12-18 14:48:10.154	001B-0000-0317-2E6C	Bingokrauser87
2017-12-18 14:48:10.154	001B-0000-0317-2E6C	bluedanny42
2018-04-10 11:02:24.12	001B-0000-0317-2E6C	Byrddtrader
2017-12-18 14:48:10.154	001B-0000-0317-2E6C	clebinhoipira
2017-12-18 14:48:10.154	001B-0000-0317-2E6C	DemonScrade
2017-12-18 14:48:10.154	001B-0000-0317-2E6C	DingleDan86
2017-12-18 14:48:10.154	001B-0000-0317-2E6C	ferannejamie
2017-12-18 14:48:10.154	001B-0000-0317-2E6C	Feuxdelamoule
2018-02-20 14:42:48.837	001B-0000-0317-2E6C	filip201
2017-12-18 14:48:10.154	001B-0000-0317-2E6C	firefly5678
2017-12-18 14:48:10.154	001B-0000-0317-2E6C	FutileSpade1776
2017-12-18 14:48:10.154	001B-0000-0317-2E6C	game5781
2017-12-18 14:48:10.154	001B-0000-0317-2E6C	HAYA-UTAROU
2018-02-20 14:42:48.837	001B-0000-0317-2E6C	HIDE20
2017-12-18 14:48:10.154	001B-0000-0317-2E6C	hikarutakeru1109
2017-12-18 14:48:10.154	001B-0000-0317-2E6C	hm1952
2017-12-18 14:48:10.154	001B-0000-0317-2E6C	hrdavis
2017-12-18 14:48:10.154	001B-0000-0317-2E6C	Jackmanmetal
2017-12-18 14:48:10.154	001B-0000-0317-2E6C	Jacksonovff
2017-12-18 14:48:10.154	001B-0000-0317-2E6C	javi2112
2017-12-18 14:48:10.154	001B-0000-0317-2E6C	KeaganRS1
2018-04-10 11:02:24.12	001B-0000-0317-2E6C	Kevon149
2017-12-18 14:48:10.154	001B-0000-0317-2E6C	kikediego
2018-02-20 14:42:48.837	001B-0000-0317-2E6C	kimuniya
2018-04-10 11:02:24.12	001B-0000-0317-2E6C	kotarou-2015-11
2017-12-18 14:48:10.154	001B-0000-0317-2E6C	krisiavasq
2017-12-18 14:48:10.154	001B-0000-0317-2E6C	Mats3209
2017-12-18 14:48:10.154	001B-0000-0317-2E6C	McMontalvo
2017-12-18 14:48:10.154	001B-0000-0317-2E6C	Netway2005
2017-12-18 14:48:10.154	001B-0000-0317-2E6C	nukajo
2017-12-18 14:48:10.154	001B-0000-0317-2E6C	oskarn06
2018-01-17 00:07:02.636	001B-0000-0317-2E6C	Rissass
2017-12-18 14:48:10.154	001B-0000-0317-2E6C	RJO221
2017-12-18 14:48:10.154	001B-0000-0317-2E6C	rosso0803
2017-12-18 14:48:10.154	001B-0000-0317-2E6C	samielynn1020
2017-12-18 14:48:10.154	001B-0000-0317-2E6C	sam-v-brenk
2017-12-18 14:48:10.154	001B-0000-0317-2E6C	SANA5025
2017-12-18 14:48:10.154	001B-0000-0317-2E6C	sansic400
2018-03-01 08:56:22.913	001B-0000-0317-2E6C	santiagomiedo
2018-04-10 11:02:24.12	001B-0000-0317-2E6C	schnucko95
2017-12-18 14:48:10.154	001B-0000-0317-2E6C	smashu1
2017-12-18 14:48:10.154	001B-0000-0317-2E6C	sp.stefan
2017-12-18 14:48:10.154	001B-0000-0317-2E6C	spunkybabes
2017-12-18 14:48:10.154	001B-0000-0317-2E6C	sshenanigansssss
2017-12-18 14:48:10.154	001B-0000-0317-2E6C	stardiscovery12
2017-12-18 14:48:10.154	001B-0000-0317-2E6C	stlarianator
2018-04-10 11:02:24.12	001B-0000-0317-2E6C	syu-tanttan
2017-12-18 14:48:10.154	001B-0000-0317-2E6C	tama.07310
2017-12-18 14:48:10.154	001B-0000-0317-2E6C	Tatsuya071717
2017-12-18 14:48:10.154	001B-0000-0317-2E6C	Tee1983
2017-12-18 14:48:10.154	001B-0000-0317-2E6C	Th3R3a1Sc00bs
2017-12-18 14:48:10.154	001B-0000-0317-2E6C	vuljanicrobi
2017-12-18 14:48:10.154	001B-0000-0317-2E6C	yamato.o
2017-12-18 14:48:10.154	001B-0000-0317-2E6C	zehmota
2017-12-18 14:48:11.584	001C-0000-0340-EA7C	maleflat
2017-12-18 14:48:13.466	001D-0000-033F-5C78	777ANGELO777
2017-12-19 14:49:49.15	001D-0000-033F-5C78	Adru04
2017-12-18 14:48:13.466	001D-0000-033F-5C78	andrewraptor
2017-12-18 14:48:13.466	001D-0000-033F-5C78	ColemanFam11
2017-12-18 14:48:13.466	001D-0000-033F-5C78	Dante00Kris
2018-01-02 07:08:29.191	001D-0000-033F-5C78	DeborahTefera
2018-01-31 14:38:10.869	001D-0000-033F-5C78	hibisuke1915
2017-12-18 14:48:13.466	001D-0000-033F-5C78	isaiah1991
2017-12-18 14:48:13.466	001D-0000-033F-5C78	jamescjarvis
2017-12-18 14:48:13.466	001D-0000-033F-5C78	juliana7402
2017-12-18 14:48:13.466	001D-0000-033F-5C78	kazyukun43
2018-01-31 14:38:10.869	001D-0000-033F-5C78	L4shoes
2017-12-18 14:48:13.466	001D-0000-033F-5C78	Mr.Hobo2000
2017-12-18 14:48:13.466	001D-0000-033F-5C78	ninnikuosyou
2017-12-18 14:48:13.466	001D-0000-033F-5C78	plasmagby
2017-12-18 14:48:13.466	001D-0000-033F-5C78	superdudekyle
2017-12-18 14:48:13.466	001D-0000-033F-5C78	Zwizzforce
2017-12-18 14:48:15.233	001D-0000-0343-A513	BloodFalcon4
2017-12-18 14:48:15.233	001D-0000-0343-A513	IVIDIVER
2017-12-18 14:48:15.233	001D-0000-0343-A513	luigi572
2017-12-18 14:48:15.233	001D-0000-0343-A513	masu531
2017-12-18 14:48:15.233	001D-0000-0343-A513	pilou59710
2017-12-18 14:48:15.233	001D-0000-0343-A513	quasimodo83
2017-12-18 14:48:15.233	001D-0000-0343-A513	wolverinecanada
2017-12-18 14:48:15.233	001D-0000-0343-A513	xixi402
2018-03-02 09:47:05.451	001D-0000-0348-0A6C	61family
2018-03-02 09:47:05.451	001D-0000-0348-0A6C	861239
2018-03-02 09:47:05.451	001D-0000-0348-0A6C	arjen-112233
2018-03-02 09:47:05.451	001D-0000-0348-0A6C	bams58
2018-03-02 09:47:05.451	001D-0000-0348-0A6C	kawanoryuu
2018-03-02 09:47:05.451	001D-0000-0348-0A6C	Poiopoio
2018-03-02 09:47:05.451	001D-0000-0348-0A6C	simbavyvy
2018-03-02 09:47:05.451	001D-0000-0348-0A6C	tgilbert3
2018-03-02 09:47:05.451	001D-0000-0348-0A6C	tibodo
2018-01-31 14:38:13.529	001D-0000-034A-5480	03yuipon03
2018-01-02 07:08:32.068	001D-0000-034A-5480	awesomestrotman
2017-12-18 14:48:17.182	001D-0000-034A-5480	Demrox89
2017-12-18 14:48:17.182	001D-0000-034A-5480	Eizo67
2017-12-18 14:48:17.182	001D-0000-034A-5480	ELDINIE
2017-12-18 14:48:17.182	001D-0000-034A-5480	e-mountain
2017-12-18 14:48:17.182	001D-0000-034A-5480	JaxWylder
2017-12-18 14:48:17.182	001D-0000-034A-5480	kaos_cjlm
2017-12-18 14:48:17.182	001D-0000-034A-5480	lar_sen2000
2017-12-18 14:48:17.182	001D-0000-034A-5480	masterniko19
2017-12-18 14:48:17.182	001D-0000-034A-5480	matt4645
2017-12-18 14:48:17.182	001D-0000-034A-5480	nathan_ohlendorf
2017-12-18 14:48:17.182	001D-0000-034A-5480	natuji
2017-12-18 14:48:17.182	001D-0000-034A-5480	rodalva
2018-01-13 06:14:40.135	001D-0000-034A-5480	Said_Talha
2017-12-18 14:48:17.182	001D-0000-034A-5480	seppe27
2017-12-18 14:48:17.182	001D-0000-034A-5480	syochan0128
2017-12-18 14:48:17.182	001D-0000-034A-5480	TuomoT
2017-12-18 14:48:17.182	001D-0000-034A-5480	Wattledcrane
2017-12-18 14:48:17.182	001D-0000-034A-5480	yoko1977yoko
2017-12-18 14:48:19.286	001F-0000-0335-592E	Nickizzles
2017-12-18 14:48:19.286	001F-0000-0335-592E	yusef24
2018-03-02 09:47:07.548	001F-0000-0340-28CF	1splee16
2018-03-02 09:47:07.548	001F-0000-0340-28CF	a1i2r4u
2018-03-02 09:47:07.548	001F-0000-0340-28CF	AaronBaucom
2018-03-02 09:47:07.548	001F-0000-0340-28CF	Amanda.Rae345
2018-03-02 09:47:07.548	001F-0000-0340-28CF	BrodieMonkey
2018-03-02 09:47:07.548	001F-0000-0340-28CF	denisesimone
2018-03-02 09:47:07.548	001F-0000-0340-28CF	dewi21
2018-03-02 09:47:07.548	001F-0000-0340-28CF	drewchristopher
2018-03-02 09:47:07.548	001F-0000-0340-28CF	giomatty
2018-03-02 09:47:07.548	001F-0000-0340-28CF	Gray_Toast
2018-03-02 09:47:07.548	001F-0000-0340-28CF	GrizzlyAdams26
2018-03-02 09:47:07.548	001F-0000-0340-28CF	HIHAKOJUN
2018-03-02 09:47:07.548	001F-0000-0340-28CF	jcmullins4
2018-03-02 09:47:07.548	001F-0000-0340-28CF	lynder04
2018-03-02 09:47:07.548	001F-0000-0340-28CF	Mkdennis85
2018-03-02 09:47:07.548	001F-0000-0340-28CF	mry073017
2018-03-02 09:47:07.548	001F-0000-0340-28CF	Nethxa
2018-03-02 09:47:07.548	001F-0000-0340-28CF	novasolid
2018-03-02 09:47:07.548	001F-0000-0340-28CF	nrhagen
2018-03-02 09:47:07.548	001F-0000-0340-28CF	N-TATUTO
2018-03-02 09:47:07.548	001F-0000-0340-28CF	papayeto
2018-03-02 09:47:07.548	001F-0000-0340-28CF	revolv23
2018-03-02 09:47:07.548	001F-0000-0340-28CF	skynyrd77
2018-03-12 12:09:15.473	001F-0000-0340-28CF	sparky3434
2018-03-02 09:47:07.548	001F-0000-0340-28CF	Stoli23
2018-03-02 09:47:07.548	001F-0000-0340-28CF	tbuddy2010
2018-03-02 09:47:07.548	001F-0000-0340-28CF	yahir.com.mx
2018-03-02 09:47:07.548	001F-0000-0340-28CF	youma2020
2018-03-02 09:47:07.548	001F-0000-0340-28CF	yoyoyoittro123
2018-03-02 09:47:09.236	001F-0000-0356-D7F7	alexander120204
2018-03-02 09:47:09.236	001F-0000-0356-D7F7	iijima1121
2018-03-02 09:47:09.236	001F-0000-0356-D7F7	jannisr8
2018-03-02 09:47:09.236	001F-0000-0356-D7F7	JE05RE07ZA24NO
2018-03-02 09:47:09.236	001F-0000-0356-D7F7	Katalina-DuBois
2018-03-02 09:47:09.236	001F-0000-0356-D7F7	meandjoue
2018-03-02 09:47:11.791	0020-0000-0326-159A	2131113
2018-03-02 09:47:11.791	0020-0000-0326-159A	2stars
2018-03-02 09:47:11.791	0020-0000-0326-159A	883143
2018-04-10 11:02:37.389	0020-0000-0326-159A	a7xbassgod
2018-03-02 09:47:11.791	0020-0000-0326-159A	anderh1z1
2018-03-02 09:47:11.791	0020-0000-0326-159A	atuki2008
2018-03-02 09:47:11.791	0020-0000-0326-159A	bokuhetalia12
2018-03-02 09:47:11.791	0020-0000-0326-159A	Brooke2K8
2018-03-02 09:47:11.791	0020-0000-0326-159A	Buschie
2018-04-10 11:02:37.389	0020-0000-0326-159A	CherryCorgial
2018-03-02 09:47:11.791	0020-0000-0326-159A	Cole0623
2018-03-02 09:47:11.791	0020-0000-0326-159A	da1andonlyduo
2018-03-02 09:47:11.791	0020-0000-0326-159A	DavidBoss10
2018-03-02 09:47:11.791	0020-0000-0326-159A	Edgiercrane96
2018-03-02 09:47:11.791	0020-0000-0326-159A	freakincrazy1
2018-03-02 09:47:11.791	0020-0000-0326-159A	hankati
2018-03-02 09:47:11.791	0020-0000-0326-159A	Havelbiker2912
2018-03-02 09:47:11.791	0020-0000-0326-159A	jessy200402
2018-03-02 09:47:11.791	0020-0000-0326-159A	joe47771
2018-03-02 09:47:11.791	0020-0000-0326-159A	Joseman05
2018-03-02 09:47:11.791	0020-0000-0326-159A	kounut
2018-03-02 09:47:11.791	0020-0000-0326-159A	leandro241107
2018-03-02 09:47:11.791	0020-0000-0326-159A	leftynao2015
2018-03-02 09:47:11.791	0020-0000-0326-159A	Linz15432
2018-03-02 09:47:11.791	0020-0000-0326-159A	MAGGOT44
2018-03-02 09:47:11.791	0020-0000-0326-159A	mashi21jp
2018-03-02 09:47:11.791	0020-0000-0326-159A	Michu_2711
2018-03-02 09:47:11.791	0020-0000-0326-159A	Nightblade9616
2018-03-02 09:47:11.791	0020-0000-0326-159A	paulinasanchezlu
2018-03-02 09:47:11.791	0020-0000-0326-159A	rennto529
2018-03-02 09:47:11.791	0020-0000-0326-159A	ritch0
2018-03-02 09:47:11.791	0020-0000-0326-159A	Rocknrolla1201
2018-03-02 09:47:11.791	0020-0000-0326-159A	snowball232
2018-04-10 11:02:37.389	0020-0000-0326-159A	somanana
2018-03-02 09:47:11.791	0020-0000-0326-159A	SuperDjay
2018-03-02 09:47:11.791	0020-0000-0326-159A	superhornet13
2018-03-02 09:47:11.791	0020-0000-0326-159A	Superlimi
2018-03-02 09:47:11.791	0020-0000-0326-159A	tmmtny
2018-03-02 09:47:11.791	0020-0000-0326-159A	tntd1435
2018-03-02 09:47:11.791	0020-0000-0326-159A	Victoria687051
2018-03-02 09:47:11.791	0020-0000-0326-159A	WIIMoustique
2018-03-02 09:47:11.791	0020-0000-0326-159A	WoodenMonster
2018-03-02 09:47:11.791	0020-0000-0326-159A	YoshiGamer17
2018-03-02 09:47:14.433	0020-0000-0361-E77A	200Reaper
2018-03-02 09:47:14.433	0020-0000-0361-E77A	amcleod23
2018-03-12 19:37:24.668	0020-0000-0361-E77A	louvis
2018-03-02 09:47:14.433	0020-0000-0361-E77A	amytyree
2018-03-02 09:47:14.433	0020-0000-0361-E77A	ben7339
2018-04-10 11:02:39.394	0020-0000-0361-E77A	buddy1943indiana
2018-03-02 09:47:14.433	0020-0000-0361-E77A	Capt.Dad2
2018-04-10 11:02:39.394	0020-0000-0361-E77A	cheadrn
2018-03-02 09:47:14.433	0020-0000-0361-E77A	coltniterfg
2018-03-02 09:47:14.433	0020-0000-0361-E77A	darkmador
2018-03-02 09:47:14.433	0020-0000-0361-E77A	dekiiv86
2018-03-02 09:47:14.433	0020-0000-0361-E77A	DenizenOfTheAges
2018-03-02 09:47:14.433	0020-0000-0361-E77A	DespairToko
2018-03-02 09:47:14.433	0020-0000-0361-E77A	dupontchristophe
2018-04-10 11:02:39.394	0020-0000-0361-E77A	eito0612
2018-03-02 09:47:14.433	0020-0000-0361-E77A	fandebanana-man
