2017-11-16 14:45:36.703	079D-0000-0351-17E2	SGK2017		1	16	0	2	58	3.44
2017-11-16 14:45:38.342	07CD-0000-030D-EA60	emerson1312		1	22	0	2	120	1.66
2017-11-16 14:45:40.259	07F7-0000-030F-A51B	jacobrw420		9	69	0	7	903	0.77
2017-11-16 14:45:42.023	080E-0000-0307-A394	Alef_Nascimento		2	27	0	4	93	4.3
2017-11-16 14:45:43.414	082F-0000-0358-A218	Thunder8966		1	11	0	2	19	10.52
2017-11-16 14:45:45.674	0830-0000-0353-D322	upsettingwaif40		1	13	0	6	45	13.33
2017-11-16 14:45:47.186	0833-0000-0357-690F	CupOfDaniel		2	13	0	10	26	38.46
2017-11-16 14:45:48.712	085F-0000-0364-6DA1	kiyomasa1126		1	10	0	5	26	19.23
2017-11-16 14:45:50.202	0861-0000-0353-6FC4	supermom7		2	22	0	16	50	32
2017-11-16 14:45:51.616	0873-0000-033C-96A6	tankmaster1991		1	18	0	9	47	19.14
2017-11-16 14:45:53.207	0880-0000-0341-CA17	Marioghost8		1	15	0	8	53	15.09
2017-11-16 14:45:55.104	08AC-0000-0303-AB1D	dellbox2		2	24	0	20	29	68.96
2017-11-16 14:46:00.433	08AF-0000-030D-BD5F	masatakuharuaka		1	25	0	21	73	28.76
2017-11-16 14:46:03.02	090E-0000-0316-8159	bmhasher		1	19	0	16	59	27.11
2017-11-16 14:46:04.309	091D-0000-035D-58F2	NNID.Dougherty		1	17	0	3	59	5.08
2017-11-16 14:46:05.873	0927-0000-0348-8478			1	20	0	0	91	0
2017-11-16 14:46:09.417	0934-0000-034B-65DE	Sendar21	Costume	104	588	0	130	1601	8.11
2017-11-16 14:46:11.544	093A-0000-0358-2EA9	shingenki1220		2	19	0	12	82	14.63
2017-11-16 14:46:13.688	0967-0000-034B-4970	Evan.t.ace		3	24	0	23	31	74.19
2017-11-16 14:46:15.406	097B-0000-032D-69C1	Kosten		1	26	0	3	80	3.75
2017-11-16 14:46:16.681	097D-0000-033E-4E04	Limoeiro	Traditional	6	28	0	3	235	1.27
2017-11-16 14:46:18.312	0983-0000-0351-C92F	nicholascouri		2	25	0	15	121	12.39
2017-11-16 14:46:20.05	0992-0000-032D-600C	musicmaker73		2	18	0	8	54	14.81
2017-11-16 14:46:22.039	0994-0000-0322-B63E	Kosten	Traditional	15	79	0	20	474	4.21
2017-11-16 14:46:23.598	09AC-0000-034B-982B	terupon1		2	24	0	15	143	10.48
2017-11-16 14:46:25.238	09B6-0000-034B-4D15	bigstar_c83		1	16	0	2	54	3.7
2017-11-16 14:46:27.668	09ED-0000-033F-B7E1	Dizzylzzy		4	17	0	3	65	4.61
2017-11-16 14:46:29.253	0A0C-0000-033D-0714	Nitoro1009		3	28	0	13	49	26.53
2017-11-16 14:46:30.435	0A40-0000-0358-A69E	CAKE.com		2	15	0	3	37	8.1
2017-11-16 14:46:32.265	0A4B-0000-030F-42DB	DonTheGrizzlyMan		3	38	0	14	160	8.75
2017-11-16 14:46:33.648	0A60-0000-0306-DFE1	PedroW29		2	31	0	4	164	2.43
2017-11-16 14:46:35.29	0A6D-0000-0316-9747	Olli090		2	36	0	2	145	1.37
2017-11-16 14:46:37.015	0A6E-0000-032F-44A3	holly_boone		2	26	0	15	80	18.75
2017-11-16 14:46:41.184	0A70-0000-0320-E3EE	valenkar		4	46	0	32	118	27.11
2017-11-16 14:46:42.604	0A7C-0000-0349-0A58	Borjiwiwis		1	16	0	16	19	84.21
2017-11-16 14:46:46.013	0A84-0000-0339-EBB1	Katzzzz	Puzzle	125	887	0	109	3091	3.52
2017-11-16 14:46:48.306	0A98-0000-0355-EE81	higashiniike		2	12	0	2	55	3.63
2017-11-16 14:46:49.867	0A9E-0000-0363-810E	Musty24		1	16	0	13	29	44.82
2017-11-16 14:46:51.364	0AB3-0000-0339-AAF5	paytonmay		1	18	0	16	23	69.56
2017-11-16 14:46:54.618	0ABE-0000-0308-7103	romainperset		4	38	0	21	60	35
2017-11-16 14:46:56.401	0AC3-0000-033B-57A8	marciojuliao		2	22	0	9	69	13.04
2017-11-16 14:46:58.092	0AE8-0000-035C-5971	panzhomaker		3	20	0	3	114	2.63
2017-11-16 14:47:00.188	0B14-0000-036A-19FE	Joelnkimberly		4	11	0	11	22	50
2017-11-16 14:47:01.818	0B1B-0000-032E-E6F4	agsonsilva	Dash	3	36	1	5	163	3.06
2017-11-16 14:47:03.18	0B56-0000-0357-6303	MaxU360		1	16	0	2	35	5.71
2017-11-16 14:47:05.028	0B61-0000-034A-6186	super.doldo640		5	33	0	18	78	23.07
2017-11-16 14:47:09.037	0B64-0000-031C-A3B1	RINA2345		2	33	0	3	117	2.56
2017-11-16 14:47:11.056	0B69-0000-0324-4E6A	nixerkg	Traditional	13	88	0	34	247	13.76
2017-11-16 14:47:12.918	0B74-0000-0333-F9DE	Unknown_www		3	27	0	6	78	7.69
2017-11-16 14:47:15.037	0B7E-0000-0308-73B4	AE4WiiU		6	60	0	40	203	19.7
2017-11-16 14:47:17.617	0BA3-0000-035A-2768	507039		3	42	0	33	185	17.83
2017-11-16 14:47:20.332	0BBD-0000-0338-74EF	marciojuliao		5	41	0	5	180	2.77
2017-11-16 14:47:22.022	0BD1-0000-0339-3024	kjcss3270		1	30	0	7	70	10
2017-11-16 14:47:23.467	0C12-0000-0351-9EDF	lovefamily3		1	14	0	6	36	16.66
2017-11-16 14:47:25.08	0C32-0000-0334-EDAD	kawabataakira		1	21	0	3	144	2.08
2017-11-16 14:47:26.796	0C8F-0000-0338-11C1	RokiLP		1	21	0	13	97	13.4
2017-11-16 14:47:28.9	0CCF-0000-030B-6C68	DavidProductions		2	34	0	19	107	17.75
2017-11-16 14:47:32.459	0CE8-0000-035D-1CD8	DonTheGrizzlyMan		5	26	0	20	77	25.97
2017-11-16 14:47:33.913	0CEE-0000-034C-A811	berryexplosion58		2	21	0	7	85	8.23
2017-11-16 14:47:35.111	0D04-0000-0361-914D	lucca719		1	14	0	13	29	44.82
2017-11-16 14:47:37.981	0D18-0000-0331-2A18	TitanTerezu	Traditional	19	98	0	53	207	25.6
2017-11-16 14:47:39.613	0D1F-0000-035C-611C	sorexeur		1	11	0	5	37	13.51
2017-11-16 14:47:41.817	0D48-0000-0363-8CC0	fowler1990		2	14	0	8	17	47.05
2017-11-16 14:47:44.215	0DA8-0000-0368-A724	BouncingBenno		1	11	0	6	68	8.82
2017-11-16 14:47:45.725	0DB6-0000-033F-429F	themook7		1	15	0	4	42	9.52
2017-11-16 14:47:47.451	0DCA-0000-0312-AD9B	mario-tomoya		5	40	0	8	160	5
2017-11-16 14:47:48.946	0DDC-0000-0319-C3A1	lobotomite25		2	24	0	7	75	9.33
2017-11-16 14:47:50.482	0DF3-0000-032D-6360	MILLIONAIRE19		1	21	0	15	49	30.61
2017-11-16 14:47:51.986	0E23-0000-0345-3E05	PitokoParrudo666		1	21	0	6	88	6.81
2017-11-16 14:47:57.066	0E83-0000-0330-0ECA	agsonsilva		20	101	0	21	1356	1.54
2017-11-16 14:47:58.374	0EC4-0000-035B-91F7			3	24	0	0	192	0
2017-11-16 14:47:59.778	0F17-0000-0342-5DD9	kosaaito		2	24	0	3	112	2.67
2017-11-16 14:48:01.637	0F1E-0000-0340-2001	Firzen592798	Autoscroll	11	51	0	12	192	6.25
2017-11-16 14:48:03.011	0F6B-0000-034D-DB6E	eribra1968		1	10	0	4	53	7.54
2017-11-16 14:48:05.702	0FE8-0000-02FF-B716	sparkswolf69		2	28	0	25	44	56.81
2017-11-16 14:48:07.369	0FEE-0000-0364-19AC	apoc_ze		2	16	0	9	55	16.36
2017-11-16 14:48:09.411	103B-0000-033E-70A4	adsosabado	Theme	17	100	0	28	258	10.85
2017-11-16 14:48:10.934	1041-0000-0365-F94D	jordandevore1		3	19	0	10	73	13.69
2017-11-16 14:48:12.263	1045-0000-033F-49BA	RZudomon		2	22	0	4	272	1.47
2017-11-16 14:48:14.353	1050-0000-0331-FABB	key760		1	11	0	6	13	46.15
2017-11-16 14:48:16.511	105C-0000-0338-778E	icugamer		5	38	0	17	73	23.28
2017-11-16 14:48:19.602	1082-0000-0343-B78A	MIKESHADOWMIKE		1	19	0	4	39	10.25
2017-11-16 14:48:20.966	10EF-0000-0341-BCCE	RingoTongo		1	21	0	5	64	7.81
2017-11-16 14:48:22.07	1110-0000-030B-D094	Spookeronis		1	19	0	10	78	12.82
2017-11-16 14:48:23.722	1171-0000-0303-C4D9	sharionh		1	18	0	8	91	8.79
2017-11-16 14:48:25.391	11FE-0000-0316-8BEC	LuckyKurai		8	42	0	28	449	6.23
2017-11-16 14:48:27.037	120B-0000-0324-F667	Blokun		2	15	0	6	22	27.27
2017-11-16 14:48:30.616	1242-0000-034F-2953	B4N4N4	Costume	73	486	0	73	1557	4.68
2017-11-16 14:48:32.223	1275-0000-0357-157B	tfwtk303		1	13	0	1	35	2.85
2017-11-16 14:48:33.865	127B-0000-033A-0CA5	AE4WiiU		2	17	0	2	55	3.63
2017-11-16 14:48:35.409	1283-0000-0362-2CB6	jeffl97		11	55	0	21	961	2.18
2017-11-16 14:48:38.707	1290-0000-032B-AD32	sandas312		18	160	0	80	941	8.5
2017-11-16 14:48:43.407	12B9-0000-0344-156E	nimportequi		3	30	0	11	142	7.74
2017-11-16 14:48:45.363	12DB-0000-0317-5E04	kotone0301	Dash	4	46	0	6	190	3.15
2017-11-16 14:48:46.86	12F5-0000-034A-0706	dellbox2		1	12	0	10	27	37.03
2017-11-16 14:48:48.356	1305-0000-0325-7780	WIIMoustique		3	26	0	12	45	26.66
2017-11-16 14:48:49.978	1305-0000-0357-8E36	jacobrw420		6	40	0	5	194	2.57
2017-11-16 14:48:51.667	1308-0000-0359-B160	MaxProGamers		2	11	0	5	50	10
2017-11-16 14:48:54.331	1323-0000-033E-8A6F	O.Yuna.1210		2	15	0	13	18	72.22
2017-11-16 14:48:56.538	1330-0000-0357-08E9	AE4WiiU		6	26	0	3	74	4.05
2017-11-16 14:48:58.179	133B-0000-0301-C0F6	ryc1976		9	65	0	25	327	7.64
2017-11-16 14:48:59.483	1383-0000-0345-3914	brayer.souza		5	39	0	7	162	4.32
2017-11-16 14:49:01.283	1388-0000-0324-D798	passat76		2	37	0	4	99	4.04
2017-11-16 14:49:05.36	13B8-0000-0326-4696	Norakta	Traditional	64	434	0	42	1483	2.83
2017-11-16 14:49:07.361	13D2-0000-0347-B5F1	NLuis.ID		8	47	0	22	154	14.28
2017-11-16 14:49:08.697	13E8-0000-035C-ACEA	Pokedoke		3	21	0	14	57	24.56
2017-11-16 14:49:10.022	13F3-0000-0359-B14C	armanditojr		1	15	0	8	34	23.52
2017-11-16 14:49:11.562	1418-0000-032E-D9CF	dellbox2		1	14	0	13	33	39.39
2017-11-16 14:49:14.336	143C-0000-0314-6BD7	CARNEVALE1990		11	95	0	46	450	10.22
2017-11-16 14:49:18.495	1441-0000-0344-7E8B	AmberLyne		3	23	0	13	127	10.23
2017-11-16 14:49:19.947	1457-0000-031E-137C	Luigiano1234		1	24	0	3	76	3.94
2017-11-16 14:49:21.595	1462-0000-0344-E3EF	yyoshim6264	Traditional	13	32	0	16	50	32
2017-11-16 14:49:23.988	14C4-0000-033A-0B30	cubs2w1	Traditional	12	84	0	20	376	5.31
2017-11-16 14:49:25.391	14CF-0000-034D-87D5	Dinghy2		2	19	0	6	79	7.59
2017-11-16 14:49:27.995	150F-0000-0339-F7A8	isocchi		2	27	0	8	97	8.24
2017-11-16 14:49:30.158	1519-0000-0312-530A	HigherHeights		1	24	0	7	79	8.86
2017-11-16 14:49:32.102	152D-0000-0318-6D01	mariob123		3	33	0	17	142	11.97
2017-11-16 14:49:33.544	1535-0000-0343-549A	rehan_101		2	20	0	8	72	11.11
2017-11-16 14:49:34.824	154C-0000-0352-F3F0	RexOrange		1	16	0	8	65	12.3
2017-11-16 14:49:37.141	154F-0000-033F-B3D6	IPOd1965		2	23	0	23	29	79.31
2017-11-16 14:49:42.164	1550-0000-0322-81B7	soranoa		3	30	0	14	124	11.29
2017-11-16 14:49:43.387	1560-0000-033A-C5DA	PaigeBen2016		1	23	0	20	61	32.78
2017-11-16 14:49:45.125	1582-0000-0351-C698	FishSemaj		1	21	0	2	49	4.08
2017-11-16 14:49:46.483	15A4-0000-0352-30D9	jeng1220		2	18	0	6	90	6.66
2017-11-16 14:49:47.916	15B9-0000-0361-8E07	AzureShinja		2	14	0	2	81	2.46
2017-11-16 14:49:50.037	15BC-0000-0348-7D5F	summerj0y		1	16	0	13	64	20.31
2017-11-16 14:49:53.84	15C0-0000-0339-C346	games4life.com	Traditional	24	94	0	62	277	22.38
2017-11-16 14:49:55.308	1602-0000-0331-C155	1226nameko		1	27	0	22	40	55
2017-11-16 14:49:57.145	1614-0000-032A-4AC3	DurtyDave		3	36	0	18	130	13.84
2017-11-16 14:49:58.876	1620-0000-0369-A95F	ryousuke080927		2	10	0	3	26	11.53
2017-11-16 14:50:00.358	162B-0000-034A-9031	Josue-176		1	13	0	3	21	14.28
2017-11-16 14:50:04.815	162C-0000-0301-738D	SadPanda284		1	23	0	14	77	18.18
2017-11-16 14:50:06.909	165A-0000-0306-E577	orekanipan		8	68	0	9	305	2.95
2017-11-16 14:50:09.119	165B-0000-0313-97E8	Moritzosthoffmco		4	57	0	44	181	24.3
2017-11-16 14:50:11.361	167F-0000-030F-51D9	pseudohaiku		12	99	0	63	346	18.2
2017-11-16 14:50:12.826	1685-0000-0360-353D	kingkazukazuya		2	14	0	14	17	82.35
2017-11-16 14:50:15.474	169B-0000-0315-062F	TheAngryDog		3	30	0	17	121	14.04
2017-11-16 14:50:18.204	16B2-0000-030E-3F98	FlammingNinja		3	41	0	26	106	24.52
2017-11-16 14:50:19.568	16C8-0000-033D-846C	Minecraftmarro		1	15	0	7	63	11.11
2017-11-16 14:50:22.067	16CB-0000-0346-7EB2	brunoschu		27	208	0	24	2010	1.19
2017-11-16 14:50:23.65	16F1-0000-0356-368B	chanphil		2	16	0	2	39	5.12
2017-11-16 14:50:26.717	170F-0000-0318-603F	clawsy		4	42	0	5	105	4.76
2017-11-16 14:50:29.01	170F-0000-033C-8A05	JulioMega	Theme	6	43	0	3	151	1.98
2017-11-16 14:50:30.575	1714-0000-0348-106D	ArReDem0		4	27	0	12	115	10.43
2017-11-16 14:50:32.106	173C-0000-0320-D5E9	polpol135		2	28	0	6	184	3.26
2017-11-16 14:50:33.658	177A-0000-0332-B59F	Ryosuketaku0826		1	24	0	10	137	7.29
2017-11-16 14:50:35.42	1782-0000-02FF-8CB7	reona_yuka		2	47	0	7	125	5.6
2017-11-16 14:50:37.332	17BB-0000-034A-6988	N-Mario1984		1	13	0	3	27	11.11
2017-11-16 14:50:39.155	17E8-0000-0358-A4CE	q96q96		1	16	0	4	71	5.63
2017-11-16 14:50:41.14	17FB-0000-0310-B194	WIIUREOLI79	Traditional	10	39	0	11	156	7.05
2017-11-16 14:50:44.322	1818-0000-0334-1684	NWC90er		8	51	0	26	195	13.33
2017-11-16 14:50:45.578	181A-0000-033F-45E6	megaeu5	Gimmick	4	16	0	3	41	7.31
2017-11-16 14:50:48.774	183E-0000-033A-D6DA	nixerkg		1	20	0	2	65	3.07
2017-11-16 14:50:51.204	183F-0000-032B-14A5	DaviidSZ1258		2	30	0	22	110	20
2017-11-16 14:50:52.424	1862-0000-034F-F099	paulikg		1	11	0	2	23	8.69
2017-11-16 14:50:53.617	1878-0000-0364-A9CA	captinflyer		1	12	0	8	62	12.9
2017-11-16 14:50:56.119	189B-0000-035D-8475	Oedipex	Costume	25	70	0	52	126	41.26
2017-11-16 14:50:57.494	189D-0000-0360-2CEB	edgarleo_44		1	13	0	6	87	6.89
2017-11-16 14:51:04.952	18A2-0000-033D-736A	HeadshotX21	Traditional	31	213	1	171	903	18.93
2017-11-16 14:51:06.495	18B4-0000-0339-5AE1	jo-hero		1	20	0	9	73	12.32
2017-11-16 14:51:08.71	18BF-0000-0310-9651	hayfrend		9	85	0	7	907	0.77
2017-11-16 14:51:10.543	18DA-0000-0348-B159	White3983		4	51	0	51	51	100
2017-11-16 14:51:13.409	18F5-0000-0364-3963	rozechika		6	37	0	23	136	16.91
2017-11-16 14:51:15.848	18F7-0000-030E-462B	Cormoran_HH	Traditional	3	44	0	7	144	4.86
2017-11-16 14:51:17.408	18FC-0000-0336-401E	BARKSTAR	Puzzle	10	68	0	7	263	2.66
2017-11-16 14:51:19.179	1976-0000-0347-5068	Pendim		2	28	0	11	95	11.57
2017-11-16 14:51:21.453	1993-0000-0315-841A	robofusion742		10	92	0	47	403	11.66
2017-11-16 14:51:22.972	1999-0000-0335-302D	Looping08		2	14	0	12	30	40
2017-11-16 14:51:25.942	199C-0000-0329-C238	Cubeguy21		1	34	0	8	99	8.08
2017-11-16 14:51:27.716	19AD-0000-0354-F2F9	squid_farm		2	21	0	13	37	35.13
2017-11-16 14:51:28.997	19E6-0000-032F-6011	dellbox2		1	15	0	8	76	10.52
2017-11-16 14:51:30.233	1A1F-0000-0351-CA29	726yuusuke		1	16	0	2	42	4.76
2017-11-16 14:51:32.314	1A28-0000-0305-8885	1Staples1		5	60	0	24	209	11.48
2017-11-16 14:51:35.391	1A34-0000-031F-B26C	Pirate619		11	56	0	24	198	12.12
2017-11-16 14:51:37.629	1A54-0000-0363-6671	CESARMAJANO		3	19	0	16	43	37.2
2017-11-16 14:51:38.92	1A75-0000-0357-E033	JSquared16		5	21	0	7	53	13.2
2017-11-16 14:51:40.52	1A8F-0000-0334-145F	marenisu		4	35	0	21	115	18.26
2017-11-16 14:51:42.119	1A90-0000-0339-BAD5	GoldenRedLink		2	16	0	1	78	1.28
2017-11-16 14:51:44.078	1AA2-0000-033F-A493	kkehoe5		2	19	0	17	27	62.96
2017-11-16 14:51:49.161	1AB2-0000-030F-CF76	WIIUREOLI79	Theme	31	225	0	33	953	3.46
2017-11-16 14:51:51.688	1AD4-0000-0314-9476	ma-wii1021u		10	101	0	59	609	9.68
2017-11-16 14:51:53.372	1AD9-0000-0346-B1F5	chrisjude75		6	58	0	36	307	11.72
2017-11-16 14:51:54.867	1AEA-0000-0367-B7FC	wewins		1	14	0	10	45	22.22
2017-11-16 14:51:56.286	1B13-0000-035B-3755	fazerainbraedon		1	16	0	2	95	2.1
2017-11-16 14:52:00.725	1B26-0000-0310-75A5	Adriel-Alves		10	70	0	22	512	4.29
2017-11-16 14:52:02.062	1B3A-0000-035B-044A	WIIUREOLI79		7	30	0	8	158	5.06
2017-11-16 14:52:03.486	1B3F-0000-032B-3D49	TheBlessing	Speedrun	7	51	0	9	201	4.47
2017-11-16 14:52:05.396	1B73-0000-031A-763E	Marlon2314		4	42	0	35	83	42.16
2017-11-16 14:52:07.176	1B7E-0000-0361-8EBD	frozenrayc1977		5	15	0	4	128	3.12
2017-11-16 14:52:09.014	1B80-0000-030A-7D07	blud3rdsty		1	21	0	14	51	27.45
2017-11-16 14:52:11.236	1BC7-0000-033E-8CD1	nin9000		3	32	0	25	54	46.29
2017-11-16 14:52:12.962	1BD1-0000-033F-B00C	samuraiMK1		9	63	0	28	393	7.12
2017-11-16 14:52:14.691	1C00-0000-0362-499C	Socks87	Traditional	10	32	0	14	127	11.02
2017-11-16 14:52:16.121	1C05-0000-032E-CF86	Gilmar0712		3	39	0	2	348	0.57
2017-11-16 14:52:17.733	1C42-0000-0346-F533	apeminkie		1	15	0	14	33	42.42
2017-11-16 14:52:22.905	1C54-0000-030A-7339	GuitarSmash		5	50	0	3	119	2.52
2017-11-16 14:52:23.984	1C59-0000-034F-1C71	Hirga17		2	15	0	2	49	4.08
2017-11-16 14:52:26.985	1C69-0000-035A-0E0E	CarlosMat78521		4	23	0	23	31	74.19
2017-11-16 14:52:28.592	1C7B-0000-0353-D47D	edivaldoleija		2	20	0	15	153	9.8
2017-11-16 14:52:30.564	1C7F-0000-0368-9A27	nekokanu		2	21	0	19	57	33.33
2017-11-16 14:52:32.292	1C82-0000-035C-AEE5	towa6772		1	14	0	12	49	24.48
2017-11-16 14:52:33.966	1C87-0000-030B-5198	kumondaisuki29		3	43	0	5	133	3.75
2017-11-16 14:52:35.893	1C8C-0000-0321-DCA8	Bibibombinha		24	86	0	32	531	6.02
2017-11-16 14:52:37.658	1C8D-0000-0342-E711	RSolisJr.87		1	29	0	27	33	81.81
2017-11-16 14:52:39.627	1C92-0000-02FF-0A54	Iunaarabi	Puzzle	11	131	0	7	1170	0.59
2017-11-16 14:52:44.007	1C95-0000-034D-8212	RE5wjB	Theme	51	351	0	50	2396	2.08
2017-11-16 14:52:45.855	1C96-0000-030E-B45F	jaycil13		5	42	0	32	108	29.62
2017-11-16 14:52:47.561	1C9B-0000-030C-21DA	ryba99		3	35	0	35	48	72.91
2017-11-16 14:52:49.129	1CAD-0000-0355-9649	LinkSub		1	17	0	3	62	4.83
2017-11-16 14:52:50.767	1CB2-0000-0345-1FC2	lukengl	Gimmick	9	44	0	10	229	4.36
2017-11-16 14:52:53.698	1CE3-0000-0307-7779	Dinghy2		2	44	0	40	49	81.63
2017-11-16 14:52:55.89	1D14-0000-0357-227B	dai-55-1-03-0		16	56	0	15	355	4.22
2017-11-16 14:52:59.317	1D7C-0000-0304-3E6F	BabsTheDoggy	Traditional	28	166	0	98	662	14.8
2017-11-16 14:53:00.621	1D7E-0000-034A-F747	RedneckNerd2001		3	23	0	10	89	11.23
2017-11-16 14:53:02.024	1D97-0000-034B-9E08	yuukikido		1	18	0	4	73	5.47
2017-11-16 14:53:04.026	1DE2-0000-034B-CE23	kaladan13		9	44	0	26	164	15.85
2017-11-16 14:53:05.874	1DF9-0000-0338-AC98	Clodwig14		1	23	0	23	34	67.64
2017-11-16 14:53:09.81	1E33-0000-033B-4CA9	GordoNWU		15	95	0	47	302	15.56
2017-11-16 14:53:11.17	1E89-0000-031E-1362	Joyal2312		1	21	0	10	89	11.23
2017-11-16 14:53:12.489	1E8D-0000-0348-B91C	iFelipe.Aleixo		2	32	0	28	89	31.46
2017-11-16 14:53:14.077	1EC9-0000-0310-0A63	Heldmoritz		2	21	0	15	47	31.91
2017-11-16 14:53:15.89	1ED4-0000-035A-BC99	Marcyiello	Traditional	7	32	0	9	125	7.2
2017-11-16 14:53:18.145	1F1A-0000-0344-7991	klkih09		2	16	0	14	25	56
2017-11-16 14:53:19.638	1F26-0000-0323-CDDA	peach777PEACH		1	21	0	7	55	12.72
2017-11-16 14:53:20.851	1F51-0000-0327-C09F	nis981		1	30	0	1	190	0.52
2017-11-16 14:53:22.42	1F55-0000-0327-7DEB	eduardoscalise		3	26	0	2	200	1
2017-11-16 14:53:23.858	1F5C-0000-0356-5076	dseddi1		3	29	0	13	80	16.25
2017-11-16 14:53:26.403	1F8A-0000-0351-53E0	ribbone00069		5	27	0	6	111	5.4
2017-11-16 14:53:29.752	1F99-0000-0359-6BB5	Shadowlynk	Traditional	3	37	0	15	110	13.63
2017-11-16 14:53:31.591	1FA7-0000-0367-F3BC	LegoWheel	Traditional	4	14	0	14	14	100
2017-11-16 14:53:33.017	1FB4-0000-0339-E34F	Judlee_Hero		2	17	0	7	38	18.42
2017-11-16 14:53:35.111	1FD4-0000-030A-5B35	Firzen592798	Dash	14	120	0	7	1133	0.61
2017-11-16 14:53:36.935	1FF6-0000-0305-782C	no.shu.ryu		2	42	0	2	144	1.38
2017-11-16 14:53:38.816	2016-0000-0343-B059	847756		5	36	0	15	151	9.93
2017-11-16 14:53:42.459	2025-0000-0300-3E55	rzsop73		10	52	0	18	127	14.17
2017-11-16 14:53:43.974	2029-0000-0311-1A26	dellbox2		1	29	0	27	91	29.67
2017-11-16 14:53:45.17	2055-0000-035D-8B3F	hopperhome		4	17	0	10	121	8.26
2017-11-16 14:53:48.487	208F-0000-0327-E5B6	Lukeyman258		10	88	0	43	452	9.51
2017-11-16 14:53:50.03	2093-0000-0333-AB8D	Spurstepig		2	30	0	14	257	5.44
2017-11-16 14:53:52.722	2094-0000-0305-EBF9	mm-player999		2	35	0	23	70	32.85
2017-11-16 14:53:54.64	2097-0000-0331-2A21	TitanTerezu	Traditional	8	38	0	12	140	8.57
2017-11-16 14:53:56.402	20A6-0000-0331-AF30	terupon1		2	30	0	20	90	22.22
2017-11-16 14:53:58.255	20BD-0000-0305-0BD8	Nita9P		2	37	0	4	99	4.04
2017-11-16 14:53:59.75	20D0-0000-0351-ED13	MetalVoltEXE		5	29	0	25	46	54.34
2017-11-16 14:54:01.235	20D1-0000-030F-BD60	pinhead276		1	15	0	2	41	4.87
2017-11-16 14:54:07.956	20D6-0000-033A-02C7	SuperPaperPerson	Theme	80	579	0	78	4261	1.83
2017-11-16 14:54:09.482	20F6-0000-0306-BB27	shepherdhouse	Yoshi	2	96	0	92	343	26.82
2017-11-16 14:54:11.241	2110-0000-0324-D79F	asemo-e		1	36	0	5	116	4.31
2017-11-16 14:54:13.664	211F-0000-0337-8FB0	katoukoukih81227	Theme	18	82	0	12	658	1.82
2017-11-16 14:54:15.291	2134-0000-030D-3057	brianandnoah		3	31	0	5	90	5.55
2017-11-16 14:54:18.994	2142-0000-032B-A984	JAMES_BURNS_FTW	Gimmick	19	107	0	25	1980	1.26
2017-11-16 14:54:20.533	2169-0000-0327-3678	JebiSe		1	17	0	10	36	27.77
2017-11-16 14:54:22.005	217C-0000-0308-E7C4	SalasReiines		1	17	0	16	19	84.21
2017-11-16 14:54:23.29	217D-0000-0332-318D	AE4WiiU		1	16	0	10	30	33.33
2017-11-16 14:54:25.491	217D-0000-0351-4EC8	JuanMoreTime		11	83	0	55	503	10.93
2017-11-16 14:54:26.994	218D-0000-033E-8A94	DrewQ27		1	12	0	10	16	62.5
2017-11-16 14:54:28.471	21A3-0000-0365-88A8	Timridge		1	11	0	2	52	3.84
2017-11-16 14:54:31.915	21BC-0000-0331-1B6A	Elias32U		2	31	0	11	115	9.56
2017-11-16 14:54:33.324	21C7-0000-0315-0DA9	clone5184		1	17	0	10	55	18.18
2017-11-16 14:54:35.649	220F-0000-0317-BB3B	tensaikazuho		3	35	0	8	203	3.94
2017-11-16 14:54:37.029	2230-0000-0359-C751	gracegreatdane		3	19	0	7	87	8.04
2017-11-16 14:54:38.619	2239-0000-033C-3C55	Asrow91		2	22	0	2	61	3.27
2017-11-16 14:54:40.599	223D-0000-034A-C620	LuisDAJ		2	20	0	5	67	7.46
2017-11-16 14:54:42.6	2242-0000-0343-C4B7	Juhpavani	Puzzle	3	19	0	2	71	2.81
2017-11-16 14:54:44.284	224B-0000-0324-9FBB	Hindbodes		4	36	0	24	83	28.91
2017-11-16 14:54:45.863	2258-0000-0301-0B14			2	44	0	34	93	36.55
2017-11-16 14:54:47.819	225D-0000-036B-4C2D	sebhuart		5	19	0	16	43	37.2
2017-11-16 14:54:49.112	229E-0000-031C-CB52	yuyasakka		1	13	0	10	22	45.45
2017-11-16 14:54:50.795	22BF-0000-030A-85C0	sharionh		3	25	0	21	29	72.41
2017-11-16 14:54:55.543	22EC-0000-0359-C339	ku-mi.6843		1	16	0	5	72	6.94
2017-11-16 14:54:57.113	22F3-0000-036E-11DA	kaspirilla		3	25	0	25	49	51.02
2017-11-16 14:54:58.6	233E-0000-030C-2F19	Tamadacchan		2	40	0	3	94	3.19
2017-11-16 14:55:00.244	2369-0000-0320-E8B8	ramasoti		11	46	0	7	148	4.72
2017-11-16 14:55:02.014	2389-0000-0329-81E4	D.SESE		1	23	0	16	63	25.39
2017-11-16 14:55:03.235	2397-0000-034F-A427	Stevie.am85		1	12	0	1	106	0.94
2017-11-16 14:55:05.597	23A5-0000-0301-0B1B	11kousei14		1	22	0	16	32	50
2017-11-16 14:55:08.077	23AA-0000-034C-7255	dagpetter	Traditional	35	234	0	22	1662	1.32
2017-11-16 14:55:09.572	23AC-0000-0333-9A2C	DonTheGrizzlyMan		2	23	0	23	31	74.19
2017-11-16 14:55:11.159	23B1-0000-0340-26A2	xIceDragonx		4	32	0	16	197	8.12
2017-11-16 14:55:13.289	23C4-0000-0342-D9B2	kpofahl1		15	69	0	54	125	43.2
2017-11-16 14:55:20.083	2402-0000-0315-B733	Mirko6790	Traditional	60	405	0	27	1588	1.7
2017-11-16 14:55:21.47	2441-0000-0361-8E86	naddict00		2	12	0	2	50	4
2017-11-16 14:55:23.181	244C-0000-035D-0F1E	RZudomon		9	37	0	8	305	2.62
2017-11-16 14:55:24.923	2454-0000-0347-C679	canapees		1	23	0	8	75	10.66
2017-11-16 14:55:26.757	245C-0000-032D-4A05	kazuo4		1	14	0	3	37	8.1
2017-11-16 14:55:29.695	247B-0000-0337-8009	jesus1989		2	24	0	10	121	8.26
2017-11-16 14:55:31.421	247B-0000-0360-6DF8	YaBeNe		1	14	0	14	17	82.35
2017-11-16 14:55:32.807	2499-0000-0345-BC80	squid_farm		4	26	0	7	82	8.53
2017-11-16 14:55:36.013	24A1-0000-0305-6948	eduardoscalise	Speedrun	18	130	0	61	1011	6.03
2017-11-16 14:55:37.323	24D0-0000-0366-1BA8	beayve		1	14	0	9	42	21.42
2017-11-16 14:55:39.965	24F5-0000-035E-8095	daiyogenn		1	11	0	8	61	13.11
2017-11-16 14:55:42.103	2508-0000-0324-F527	Codster0722		2	21	0	16	36	44.44
2017-11-16 14:55:43.612	2523-0000-0360-15F1	Coolguy673		3	17	0	12	132	9.09
2017-11-16 14:55:45.341	2526-0000-0313-1125	droomvlucht		1	30	0	26	36	72.22
2017-11-16 14:55:47.099	2540-0000-0311-37B1	rocketnia		7	53	0	8	305	2.62
2017-11-16 14:55:50.137	2583-0000-030D-7C0A	Firzen592798	Traditional	8	41	0	11	116	9.48
2017-11-16 14:55:55.661	258A-0000-0322-6D7D	ramasoti		11	94	0	13	492	2.64
2017-11-16 14:55:57.449	258B-0000-0327-E604	DJGAMERMAN		4	51	0	10	142	7.04
2017-11-16 14:55:58.859	2590-0000-0362-AD89	663300		1	12	0	3	64	4.68
2017-11-16 14:56:00.357	25BC-0000-0313-FD98	PopTevin20049		1	17	0	9	54	16.66
2017-11-16 14:56:03.058	25CB-0000-0330-1EEA	ebw_00		3	32	0	11	189	5.82
2017-11-16 14:56:05.864	25E1-0000-030C-25D4	Hirga17		14	47	0	44	60	73.33
2017-11-16 14:56:07.201	2605-0000-035B-7411	Gabbigi		2	15	0	14	16	87.5
2017-11-16 14:56:08.563	261C-0000-0353-1142	wakeupmrchuckles		2	19	0	16	53	30.18
2017-11-16 14:56:10.096	261E-0000-0349-8280	revelo.2004		1	17	0	17	17	100
2017-11-16 14:56:11.881	2627-0000-031F-AA97	LUIS3420		1	18	0	7	34	20.58
2017-11-16 14:56:13.295	262C-0000-033A-D2BA	Mariomasters420		2	26	0	12	86	13.95
2017-11-16 14:56:18.496	2655-0000-033E-64D9	dellbox2		11	109	0	91	382	23.82
2017-11-16 14:56:19.797	2665-0000-0359-C649	yuukaraagesuki		1	14	0	13	23	56.52
2017-11-16 14:56:21.067	2672-0000-035B-003A	NakaiRedsky		1	12	0	4	48	8.33
2017-11-16 14:56:22.682	2685-0000-034C-0F0F	Gluecksbaerchen1		3	26	0	15	109	13.76
2017-11-16 14:56:24.282	2699-0000-0305-12E2	Kucharski		2	25	0	22	33	66.66
2017-11-16 14:56:27.98	26B3-0000-0326-96DC	yoshibetrayer25		6	68	0	51	178	28.65
2017-11-16 14:56:29.372	26B6-0000-0319-B2AA	Vellhart		1	26	0	1	184	0.54
2017-11-16 14:56:31.149	26D8-0000-0331-21CB	Codytotheh		8	54	0	46	98	46.93
2017-11-16 14:56:34.186	26D9-0000-032F-CC60	applepants02	Speedrun	36	306	0	24	5268	0.45
2017-11-16 14:56:35.529	2718-0000-0330-CD13	KARAMELA_02		1	14	0	4	82	4.87
2017-11-16 14:56:39.22	272B-0000-030C-7C11	Sr.OREGGIA		1	41	0	2	75	2.66
2017-11-16 14:56:40.625	276C-0000-035B-3587	viniteteu		2	13	0	13	18	72.22
2017-11-16 14:56:42.222	2798-0000-035A-4545	marioespadas999		2	20	0	10	59	16.94
2017-11-16 14:56:43.695	27A5-0000-033A-B03E	CHALUPA88		3	21	0	19	30	63.33
2017-11-16 14:56:45.114	27B1-0000-0342-2041	cooperdean08		1	15	0	15	16	93.75
2017-11-16 14:56:46.731	27C2-0000-035C-E5DB	dimitreeey		2	18	0	14	41	34.14
2017-11-16 14:56:48.202	282F-0000-031E-C567	Vidarbye		1	14	0	3	76	3.94
2017-11-16 14:56:53.464	283A-0000-0320-6258	tschmitt74		10	77	0	70	306	22.87
2017-11-16 14:56:55.452	2879-0000-0334-AC1E	iittzzaahh		5	28	0	28	28	100
2017-11-16 14:56:57.2	2884-0000-0311-BC97	Alexander953	Speedrun	17	102	0	5	2843	0.17
2017-11-16 14:56:58.707	2887-0000-0347-5311	Karytah		1	11	0	5	19	26.31
2017-11-16 14:57:01.485	2890-0000-032C-D344	NoahEthanThomas		9	83	0	58	312	18.58
2017-11-16 14:57:03.986	289F-0000-0328-FE29	Sithbuster007		1	31	0	2	104	1.92
2017-11-16 14:57:05.31	28C5-0000-036B-B87C	WIIUREOLI79	Remix	7	21	0	11	79	13.92
2017-11-16 14:57:06.675	28C8-0000-035D-8CCD	dev1n2016		3	24	0	8	150	5.33
2017-11-16 14:57:08.378	28CA-0000-0338-D798	BykMac		4	28	0	8	93	8.6
2017-11-16 14:57:09.583	28CC-0000-035D-FD92	sharionh		1	14	0	3	58	5.17
2017-11-16 14:57:11.135	28D0-0000-0328-43EF	Vlasstoise		2	35	0	16	66	24.24
2017-11-16 14:57:13.066	28E1-0000-0363-FAD1	WillianFOX		7	23	0	12	89	13.48
2017-11-16 14:57:15.434	28E2-0000-0339-BCC2	kmario27		4	29	0	24	38	63.15
2017-11-16 14:57:16.644	28F9-0000-0365-B49F	nixerkg		1	10	0	9	47	19.14
2017-11-16 14:57:17.932	292A-0000-0352-1626	HappyMaker123456		1	13	0	9	63	14.28
2017-11-16 14:57:19.879	297A-0000-0357-7B07	MineCraft672468	Speedrun	7	49	0	13	513	2.53
2017-11-16 14:57:21.634	2991-0000-032C-93B1	eduardoscalise		3	38	0	11	142	7.74
2017-11-16 14:57:24.22	29A2-0000-035A-1CA8	victorjogadorbr9		4	33	0	17	105	16.19
2017-11-16 14:57:25.785	29A6-0000-0368-4CE1	Neli3107		3	18	0	12	57	21.05
2017-11-16 14:57:27.435	2A0E-0000-0321-2F41	smartwiiuandme		1	28	0	5	89	5.61
2017-11-16 14:57:29.831	2A13-0000-0310-6CCF	annen-murray	Gimmick	24	92	0	30	224	13.39
2017-11-16 14:57:31.541	2A2C-0000-0363-B6A2	fuzzleDii		1	11	0	6	28	21.42
2017-11-16 14:57:32.937	2A44-0000-035A-A50A	tujikawa		1	12	0	1	87	1.14
2017-11-16 14:57:36.632	2A4F-0000-0302-7F7E	ringo197		6	58	0	58	60	96.66
2017-11-16 14:57:38.203	2A74-0000-0314-163E	SuperNovaSquared		2	25	0	12	64	18.75
2017-11-16 14:57:39.971	2A93-0000-0314-710D	evaelsa		6	44	0	35	78	44.87
2017-11-16 14:57:41.858	2AA8-0000-0333-FC02	Count_Calculus		6	53	0	18	176	10.22
2017-11-16 14:57:43.504	2AF3-0000-0342-7E8E	1traviezo6		2	24	0	9	134	6.71
2017-11-16 14:57:45.29	2B00-0000-033A-0EFC	tokineto		6	37	0	10	132	7.57
2017-11-16 14:57:47.206	2B16-0000-0357-98D3	nakazawaosamu	Theme	3	20	0	16	33	48.48
2017-11-16 14:57:49.113	2B43-0000-0351-E2BE	Ben9804		1	19	0	5	74	6.75
2017-11-16 14:57:50.775	2B4C-0000-0307-BB57	gengua		2	32	0	4	78	5.12
2017-11-16 14:57:52.818	2B55-0000-0306-810D	Tjorven-Finley		5	46	0	45	50	90
2017-11-16 14:57:57.384	2B57-0000-0308-38F8	ReyanPlayz	Speedrun	17	129	0	75	262	28.62
2017-11-16 14:58:00.163	2B65-0000-02FF-BC1E	FlorianBOY123		1	25	0	14	149	9.39
2017-11-16 14:58:02.136	2B76-0000-031F-9DD0	Firzen592798		7	58	0	3	723	0.41
2017-11-16 14:58:03.62	2B80-0000-0330-719A	GordoNWU		1	14	0	9	29	31.03
2017-11-16 14:58:05.175	2BAA-0000-0336-4771	lfts1924		3	26	0	18	54	33.33
2017-11-16 14:58:06.665	2BD0-0000-0324-ED09	Kiesling3		1	11	0	2	37	5.4
2017-11-16 14:58:08.275	2BD1-0000-0316-B12B	escalante36		3	34	0	21	116	18.1
2017-11-16 14:58:10.819	2BDA-0000-0300-267A	JulioMega	Theme	8	51	0	5	237	2.1
2017-11-16 14:58:12.712	2BEB-0000-034B-4520	gameboy777		1	14	0	2	65	3.07
2017-11-16 14:58:14.936	2BFB-0000-0306-95D2	pclmcl		6	47	0	38	69	55.07
2017-11-16 14:58:16.78	2C14-0000-0311-99E5	Litschie66		6	46	0	18	153	11.76
2017-11-16 14:58:18.717	2C18-0000-030D-86B0	Firzen592798	Traditional	9	54	0	7	250	2.8
2017-11-16 14:58:20.368	2C1D-0000-0358-B38D	ycrhvjgnfub		2	23	0	8	94	8.51
2017-11-16 14:58:24.147	2C24-0000-034A-D2F1	Dinklage1988		2	19	0	4	52	7.69
2017-11-16 14:58:25.843	2C2C-0000-0335-D87A	190348		2	27	0	7	135	5.18
2017-11-16 14:58:28.692	2C6A-0000-033E-62F5	xTorviCx		13	60	0	32	160	20
2017-11-16 14:58:30.416	2C6F-0000-0356-F862	SebastianBarrios		2	22	0	4	55	7.27
2017-11-16 14:58:36.304	2C80-0000-0302-B127	mehmika		2	30	0	8	193	4.14
2017-11-16 14:58:37.821	2C8D-0000-0324-23CB	matsjohann07		2	33	0	30	49	61.22
2017-11-16 14:58:39.155	2C93-0000-032F-447F	loa3la		1	27	0	3	69	4.34
2017-11-16 14:58:40.519	2C9A-0000-0328-FFDF	The_Dimond_kid		1	16	0	11	27	40.74
2017-11-16 14:58:42.347	2C9E-0000-030E-E5E3	Mariomasters420		5	37	0	17	188	9.04
2017-11-16 14:58:44.433	2CC7-0000-0335-D401	rage_jcs	Remix	21	89	0	34	353	9.63
2017-11-16 14:58:47.71	2CC9-0000-0334-541B	revolv23		2	30	0	24	82	29.26
2017-11-16 14:58:49.656	2CCD-0000-032D-1CD0	gus.azv	Traditional	20	95	0	16	697	2.29
2017-11-16 14:58:51.446	2CD7-0000-035D-8C4D	bullmoose69		3	16	0	14	29	48.27
2017-11-16 14:58:53.086	2CDF-0000-032E-3616	asistente1		1	12	0	12	12	100
2017-11-16 14:58:54.442	2CDF-0000-0356-E1CE	Solitary_Man1983		1	22	0	1	135	0.74
2017-11-16 14:58:56.117	2CFA-0000-0343-DC34	sean81candi83		1	15	0	1	32	3.12
2017-11-16 14:58:57.442	2D07-0000-0365-F9B2	N-Mario1984		1	13	0	3	100	3
2017-11-16 14:58:59.847	2D15-0000-0349-81D9	aspennnw		1	14	0	11	19	57.89
2017-11-16 14:59:01.875	2D33-0000-0308-F41D	gus.azv	Gimmick	6	43	0	30	78	38.46
2017-11-16 14:59:03.69	2D4B-0000-0324-4566	brayer.souza	Traditional	6	49	0	10	180	5.55
2017-11-16 14:59:06.338	2D8E-0000-030D-FE0B	Boneclaw1		1	11	0	1	31	3.22
2017-11-16 14:59:09.489	2D96-0000-0339-E698	Corp1300	Theme	10	55	0	6	158	3.79
2017-11-16 14:59:12.39	2DBF-0000-0301-EB09	KyleBandy		1	19	0	14	42	33.33
2017-11-16 14:59:13.961	2DC5-0000-0329-1C9C	Dunkalishies		1	20	0	13	29	44.82
2017-11-16 14:59:15.339	2DD8-0000-0331-76AC	Elix07		2	23	0	13	84	15.47
2017-11-16 14:59:16.816	2DDB-0000-0305-61C6	Tinycat12		2	19	0	5	45	11.11
2017-11-16 14:59:18.403	2E05-0000-0359-5962	eduscalise		5	27	0	8	255	3.13
2017-11-16 14:59:23.695	2E07-0000-0309-0E91	Limoeiro	Traditional	34	210	0	63	666	9.45
2017-11-16 14:59:25.006	2E07-0000-034B-D53A	redjello		1	23	0	7	61	11.47
2017-11-16 14:59:27.639	2E26-0000-0321-C1F0	Jaguarxke		4	53	0	21	295	7.11
2017-11-16 14:59:29.053	2E6C-0000-035B-7941	dellbox2		1	16	0	15	52	28.84
2017-11-16 14:59:30.627	2EBB-0000-0311-B534	chizu58757taka		2	22	0	3	166	1.8
2017-11-16 14:59:33.976	2EDA-0000-0311-059B	fpaw08		9	93	0	72	281	25.62
2017-11-16 14:59:35.072	2EE8-0000-0352-1756	hfw1978		1	16	0	12	63	19.04
2017-11-16 14:59:36.681	2EE9-0000-0302-C32B	xbrudex		2	24	0	7	47	14.89
2017-11-16 14:59:38.32	2F00-0000-0309-B786	coolkids12345		10	44	0	18	377	4.77
2017-11-16 14:59:39.884	2F14-0000-0323-7FC4	Franklin73		3	21	0	15	62	24.19
2017-11-16 14:59:41.799	2F1F-0000-0316-1A21	gus.azv	Theme	13	79	0	15	528	2.84
2017-11-16 14:59:43.483	2F3B-0000-034A-71EC	Waldydo		1	11	0	9	13	69.23
2017-11-16 14:59:45.59	2F41-0000-0361-6D32	len-theman215		15	34	0	21	77	27.27
2017-11-16 14:59:48.323	2F7C-0000-0336-EA62	WIIUREOLI79	Traditional	19	82	0	45	374	12.03
2017-11-16 14:59:49.8	2F8F-0000-0348-0690	nekokanu		1	14	0	12	19	63.15
2017-11-16 14:59:51.706	2F91-0000-0347-408C	c615041		2	21	0	3	51	5.88
2017-11-16 14:59:53.612	2F9A-0000-0346-D854	alex180806		4	49	0	32	123	26.01
2017-11-16 14:59:54.983	2FF2-0000-034B-AA46	Olli090		1	15	0	6	36	16.66
2017-11-16 14:59:57.224	3038-0000-0341-69E4	nixerkg		1	19	0	2	138	1.44
2017-11-16 14:59:59.085	307F-0000-0349-688C	diasthiago		2	15	0	5	66	7.57
2017-11-16 15:00:00.708	3089-0000-0357-71E7	marciojuliao	Speedrun	15	43	0	32	58	55.17
2017-11-16 15:00:02.463	308A-0000-033D-6101	Helmii-u		2	11	0	9	13	69.23
2017-11-16 15:00:04.074	30C0-0000-0365-1A75	murphytt		1	17	0	10	115	8.69
2017-11-16 15:00:05.467	30C6-0000-0312-529D	Seele77		2	28	0	15	135	11.11
2017-11-16 15:00:07.153	30E1-0000-0339-E259	kenrecord		1	14	0	9	46	19.56
2017-11-16 15:00:11.372	30E1-0000-035B-EA6A	Marcyiello		4	30	0	5	107	4.67
2017-11-16 15:00:12.907	3137-0000-0330-25B5	Alessandro220869		1	14	0	5	52	9.61
2017-11-16 15:00:14.165	316E-0000-0343-7E62	taka3708		3	22	0	9	116	7.75
2017-11-16 15:00:15.923	3174-0000-033E-A428	DannyCantle2003		2	28	0	20	106	18.86
2017-11-16 15:00:18.564	318C-0000-0300-1CBD	Milan_L12		4	56	0	55	151	36.42
2017-11-16 15:00:20.829	318F-0000-0331-B702	ruikochan		1	18	0	5	41	12.19
2017-11-16 15:00:22.934	3195-0000-0342-2007	Juhpavani	Puzzle	5	22	0	5	61	8.19
2017-11-16 15:00:24.351	31B2-0000-032D-53E5	xXIzzualXx		3	33	0	13	151	8.6
2017-11-16 15:00:26.909	31E1-0000-0308-F0B3	Marcyiello	Traditional	36	265	0	62	1009	6.14
2017-11-16 15:00:28.93	3277-0000-0338-C138	SavageZeroX		6	44	0	13	396	3.28
2017-11-16 15:00:31.416	3278-0000-0327-AFCF	cook2502		8	60	0	54	129	41.86
2017-11-16 15:00:33.324	327B-0000-032E-205E	Mlgjeffy		1	12	0	12	14	85.71
2017-11-16 15:00:35.655	32B4-0000-034D-0D63	Tan-man100		16	98	0	67	358	18.71
2017-11-16 15:00:36.967	32F3-0000-032D-9E06	nixerkg		1	21	0	7	72	9.72
2017-11-16 15:00:38.476	32F8-0000-034C-FBEE	tati1108		2	17	0	13	51	25.49
2017-11-16 15:00:40.916	32FB-0000-0312-558F	DefaultThel		10	103	0	75	368	20.38
2017-11-16 15:00:43.837	335B-0000-033E-0633	doggyboss23		1	18	0	7	46	15.21
2017-11-16 15:00:45.643	3365-0000-032D-5C03	Shadowlynk		2	29	0	2	70	2.85
2017-11-16 15:00:47.213	3380-0000-035A-1CAC	HAYABUSA-t-11		1	13	0	1	39	2.56
2017-11-16 15:00:48.496	3386-0000-0356-FC3E	GavinHinton2006		1	12	0	8	30	26.66
2017-11-16 15:00:49.948	33B3-0000-0308-A8A8	kimura.s0531		1	26	0	2	92	2.17
2017-11-16 15:00:51.7	3444-0000-0367-61FE	zetgon		6	19	0	14	49	28.57
2017-11-16 15:00:53.105	3447-0000-0345-1A59	Aninhamellosilva		1	20	0	1	205	0.48
2017-11-16 15:00:56.65	344C-0000-031B-E2D1	ibtripper		2	31	0	7	104	6.73
2017-11-16 15:00:58.366	344C-0000-032A-2BF6	theyoshimeister2		6	47	0	24	169	14.2
2017-11-16 15:00:59.507	345E-0000-0327-1EF4	stivu82		2	21	0	19	59	32.2
2017-11-16 15:01:01.645	3461-0000-0347-94B4	onoboys		1	13	0	13	23	56.52
2017-11-16 15:01:03.051	3467-0000-0326-DB6C	davidvoz		1	16	0	16	16	100
2017-11-16 15:01:04.557	34A1-0000-0328-8CBB	BS-MAX-514		1	19	0	10	38	26.31
2017-11-16 15:01:07.923	34ED-0000-0323-33C2	Alex_Appel		2	23	0	1	136	0.73
2017-11-16 15:01:09.416	3506-0000-0336-EDB5	snk-waskai		6	37	0	3	597	0.5
2017-11-16 15:01:10.729	3510-0000-0347-949D	nekokanu		2	16	0	8	26	30.76
2017-11-16 15:01:12.694	353F-0000-0311-2646	Dai4-2		7	68	0	43	192	22.39
2017-11-16 15:01:14.414	3541-0000-0351-E48A	sharionh		2	19	0	18	26	69.23
2017-11-16 15:01:15.849	3576-0000-032C-DE8B	dellbox2		3	25	0	8	90	8.88
2017-11-16 15:01:17.566	357C-0000-0321-A85A	Firzen592798		7	36	0	5	173	2.89
2017-11-16 15:01:20.365	35BE-0000-030A-8A95	Dian777		2	27	0	2	238	0.84
2017-11-16 15:01:21.798	35C2-0000-0335-B715	JasonHuntley		1	16	0	7	32	21.87
2017-11-16 15:01:23.231	35F1-0000-0332-22DB	syusei3590		4	39	0	31	97	31.95
2017-11-16 15:01:24.85	35F9-0000-033A-D0F1	Artubrick		1	13	0	13	14	92.85
2017-11-16 15:01:26.516	35FE-0000-0323-E15C	danielthechskid		3	30	0	25	45	55.55
2017-11-16 15:01:30.256	35FE-0000-0359-117B	AE4WiiU	Music	127	901	0	144	11628	1.23
2017-11-16 15:01:33.517	3608-0000-0320-19DD	SegaMegaMan		6	39	0	1	255	0.39
2017-11-16 15:01:35.034	3612-0000-035A-B59B	JcRay1	Speedrun	1	19	1	4	348	1.14
2017-11-16 15:01:36.714	3638-0000-0331-7376	momochaann		6	50	0	35	127	27.55
2017-11-16 15:01:37.983	366C-0000-0341-A234	nakajimarinsyun		1	17	0	5	120	4.16
2017-11-16 15:01:40.189	3671-0000-0338-4176	Firzen592798		16	77	0	7	1124	0.62
2017-11-16 15:01:42.215	3672-0000-033F-0CD5	AE4WiiU		6	76	0	58	149	38.92
2017-11-16 15:01:45.222	3695-0000-0338-6A8F	marciojuliao		4	31	0	16	160	10
2017-11-16 15:01:46.506	3697-0000-0360-B509	wiiu_shizimi		5	24	0	9	109	8.25
2017-11-16 15:01:47.922	36AB-0000-034D-7F08	fjm101768		3	32	0	32	37	86.48
2017-11-16 15:01:49.814	36BB-0000-0343-1064	dellbox2		3	32	0	26	97	26.8
2017-11-16 15:01:51.163	36CE-0000-0327-C964	oresama24		2	18	0	18	21	85.71
2017-11-16 15:01:52.737	36F6-0000-0331-20C5	PATO59		2	20	0	1	125	0.8
2017-11-16 15:01:56.026	3700-0000-0331-7641	tonythetoinou		2	29	0	24	46	52.17
2017-11-16 15:01:58.076	370A-0000-0345-106A	Zudomon2	Theme	15	62	0	13	200	6.5
2017-11-16 15:01:59.764	3716-0000-0325-77E0	mitsu5		1	16	0	2	25	8
2017-11-16 15:02:01.625	3732-0000-0307-FC94	jacklegofan		10	73	0	18	217	8.29
2017-11-16 15:02:04.102	3733-0000-0347-4DB3	brandon_pitts4		5	49	0	24	134	17.91
2017-11-16 15:02:06.385	374A-0000-0312-4816	outa-kunimiya		2	34	0	29	75	38.66
2017-11-16 15:02:08.051	374D-0000-0308-18F0			2	32	0	0	111	0
2017-11-16 15:02:09.312	3762-0000-0336-51A7	Snyderdude07		2	21	0	8	121	6.61
2017-11-16 15:02:11.419	3778-0000-0311-E5D0	WIIUREOLI79		19	173	0	17	751	2.26
2017-11-16 15:02:12.97	377D-0000-0337-1B80	ZPappa7	Speedrun	6	43	0	1	1011	0.09
2017-11-16 15:02:14.318	378A-0000-0332-04B0	dellbox2		2	19	0	11	27	40.74
2017-11-16 15:02:16.355	37B3-0000-0368-D5A8	bunzou38	Remix	20	39	0	24	111	21.62
2017-11-16 15:02:21.202	3818-0000-0357-FE59	suller.souza		12	43	0	10	172	5.81
2017-11-16 15:02:22.926	381A-0000-035F-5308	lasercuatro		3	18	0	1	144	0.69
2017-11-16 15:02:24.338	3877-0000-0344-8722	0li_007		2	15	0	2	108	1.85
2017-11-16 15:02:25.895	388C-0000-032F-5075	CeeV96		2	27	0	8	93	8.6
2017-11-16 15:02:27.189	38AE-0000-036A-295D	BenW783	Remix	10	28	0	9	142	6.33
2017-11-16 15:02:28.639	38D5-0000-035F-5B96	BobbyBuks		2	17	0	6	82	7.31
2017-11-16 15:02:30.036	38F8-0000-0347-55DE	luigikid2.0		1	19	0	7	55	12.72
2017-11-16 15:02:35.075	390A-0000-0316-7976	MCWuk1985	Speedrun	69	471	0	59	6526	0.9
2017-11-16 15:02:36.37	390C-0000-0334-8F0A	brehzo		1	17	0	6	58	10.34
2017-11-16 15:02:37.621	391D-0000-0345-2811	volando88		1	23	0	8	78	10.25
2017-11-16 15:02:39.772	3944-0000-0302-97FD	sbtwins1		2	33	0	22	131	16.79
2017-11-16 15:02:41.173	3971-0000-035E-505E	LeProlo_62		1	16	0	9	52	17.3
2017-11-16 15:02:44.278	3973-0000-0310-6CDB	NuttyMonkey	Dash	22	169	0	5	5611	0.08
2017-11-16 15:02:47.104	3990-0000-0335-A0EC	agsonsilva		28	267	0	112	1040	10.76
2017-11-16 15:02:48.888	399D-0000-0321-4204	gus.azv		12	82	0	7	293	2.38
2017-11-16 15:02:50.461	39D3-0000-033A-D5DC	nixerkg		4	32	0	5	385	1.29
2017-11-16 15:02:52.082	39E2-0000-0358-C138	RE5wjB	Traditional	11	35	0	13	127	10.23
2017-11-16 15:02:53.86	3A35-0000-032E-D98F	ekorieru		2	28	0	5	62	8.06
2017-11-16 15:02:55.806	3A3F-0000-034E-46B3	Doppeleins		1	16	0	2	97	2.06
2017-11-16 15:02:57.722	3A5F-0000-032E-2407	rugbyman1		3	22	0	21	42	50
2017-11-16 15:02:59.543	3A6D-0000-0354-F24F	maryjlyon		3	22	0	8	115	6.95
2017-11-16 15:03:02.456	3AD2-0000-031B-0B3C	David68275		10	65	0	11	629	1.74
2017-11-16 15:03:04.152	3AEB-0000-0302-ACC3	JulioMega	Traditional	9	53	0	8	172	4.65
2017-11-16 15:03:05.831	3AF9-0000-035B-7BE0	bgpleite2		1	12	0	12	20	60
2017-11-16 15:03:08.081	3AFB-0000-0310-2F9B	summerslam1988		1	30	0	4	81	4.93
2017-11-16 15:03:10.822	3B15-0000-0349-1557	Jlavigne08		5	64	0	49	122	40.16
2017-11-16 15:03:12.803	3B46-0000-032F-4D82	adrianjauregui		4	26	0	3	155	1.93
2017-11-16 15:03:14.537	3B5E-0000-0353-0D11	899404		5	24	0	6	92	6.52
2017-11-16 15:03:21.888	3B65-0000-032F-C126	maggara666	Traditional	63	427	0	58	3052	1.9
2017-11-16 15:03:23.541	3B67-0000-035A-77ED	Kammi2010		1	15	0	9	39	23.07
2017-11-16 15:03:25.788	3B90-0000-0342-1F9B	nekokanu		1	18	0	18	18	100
2017-11-16 15:03:27.517	3B96-0000-033B-6297	kqeva0716		4	35	0	28	58	48.27
2017-11-16 15:03:29.393	3B9F-0000-032E-8C94	RE5wjB		3	11	0	11	18	61.11
2017-11-16 15:03:31.756	3BAA-0000-0361-8689	MarieNowo		8	24	0	24	24	100
2017-11-16 15:03:33.618	3BB3-0000-030C-7F3D	Thomasigt	Puzzle	2	48	0	4	124	3.22
2017-11-16 15:03:34.981	3BBB-0000-0358-4A84	adriancaguana		1	13	0	3	28	10.71
2017-11-16 15:03:36.484	3BC6-0000-035E-4998	kiyoboo1222		4	30	0	20	108	18.51
2017-11-16 15:03:38.318	3BD7-0000-0365-0A2A	Vidarbye		1	11	0	6	64	9.37
2017-11-16 15:03:39.581	3C0E-0000-0349-2D62	BachBR	Puzzle	6	32	0	1	123	0.81
2017-11-16 15:03:41.525	3C0E-0000-034B-714E	lukengl	Traditional	10	35	0	14	169	8.28
2017-11-16 15:03:44.868	3C3E-0000-034C-90CC	AE4WiiU		1	15	0	1	37	2.7
2017-11-16 15:03:46.326	3C45-0000-0366-A466	ryudiego69		1	12	0	12	22	54.54
2017-11-16 15:03:47.999	3C56-0000-030A-603A	doliniscool		3	40	0	28	116	24.13
2017-11-16 15:03:49.304	3C63-0000-0312-7B45	WALTER-HOBBES		1	15	0	14	21	66.66
2017-11-16 15:03:50.884	3C6C-0000-0322-81AF	S.ATSUSAWA		2	20	0	10	56	17.85
2017-11-16 15:03:52.202	3C85-0000-031E-AE5E	SegaMegaMan	Theme	5	33	0	3	243	1.23
2017-11-16 15:03:54.923	3C95-0000-034C-82C3	CannabisCorpse2		1	12	0	1	47	2.12
2017-11-16 15:03:56.802	3CC1-0000-036A-7F75	seeyou1111		2	16	0	8	57	14.03
2017-11-16 15:03:57.99	3CD0-0000-035C-B2F2	Stephan1966		2	16	0	14	19	73.68
2017-11-16 15:03:59.598	3CEF-0000-035B-76D6	ainos-chile613		2	19	0	2	109	1.83
2017-11-16 15:04:00.967	3CFB-0000-0349-0495	johnpower2k		2	25	0	3	175	1.71
2017-11-16 15:04:02.463	3D06-0000-036B-E2CE	WIIUREOLI79	Remix	9	18	0	9	67	13.43
2017-11-16 15:04:03.906	3D24-0000-0342-1BFB	warnado64		1	16	0	2	60	3.33
2017-11-16 15:04:08.463	3D31-0000-030C-24E0	baryojai		1	28	0	15	52	28.84
2017-11-16 15:04:09.797	3D41-0000-0339-C69E	yoshinanahide		1	14	0	4	41	9.75
2017-11-16 15:04:11.217	3D46-0000-030A-9D8D	t.m.t.k-0303		1	27	0	2	76	2.63
2017-11-16 15:04:12.707	3D67-0000-0336-E8EF	NWC90er		2	14	0	4	38	10.52
2017-11-16 15:04:14.494	3D6E-0000-0327-8231	msmmcclendon		1	14	0	8	19	42.1
2017-11-16 15:04:16.428	3D86-0000-0355-D81B	EvanRosman		2	15	0	6	88	6.81
2017-11-16 15:04:20.001	3D9B-0000-0342-505D	DESPERADO-TV		1	20	0	3	54	5.55
2017-11-16 15:04:21.528	3DCB-0000-032E-CEA5	nimbus_87		1	19	0	12	27	44.44
2017-11-16 15:04:22.789	3E20-0000-0362-1965	yashihaa		1	10	0	5	57	8.77
2017-11-16 15:04:24.427	3E3A-0000-033D-01CD	Mario1UPkoopa		4	39	0	4	151	2.64
2017-11-16 15:04:25.749	3E3D-0000-0356-538A	666666io		1	13	0	12	18	66.66
2017-11-16 15:04:27.99	3E8F-0000-0344-DF78	sharpfin		1	17	0	7	117	5.98
2017-11-16 15:04:29.632	3E9C-0000-035B-A680	MR.RAZZ		1	10	0	3	24	12.5
2017-11-16 15:04:31.951	3EB6-0000-0333-3F1E	syunbun.ka		4	57	0	37	201	18.4
2017-11-16 15:04:33.644	3EDB-0000-0341-EED9	Boy800N		1	13	0	13	14	92.85
2017-11-16 15:04:34.901	3EDF-0000-0368-23C6	mateus7anoa		1	12	0	1	45	2.22
2017-11-16 15:04:36.632	3F15-0000-0306-D6C0	tanimu0408		1	22	0	11	140	7.85
2017-11-16 15:04:38.086	3F1F-0000-0348-B811	PitokoParrudo666		1	23	0	7	77	9.09
2017-11-16 15:04:41.596	3F26-0000-032D-27A5	annabear13		3	28	0	10	109	9.17
2017-11-16 15:04:43.039	3F55-0000-0301-0B23	pagarri-2		3	22	0	15	25	60
2017-11-16 15:04:45.842	3F63-0000-031C-95EF	gus.azv	Remix	25	176	0	61	593	10.28
2017-11-16 15:04:48.726	3F9F-0000-0349-9376	toebreaker776		3	47	0	31	133	23.3
2017-11-16 15:04:51.925	3FC5-0000-0362-0118	CESARMAJANO		2	20	0	4	79	5.06
2017-11-16 15:04:53.463	3FD6-0000-035F-B8E1	irohanikito		3	13	0	4	93	4.3
2017-11-16 15:04:55.621	3FFC-0000-0318-9DD9	King92		2	39	0	6	172	3.48
2017-11-16 15:04:57.33	4003-0000-033D-0442	LEREMORQUEUR2016		8	45	0	27	266	10.15
2017-11-16 15:04:58.858	4018-0000-0332-F4E3	Yuyu648		1	18	0	14	30	46.66
2017-11-16 15:05:00.484	401F-0000-0335-22EA	kurumin0419		1	19	0	5	132	3.78
2017-11-16 15:05:03.435	4023-0000-033F-55B5	marioman52309		1	14	0	6	44	13.63
2017-11-16 15:05:06.039	403C-0000-0339-7A34	Nfamiz_Jay	Traditional	20	123	0	72	570	12.63
2017-11-16 15:05:07.312	4043-0000-0344-575F	OKU-RYO.203		1	13	0	7	16	43.75
2017-11-16 15:05:08.712	4044-0000-035F-F6EF	bluefinch2017		1	12	0	4	45	8.88
2017-11-16 15:05:10.394	4064-0000-0347-BE6A	CursiveMicX3	Remix	5	32	0	28	69	40.57
2017-11-16 15:05:12.395	4072-0000-0310-F45B	snix12		4	54	0	24	192	12.5
2017-11-16 15:05:15.051	407C-0000-0342-640B	thanthetank		2	24	0	20	58	34.48
2017-11-16 15:05:16.871	4089-0000-034D-84FD	NYATTITTI		4	26	0	8	446	1.79
2017-11-16 15:05:18.167	4092-0000-0334-07BB	sharionh		2	21	0	16	44	36.36
2017-11-16 15:05:19.477	4096-0000-0302-AD57	U-superman2		1	10	0	1	29	3.44
2017-11-16 15:05:21.348	40A9-0000-0338-6D9C	Vagza01		6	35	0	12	83	14.45
2017-11-16 15:05:22.798	40B9-0000-035A-3499	sharionh		3	17	0	14	38	36.84
2017-11-16 15:05:25.329	40C0-0000-035F-15E8	BooDiego		12	56	0	8	850	0.94
2017-11-16 15:05:27.192	40D5-0000-0354-E82D	24789-skas		2	14	0	13	15	86.66
2017-11-16 15:05:28.68	40DD-0000-034D-1809	dellbox2		1	15	0	15	21	71.42
2017-11-16 15:05:30.935	40E9-0000-031A-9F9D	sarkasticwiz	Speedrun	32	274	0	49	3949	1.24
2017-11-16 15:05:33.048	40F6-0000-0346-477B	yjh-taka-1213		7	28	0	8	302	2.64
2017-11-16 15:05:34.603	410B-0000-0339-715D	vickyray1986		2	34	0	20	106	18.86
2017-11-16 15:05:36.649	417D-0000-0367-9142	mateus7anoa		1	12	0	3	40	7.5
2017-11-16 15:05:39.911	41B1-0000-0369-9D39	Fritzef		29	59	0	25	982	2.54
2017-11-16 15:05:41.167	41B4-0000-032F-5C4E	suwanco3		3	24	0	1	89	1.12
2017-11-16 15:05:42.371	41C5-0000-035D-E170	eritosuperplayer		1	12	0	3	32	9.37
2017-11-16 15:05:44.165	41FA-0000-031D-87F5	Shun246810		1	22	0	14	51	27.45
2017-11-16 15:05:46.493	4206-0000-0307-6912	Firzen592798		20	205	0	9	3595	0.25
2017-11-16 15:05:49.823	4218-0000-0328-965D	gean56		2	29	0	10	127	7.87
2017-11-16 15:05:51.471	4240-0000-035A-4951	higashiniike		1	13	0	2	56	3.57
2017-11-16 15:05:53.363	4272-0000-033E-668D	duke_mcnewt	Theme	21	64	0	26	262	9.92
2017-11-16 15:05:56.038	4278-0000-0345-B7E7	Archon623		17	90	0	57	267	21.34
2017-11-16 15:06:01.024	428D-0000-0337-4101	WillianFOX	Remix	24	159	0	37	410	9.02
2017-11-16 15:06:02.424	4293-0000-0328-F82D	osmaro1990		2	39	0	8	102	7.84
2017-11-16 15:06:03.94	42CA-0000-0354-E74E	GabrielSara		2	17	0	17	20	85
2017-11-16 15:06:05.761	42D1-0000-034F-DE22	dellbox2		9	44	0	31	144	21.52
2017-11-16 15:06:07.527	42D8-0000-0319-91EA	Alchest93		2	41	0	24	134	17.91
2017-11-16 15:06:09.044	4309-0000-030D-E4AC	jan_rasmus		1	15	0	3	34	8.82
2017-11-16 15:06:12.98	4320-0000-0354-9624	raito4525		1	16	0	2	54	3.7
2017-11-16 15:06:14.669	4330-0000-0360-2322	doenerti		1	14	0	3	46	6.52
2017-11-16 15:06:15.859	4352-0000-0331-410E	DiiU23		1	25	0	3	63	4.76
2017-11-16 15:06:17.46	436F-0000-033C-E9B2	Catuto		2	30	0	6	147	4.08
2017-11-16 15:06:19.756	4370-0000-0351-6EDE	Joey_Liverwurst	Shoot-'em-up	53	380	0	39	1471	2.65
2017-11-16 15:06:21.616	4375-0000-0305-0BFE	JConno		1	29	0	2	74	2.7
2017-11-16 15:06:24.319	4392-0000-030A-8CF8	omusubi131		1	22	0	7	70	10
2017-11-16 15:06:25.825	43A6-0000-033C-A919	Goldenflame01		1	20	0	16	58	27.58
2017-11-16 15:06:27.261	43C3-0000-0331-FDDD	ElMagnifico721		2	12	0	4	40	10
2017-11-16 15:06:28.767	43CD-0000-035C-6C53			1	13	0	0	93	0
2017-11-16 15:06:30.309	43FC-0000-032C-914A	umutnuray		1	17	0	7	47	14.89
2017-11-16 15:06:32.188	4416-0000-034C-329A	mhkcmaeno		1	12	0	3	50	6
2017-11-16 15:06:34.394	442A-0000-0346-9740	keeslua2		2	21	0	4	72	5.55
2017-11-16 15:06:36.11	4439-0000-0369-27A3	akito313		3	15	0	11	33	33.33
2017-11-16 15:06:37.534	447B-0000-033A-BF95			2	14	0	0	81	0
2017-11-16 15:06:38.741	447C-0000-0364-9FDB	zevgershon		3	12	0	7	24	29.16
2017-11-16 15:06:40.152	44D1-0000-0310-41D1	haasa1310		1	21	0	8	82	9.75
2017-11-16 15:06:41.814	44DD-0000-0363-9091	Xx-Lionfire87-xX		1	13	0	10	25	40
2017-11-16 15:06:43.24	44E2-0000-0358-BB1F	Ghost_TF141_MW2	Traditional	7	37	0	3	224	1.33
2017-11-16 15:06:45.399	44E5-0000-034C-9F21	fernandohaitjr		1	14	0	8	39	20.51
2017-11-16 15:06:47.164	44F5-0000-033D-46BC	GameofJosh		1	14	0	11	27	40.74
2017-11-16 15:06:49.258	44FB-0000-0338-7236	marciojuliao		5	51	0	8	108	7.4
2017-11-16 15:06:50.725	44FB-0000-0347-360D	katiuscia93		2	15	0	7	40	17.5
2017-11-16 15:06:52.051	4506-0000-035A-B4B1	Free-Spirit-Boy		1	14	0	1	269	0.37
2017-11-16 15:06:54.057	4508-0000-0306-142D	JoshSweg69		10	69	0	12	556	2.15
2017-11-16 15:06:56.482	450A-0000-0308-95C5	MasterOfTheHunt6		1	25	0	5	58	8.62
2017-11-16 15:06:58.34	453F-0000-035D-1977	kickinbro189		1	12	0	6	110	5.45
2017-11-16 15:07:00.751	45CF-0000-0323-E47D	kiay-mizuki		1	17	0	3	29	10.34
2017-11-16 15:07:02.135	45E1-0000-0306-9A40	beckybr		1	21	0	17	32	53.12
2017-11-16 15:07:03.463	4650-0000-034A-803A	diasthiago		4	20	0	16	36	44.44
2017-11-16 15:07:06.559	4665-0000-033E-849E	THEPACOSHOW	Music	73	588	0	27	9018	0.29
2017-11-16 15:07:09.208	4689-0000-034F-2537	12maty		7	52	0	24	256	9.37
2017-11-16 15:07:11.076	469A-0000-0348-BAB1	yuki8040		2	26	0	10	108	9.25
2017-11-16 15:07:13.454	46D0-0000-030A-037F	TFull330	Yoshi	31	219	0	25	1271	1.96
2017-11-16 15:07:14.529	46D8-0000-035D-3F5A	drbighouse		1	12	0	2	44	4.54
2017-11-16 15:07:16.331	46E7-0000-0332-02E6	iotm148-a13		3	29	0	9	164	5.48
2017-11-16 15:07:17.871	46EA-0000-035A-0D7F	MAXECKER87		7	40	0	23	193	11.91
2017-11-16 15:07:20.365	46F4-0000-0333-17CF	vitablex		1	17	0	15	25	60
2017-11-16 15:07:22.094	46FD-0000-0307-70F7	neech42087		1	20	0	17	36	47.22
2017-11-16 15:07:23.523	472C-0000-0367-EE37	1t2t11		2	12	0	4	121	3.3
2017-11-16 15:07:25.95	4746-0000-034D-25A4	andrewplatt2	Dash	17	200	0	4	11766	0.03
2017-11-16 15:07:27.547	4763-0000-0313-4524	foltrol		6	49	0	3	205	1.46
2017-11-16 15:07:30.288	4779-0000-0331-3D12	superjokan		3	31	0	24	66	36.36
2017-11-16 15:07:34.365	4788-0000-0362-B5EC	woelfer		1	10	0	10	10	100
2017-11-16 15:07:35.766	4797-0000-033C-B01B	Limoeiro		3	14	0	6	107	5.6
2017-11-16 15:07:37.258	47B3-0000-02FF-9405	okamoto6bonnba		1	32	0	19	83	22.89
2017-11-16 15:07:38.581	47B7-0000-0360-2F8C	mirai-shin		2	13	0	4	112	3.57
2017-11-16 15:07:40.628	47D5-0000-032F-9E63	koasken		5	41	0	30	118	25.42
2017-11-16 15:07:43.993	47D8-0000-0304-4063	Jason3742		3	39	0	26	71	36.61
2017-11-16 15:07:46.986	47EF-0000-0344-8F56	Rafao01	Automatic	7	51	0	7	462	1.51
2017-11-16 15:07:48.25	47EF-0000-0368-14B2	mimouche2007		4	22	0	5	60	8.33
2017-11-16 15:07:49.719	4823-0000-0337-C9FD	ElMagnifico721		1	18	0	3	53	5.66
2017-11-16 15:07:51.266	4836-0000-0363-CD09	Launchpad01		1	11	0	2	46	4.34
2017-11-16 15:07:53.494	4862-0000-0361-8C64	snouserman	Traditional	22	66	0	43	218	19.72
2017-11-16 15:07:55.975	4863-0000-0356-5734	ANGELDHH		5	19	0	5	104	4.8
2017-11-16 15:07:57.63	486A-0000-0302-B795	Squils		2	38	0	8	203	3.94
2017-11-16 15:07:58.68	487F-0000-0360-9DDA	suller.souza	Puzzle	4	12	0	3	57	5.26
2017-11-16 15:08:00.265	48B1-0000-030A-BF97	FuYuKi95		2	29	0	6	74	8.1
2017-11-16 15:08:01.54	48CB-0000-035B-7CBE	AE4WiiU		1	14	0	9	31	29.03
2017-11-16 15:08:04.964	48D5-0000-0351-C886	WiSi1975	Traditional	9	50	0	22	213	10.32
2017-11-16 15:08:08.549	48FF-0000-0314-8543	erikjeremy		8	84	0	67	194	34.53
2017-11-16 15:08:11.113	498D-0000-030F-C990	helioh3		3	40	0	14	142	9.85
2017-11-16 15:08:12.359	49C6-0000-0358-4338	MelloNut		1	11	0	7	15	46.66
2017-11-16 15:08:13.809	49D4-0000-0365-E272	Timridge		5	22	0	3	67	4.47
2017-11-16 15:08:15.785	49EA-0000-0324-964F	wewins		3	21	0	13	158	8.22
2017-11-16 15:08:17.578	49F0-0000-0331-AB21	Ursus2000		1	13	0	5	34	14.7
2017-11-16 15:08:19.822	4A00-0000-0307-B39A	BenjaminOlaf		2	28	0	28	28	100
2017-11-16 15:08:22.633	4A01-0000-0308-A0E1	Limoeiro	Traditional	29	202	0	114	763	14.94
2017-11-16 15:08:24.624	4A3D-0000-031A-438C	fabriziopalomino		1	28	0	1	294	0.34
2017-11-16 15:08:26.211	4A42-0000-0357-98A7	izaquemoraes	Theme	2	15	0	5	43	11.62
2017-11-16 15:08:30.119	4A4A-0000-032B-9F48	WIIUREOLI79	Traditional	20	98	0	20	343	5.83
2017-11-16 15:08:31.78	4A63-0000-0305-0572	Litschie66		4	30	0	30	30	100
2017-11-16 15:08:33.076	4A65-0000-0361-FD36	lasercuatro		3	16	0	4	90	4.44
2017-11-16 15:08:35.149	4A7C-0000-031C-5E69	GalaxyType		6	48	0	35	152	23.02
2017-11-16 15:08:36.589	4A85-0000-0343-B49B	sydjax113		1	19	0	14	48	29.16
2017-11-16 15:08:43.147	4ADA-0000-0305-7F67	maezimasana		22	145	0	97	377	25.72
2017-11-16 15:08:44.618	4B20-0000-0301-6341	finnlug07		1	12	0	3	29	10.34
2017-11-16 15:08:46.066	4B2F-0000-0331-388B	rodo666		1	16	0	8	34	23.52
2017-11-16 15:08:48.078	4B4A-0000-035B-F027	yaelito19		1	14	0	6	69	8.69
2017-11-16 15:08:50.595	4B80-0000-032E-3E43	Firzen592798	Theme	8	50	1	10	191	5.23
2017-11-16 15:08:53.134	4B85-0000-0341-6DF8	Nolan2424		1	24	0	24	24	100
2017-11-16 15:08:56.084	4B9C-0000-033E-A21D	anrintendo	Traditional	36	214	0	156	469	33.26
2017-11-16 15:08:58.419	4BBE-0000-0309-BBD5	Thatoneguy2022		26	190	0	44	1524	2.88
2017-11-16 15:08:59.952	4BDE-0000-02FF-8749	Lightning1701		1	17	0	12	30	40
2017-11-16 15:09:01.344	4BFE-0000-0344-61F6	cooldad777		1	16	0	12	25	48
2017-11-16 15:09:03.223	4C03-0000-033A-40FF	lukengl	Theme	8	44	0	3	134	2.23
2017-11-16 15:09:07.096	4CCE-0000-0352-FBDF	csrob2828		2	25	0	15	96	15.62
2017-11-16 15:09:09	4CD2-0000-0335-AADD	Pacowinfry09		3	24	0	20	28	71.42
2017-11-16 15:09:10.32	4CDC-0000-0342-4DF1	Dunkleosaurus439		2	29	0	16	168	9.52
2017-11-16 15:09:12.223	4D0D-0000-0359-AE75	adilomjr		6	37	0	13	258	5.03
2017-11-16 15:09:13.723	4D12-0000-0333-B9B0	Count_Calculus		5	32	0	9	105	8.57
2017-11-16 15:09:15.44	4D44-0000-0344-8469	ninkihnmk		3	18	0	8	115	6.95
2017-11-16 15:09:18.898	4D4A-0000-0349-94D6	jesusjvc123		2	20	0	10	115	8.69
2017-11-16 15:09:20.917	4D4D-0000-0305-6C48	frosti-P		3	54	0	37	172	21.51
2017-11-16 15:09:22.22	4D5D-0000-0332-42B2	el-exin		2	21	0	7	141	4.96
2017-11-16 15:09:25.041	4D87-0000-033C-A721	TheAydelotteHome		13	60	0	17	296	5.74
2017-11-16 15:09:27.172	4D89-0000-0311-FD05	clasnesicgamer		1	24	0	3	51	5.88
2017-11-16 15:09:31.173	4D8E-0000-031E-F0B3	imdaman08		1	13	0	11	14	78.57
2017-11-16 15:09:33.765	4D91-0000-0310-9126	TheBlessing	Yoshi	35	247	0	47	1154	4.07
2017-11-16 15:09:34.885	4D94-0000-0301-CBBE	jcnp24		2	12	0	2	73	2.73
2017-11-16 15:09:36.528	4DA3-0000-0363-CCDB	Launchpad01		3	18	0	10	70	14.28
2017-11-16 15:09:38.86	4DB2-0000-0319-1DCC	agsonsilva	Dash	45	414	0	14	10066	0.13
2017-11-16 15:09:42.791	4DE1-0000-0305-D87C	Pitchalou		5	38	0	13	133	9.77
2017-11-16 15:09:44.247	4DF4-0000-0363-00CB	memobecker		2	17	0	14	30	46.66
2017-11-16 15:09:45.927	4DF7-0000-035D-BC13	dellbox2		5	15	0	14	37	37.83
2017-11-16 15:09:47.538	4E00-0000-034E-64F5	PPCDSALVC69		1	18	0	7	102	6.86
2017-11-16 15:09:50.083	4E35-0000-031A-6DD1	WIIUREOLI79	Speedrun	13	51	0	33	121	27.27
2017-11-16 15:09:52.423	4E37-0000-0336-231B	jojo13370		1	22	0	22	23	95.65
2017-11-16 15:09:54.825	4E3B-0000-0353-1276	suller.souza	Remix	9	50	0	23	151	15.23
2017-11-16 15:09:56.33	4E46-0000-035C-C175	Orona01		3	19	0	2	74	2.7
2017-11-16 15:09:57.779	4E90-0000-0345-424A	rztrules		2	19	0	14	25	56
2017-11-16 15:09:59.299	4EA8-0000-030F-B74B	R3nk0Mak3r		2	25	0	13	45	28.88
2017-11-16 15:10:01.058	4ED1-0000-0337-BEB2	Chumblespuz		3	34	0	23	93	24.73
2017-11-16 15:10:02.833	4F06-0000-031C-76FA	gus.azv	Remix	10	64	0	7	205	3.41
2017-11-16 15:10:04.478	4F4B-0000-0339-5AFE	axel49500		1	15	0	6	56	10.71
2017-11-16 15:10:08.361	4F6C-0000-0339-F444	kirinson		2	34	0	23	147	15.64
2017-11-16 15:10:09.901	4F6C-0000-0344-E23A	soulshined		2	25	0	9	108	8.33
2017-11-16 15:10:11.521	4F89-0000-0336-D536	funkytrain-type2		2	15	0	3	43	6.97
2017-11-16 15:10:12.917	4F99-0000-033F-AE1D	soulshined		2	21	0	5	68	7.35
2017-11-16 15:10:15.047	4FA8-0000-0348-ADF6	Dusty0222		1	13	0	11	26	42.3
2017-11-16 15:10:16.936	5013-0000-0337-A91A	yuking321		10	123	0	2	4640	0.04
2017-11-16 15:10:19.811	5022-0000-0328-8BE5	Mateus1993		1	24	0	1	46	2.17
2017-11-16 15:10:21.419	502A-0000-0360-193F	eneriet		2	13	0	12	20	60
2017-11-16 15:10:22.743	503D-0000-035D-FA92	AgentMantis		1	20	0	13	60	21.66
2017-11-16 15:10:24.158	504B-0000-0350-28C7	MasterRiv		1	19	0	5	51	9.8
2017-11-16 15:10:26.862	5054-0000-0357-9CF9	snsd10	Speedrun	3	42	0	32	97	32.98
2017-11-16 15:10:28.251	5062-0000-0339-B9EA	btanne6		1	17	0	13	25	52
2017-11-16 15:10:31.934	5069-0000-0303-A6A3	jonas0814		10	77	0	41	195	21.02
2017-11-16 15:10:33.392	5073-0000-0337-CD40	TFC.1986		2	32	0	4	355	1.12
2017-11-16 15:10:36.382	5090-0000-0313-3A19	WIIUREOLI79	Theme	21	141	0	19	644	2.95
2017-11-16 15:10:37.735	50AC-0000-0355-63DE	weplay85		1	12	0	6	30	20
2017-11-16 15:10:39.637	50C1-0000-0338-6495	DinisProGamer		2	23	0	9	76	11.84
2017-11-16 15:10:43.209	50C4-0000-0342-FD70	Limoeiro		6	28	0	8	146	5.47
2017-11-16 15:10:45.369	50D3-0000-0305-E666	NuttyMonkey	Dash	16	143	0	4	1636	0.24
2017-11-16 15:10:47.244	50EF-0000-0320-E562	cpncool		2	19	0	8	80	10
2017-11-16 15:10:48.567	5109-0000-0368-1DB9	Lemoshae		0	11	0	3	46	6.52
2017-11-16 15:10:50.079	511B-0000-0334-14A3	luckyoshi		1	19	0	14	93	15.05
2017-11-16 15:10:53.273	5136-0000-0351-CE92	NuttyMonkey		18	68	0	13	3582	0.36
2017-11-16 15:10:54.403	5152-0000-034C-A86C	berryexplosion58		6	26	0	8	186	4.3
2017-11-16 15:10:57.585	5168-0000-030C-951E	c531051	Traditional	23	159	0	56	393	14.24
2017-11-16 15:11:00.22	5193-0000-034C-32F4	Greyvin000		3	37	0	29	72	40.27
2017-11-16 15:11:07.354	519D-0000-031D-83D3	sonario8		15	163	0	68	879	7.73
2017-11-16 15:11:09.494	51A1-0000-033B-B658	1611boys		12	55	0	41	150	27.33
2017-11-16 15:11:10.718	51A3-0000-035E-8D63	Luckstorm		2	21	0	8	111	7.2
2017-11-16 15:11:13.048	51C3-0000-032A-F7DD	kurozero777		6	58	0	6	178	3.37
2017-11-16 15:11:14.425	51C3-0000-0350-E2AE	tokineto		1	16	0	3	40	7.5
2017-11-16 15:11:17.134	51C5-0000-0312-9A42	Mateus1993		2	47	0	2	133	1.5
2017-11-16 15:11:18.959	51CD-0000-030A-DA69	fujimoch_u		2	24	0	11	79	13.92
2017-11-16 15:11:21.258	51E0-0000-0324-F5E9	George-louizos		4	39	0	28	135	20.74
2017-11-16 15:11:23.586	51FF-0000-0330-A2B0	santana64		5	57	0	35	224	15.62
2017-11-16 15:11:25.344	5200-0000-030D-F145	landon2010landon		7	46	0	39	79	49.36
2017-11-16 15:11:27.382	5211-0000-0337-8FC4	miikaetzchen	Theme	17	66	0	24	292	8.21
2017-11-16 15:11:31.361	5226-0000-0330-0400	drag0nd3str0y		8	70	0	67	94	71.27
2017-11-16 15:11:33.029	5253-0000-0309-DFC0	kjk0414		3	32	0	9	155	5.8
2017-11-16 15:11:35.34	5257-0000-0308-9962	matsnnyk		7	67	0	13	260	5
2017-11-16 15:11:36.832	526F-0000-035F-8924	GGMM_Rene		3	18	0	5	88	5.68
2017-11-16 15:11:38.264	5282-0000-0346-AEBC	SZUPER4u		1	12	0	1	36	2.77
2017-11-16 15:11:39.783	5284-0000-033F-3211	squid_farm		2	21	0	11	118	9.32
2017-11-16 15:11:41.818	5285-0000-035B-7AF3	Gessualdo	Puzzle	6	35	0	8	191	4.18
2017-11-16 15:11:44.258	5289-0000-0363-9A11	Abelardo13		1	11	0	5	24	20.83
2017-11-16 15:11:46.023	52AC-0000-0309-DD4D	TOWA3560		1	22	0	7	74	9.45
2017-11-16 15:11:47.518	52AE-0000-0338-36E3	Bundeswehr04		1	11	0	6	57	10.52
2017-11-16 15:11:48.985	52AF-0000-034A-8634	diasthiago		1	10	0	6	44	13.63
2017-11-16 15:11:50.365	52D4-0000-0359-AAD3	krispoh		1	12	0	3	65	4.61
2017-11-16 15:11:53.919	52DC-0000-034C-CD3E	mgse1234		4	25	0	8	362	2.2
2017-11-16 15:11:55.325	531C-0000-0347-5BB0	dellbox2		3	19	0	13	27	48.14
2017-11-16 15:11:56.789	5344-0000-036C-1E90	Joacomenawen		3	17	0	5	65	7.69
2017-11-16 15:11:59.427	5345-0000-0320-8397	haleym01		17	78	0	78	86	90.69
2017-11-16 15:12:00.708	5363-0000-035F-735B	Anton1212		2	11	0	4	80	5
2017-11-16 15:12:03.302	5378-0000-034D-15E4	ZPappa7		12	64	0	2	1973	0.1
2017-11-16 15:12:04.945	5379-0000-0310-126C	EmmaRiley1130		2	25	0	24	29	82.75
2017-11-16 15:12:06.594	53BF-0000-034E-AB6C	max-leonardo		2	24	0	16	57	28.07
2017-11-16 15:12:08.005	53C9-0000-030A-D7A2	kaitakun		1	18	0	3	51	5.88
2017-11-16 15:12:09.789	53CE-0000-0317-6C3F	mamasan0727		4	30	0	29	37	78.37
2017-11-16 15:12:12.222	53F1-0000-0359-B0A9	Liamisdabomb123		2	25	0	9	306	2.94
2017-11-16 15:12:15.166	53F6-0000-0365-A4BB	ZOMBUDDY1		3	19	0	12	91	13.18
2017-11-16 15:12:16.997	53F7-0000-0351-C881	saint.reserve		2	25	0	3	97	3.09
2017-11-16 15:12:18.464	541C-0000-0344-0CB1	lukengl	Traditional	6	40	0	3	499	0.6
2017-11-16 15:12:20.219	542A-0000-0337-5890	FUGISEN		5	43	0	36	65	55.38
2017-11-16 15:12:21.741	548D-0000-0349-F6C6	spookyspear		1	16	0	8	35	22.85
2017-11-16 15:12:23.05	549D-0000-032F-44AC	ChainMcLoud		1	13	0	12	25	48
2017-11-16 15:12:25.076	54BE-0000-0347-BA8A	pbrute	Traditional	5	37	0	16	140	11.42
2017-11-16 15:12:27.363	54EE-0000-0301-12A1	zurifury		2	38	0	4	232	1.72
2017-11-16 15:12:28.961	552A-0000-0335-65F6	Shadowlynk		2	19	0	5	50	10
2017-11-16 15:12:30.856	5544-0000-0308-27FF	Profitt		2	45	0	3	112	2.67
2017-11-16 15:12:32.313	5544-0000-0315-A8B3	lord_sephirot		2	14	0	4	42	9.52
2017-11-16 15:12:33.691	55C4-0000-0352-1F6A	artslayer2005		1	12	0	4	48	8.33
2017-11-16 15:12:36.187	55D1-0000-0362-3B27			1	11	0	0	68	0
2017-11-16 15:12:37.932	55D2-0000-0367-BFA4	micah1028		4	21	0	10	108	9.25
2017-11-16 15:12:39.349	55F9-0000-035B-2655	Cutorline14YT		1	15	0	8	28	28.57
2017-11-16 15:12:40.837	55FB-0000-032E-9E6C	Edwin18		2	19	0	12	32	37.5
2017-11-16 15:12:42.876	5625-0000-0361-64FE	marciojuliao	Dash	10	37	0	10	103	9.7
2017-11-16 15:12:44.931	5657-0000-032C-5B04	RevTim70		5	44	0	24	134	17.91
2017-11-16 15:12:48.415	565C-0000-0303-7A5E	ThatBillmanGuy		1	26	0	22	34	64.7
2017-11-16 15:12:51.518	5684-0000-034D-E0CA	Remiru_nexus		32	213	0	54	1008	5.35
2017-11-16 15:12:53.007	5694-0000-034A-6D19	robd14		1	11	0	7	13	53.84
2017-11-16 15:12:55.753	56B5-0000-0342-CB17	Mariomasters420		5	44	0	12	152	7.89
2017-11-16 15:12:59.956	56BC-0000-0338-B657	lukengl	Remix	23	99	0	29	502	5.77
2017-11-16 15:13:01.416	5718-0000-0354-9A38	Firzen592798		4	29	0	1	264	0.37
2017-11-16 15:13:02.613	5728-0000-034C-F039	danivegetta777		1	11	0	10	14	71.42
2017-11-16 15:13:04.753	5736-0000-031F-AD25	ShadowLiink	Speedrun	18	147	0	7	2265	0.3
2017-11-16 15:13:06.229	573A-0000-0368-2862	StevenBros85		3	16	0	1	79	1.26
2017-11-16 15:13:10.559	573B-0000-0314-1AE0	Cormoran_HH	Traditional	96	652	0	128	3039	4.21
2017-11-16 15:13:12.779	5747-0000-0343-632A	Lalo87		1	26	0	5	74	6.75
2017-11-16 15:13:14.682	575A-0000-0352-1AE9	Happy-Style-Jana		2	12	0	11	13	84.61
2017-11-16 15:13:16.158	5770-0000-0300-3FD9	Monteagudoman77		1	27	0	1	125	0.8
2017-11-16 15:13:19.167	57AB-0000-0333-AA7C	Nicholas122967	Shoot-'em-up	24	88	0	66	137	48.17
2017-11-16 15:13:22.526	57AD-0000-031D-98FA	JulioMega		2	44	0	10	273	3.66
2017-11-16 15:13:24.082	57D1-0000-0331-845A	swordmaster99		1	15	0	9	57	15.78
2017-11-16 15:13:25.936	57DD-0000-0346-F120	Yiyito510		1	12	0	12	13	92.3
2017-11-16 15:13:27.4	5816-0000-033C-4857	bryansilva2002		1	14	0	11	39	28.2
2017-11-16 15:13:31.417	582A-0000-0323-2E3F	Amber1484	Autoscroll	96	657	0	189	1990	9.49
2017-11-16 15:13:34.202	587E-0000-0304-1F88	chef_derek		1	21	0	3	40	7.5
2017-11-16 15:13:36.3	5891-0000-0320-87E0			2	19	0	6	62	9.67
2017-11-16 15:13:38.599	58BB-0000-033A-75D5	EternalWarpuppy	Traditional	29	121	0	15	4912	0.3
2017-11-16 15:13:40.69	5918-0000-0357-0A44	ninja8tiger	Traditional	9	51	0	30	248	12.09
2017-11-16 15:13:42.343	5925-0000-031F-6866	Teddyfriend1		3	34	0	17	92	18.47
2017-11-16 15:13:43.828	5928-0000-0320-CE9E	yomogi5c		1	19	0	3	69	4.34
2017-11-16 15:13:48.697	594F-0000-02FF-0C9D	McDippy88	Traditional	8	69	0	15	164	9.14
2017-11-16 15:13:50.296	5977-0000-0346-EF70	petros1211		2	21	0	16	35	45.71
2017-11-16 15:13:52.078	599B-0000-0329-EFD4	dyanenduron		4	76	0	73	141	51.77
2017-11-16 15:13:53.659	59A4-0000-0308-3135	Seeean		2	28	0	9	85	10.58
2017-11-16 15:13:55.304	59D4-0000-033A-CED0	toshibon813		1	26	0	17	65	26.15
2017-11-16 15:14:00.265	59F9-0000-0341-CFC9	JuniorAce		17	76	0	62	118	52.54
2017-11-16 15:14:01.658	5A02-0000-035E-CC67	HotaruSaturn23		1	10	0	7	25	28
2017-11-16 15:14:03.116	5A1A-0000-032A-3309	bantastic8		3	21	0	17	23	73.91
2017-11-16 15:14:04.711	5A1E-0000-031F-57EE	zurdes		5	35	0	6	203	2.95
2017-11-16 15:14:06.266	5A26-0000-0365-367E	WIIUREOLI79	Traditional	12	33	0	9	229	3.93
2017-11-16 15:14:08.766	5A2B-0000-033B-9B65	JulioMega	Theme	12	71	0	5	205	2.43
2017-11-16 15:14:11.656	5A44-0000-0348-249C	Rickyspr		10	73	0	70	270	25.92
2017-11-16 15:14:12.74	5A65-0000-0362-FE83	Shaylan007		2	17	0	15	27	55.55
2017-11-16 15:14:15.715	5A76-0000-033C-CE20	J.L.S.Rau		4	38	0	26	158	16.45
2017-11-16 15:14:17.611	5AA7-0000-0360-F80C	caramel.09.09.09		1	12	0	7	53	13.2
2017-11-16 15:14:22.474	5AB0-0000-02FF-CBE3	Sympletun	Remix	21	68	0	31	271	11.43
2017-11-16 15:14:24.954	5AB1-0000-0368-42D3	o.takaaki	Yoshi	22	55	1	35	239	14.64
2017-11-16 15:14:26.901	5ABA-0000-0311-E395	jacobrw420		9	73	0	73	76	96.05
2017-11-16 15:14:28.898	5AE0-0000-0333-9A6B	Ghost_TF141_MW2		4	39	0	4	114	3.5
2017-11-16 15:14:31.298	5B0D-0000-0324-48B8	WiiUCortes		1	26	0	13	56	23.21
2017-11-16 15:14:34.815	5B33-0000-0328-6B1B	te.amo.bebe.17		4	60	0	53	290	18.27
2017-11-16 15:14:36.048	5B87-0000-0350-E5AE	GalatasarayArda		1	11	0	1	37	2.7
2017-11-16 15:14:39.294	5B94-0000-031F-A025	awesome_world-25	Traditional	74	551	0	55	4490	1.22
2017-11-16 15:14:41.211	5BC2-0000-031A-7931	hvacdad1971		2	19	0	17	22	77.27
2017-11-16 15:14:46.535	5BC6-0000-0327-B911	jensdebra		5	55	0	42	146	28.76
2017-11-16 15:14:47.962	5BD9-0000-034E-69A9	Lucas2k16		1	14	0	6	57	10.52
2017-11-16 15:14:49.485	5BE3-0000-033B-FF80	goomookuju		13	53	0	49	70	70
2017-11-16 15:14:50.922	5C17-0000-033C-B127	Tato.1985		1	16	0	10	27	37.03
2017-11-16 15:14:52.374	5C36-0000-0344-D6F0	Gorfan		2	22	0	16	139	11.51
2017-11-16 15:14:53.981	5C5A-0000-030E-0B27	ru2004pro		1	20	0	12	35	34.28
2017-11-16 15:14:59.157	5C5D-0000-0308-9B5F	ricozzy	Traditional	21	153	0	25	747	3.34
2017-11-16 15:15:00.242	5C6F-0000-032E-522C	dellbox2		1	19	0	10	98	10.2
2017-11-16 15:15:01.932	5C8F-0000-0314-F4E2	aaa5525		2	37	0	8	161	4.96
2017-11-16 15:15:03.419	5C9F-0000-0347-3C15	depechecobra		4	32	0	6	79	7.59
2017-11-16 15:15:05.426	5CD6-0000-0327-C891	MKRtuloGame		4	41	0	5	386	1.29
2017-11-16 15:15:07.482	5CDB-0000-0362-5242	WillianFOX	Traditional	6	25	0	4	95	4.21
2017-11-16 15:15:09.489	5CE4-0000-0366-57ED	LaceyDog22		2	17	0	8	60	13.33
2017-11-16 15:15:11.642	5CE7-0000-0359-511F	wewins		1	13	0	3	95	3.15
2017-11-16 15:15:13.643	5CFC-0000-033A-D5C5	nixerkg		3	43	0	24	106	22.64
2017-11-16 15:15:14.872	5D08-0000-031C-F5A3	Sconebunny		4	34	0	2	278	0.71
2017-11-16 15:15:16.276	5D0C-0000-0306-E015	PedroW29		1	30	0	4	55	7.27
2017-11-16 15:15:18.161	5D12-0000-0322-AAEE	gus.azv	Autoscroll	14	57	0	11	191	5.75
2017-11-16 15:15:22.189	5D3B-0000-0352-8D38			1	13	0	0	110	0
2017-11-16 15:15:24.501	5D75-0000-033F-4BA0	MAKOTO0106		3	31	0	18	136	13.23
2017-11-16 15:15:25.644	5D90-0000-032D-A57F	Gameplayer435		1	15	0	9	36	25
2017-11-16 15:15:27.201	5DA8-0000-0311-2790	TheRich4270		1	12	0	2	68	2.94
2017-11-16 15:15:28.608	5DBA-0000-0331-1E43	iag_84		4	29	0	8	81	9.87
2017-11-16 15:15:30.598	5DDE-0000-0332-A7A2	kevin3670		5	49	0	28	135	20.74
2017-11-16 15:15:31.95	5DF5-0000-0351-690A	Plantkilable		2	20	0	4	55	7.27
2017-11-16 15:15:36.951	5E01-0000-0366-5BC4	China_WangHuan	Yoshi	7	29	0	5	105	4.76
2017-11-16 15:15:38.743	5E05-0000-0320-7E08	totarl		6	52	0	44	101	43.56
2017-11-16 15:15:40.202	5E06-0000-0347-458B	c615041		1	12	0	12	17	70.58
2017-11-16 15:15:42.347	5E14-0000-0339-FD46			5	63	0	0	302	0
2017-11-16 15:15:45.242	5E1A-0000-02FF-9421	Firzen592798	Dash	29	244	0	38	1278	2.97
2017-11-16 15:15:47.866	5E30-0000-0338-753A	mny1022		6	27	0	26	36	72.22
2017-11-16 15:15:49.666	5E44-0000-035A-7D20	sick_slap	Theme	15	34	0	28	46	60.86
2017-11-16 15:15:51.241	5E48-0000-031B-B54D	XxSuperGamerx250		2	35	0	25	219	11.41
2017-11-16 15:15:52.668	5E4A-0000-0339-4BD8	okayan3378		1	15	0	14	42	33.33
2017-11-16 15:15:54.2	5E55-0000-0362-9A0E	GGMM_Rene		1	11	0	3	49	6.12
2017-11-16 15:15:55.737	5E65-0000-0341-B404	joserichard		4	30	0	15	93	16.12
2017-11-16 15:15:58.224	5E6E-0000-0357-EB9A	TheRivetFamily		1	11	0	4	16	25
2017-11-16 15:16:01.73	5E7C-0000-032F-88C7	ShadowLiink	Speedrun	22	188	0	15	3667	0.4
2017-11-16 15:16:04.646	5EA0-0000-0300-2670	fitzlipuzi	Theme	19	122	0	30	200	15
2017-11-16 15:16:06.399	5EBE-0000-0309-B108	piranaturbo		1	31	0	4	81	4.93
2017-11-16 15:16:07.851	5EBF-0000-0306-BEC9	marciojuliao		2	27	0	14	107	13.08
2017-11-16 15:16:10.604	5ED1-0000-030D-D731	retrogamer2003		1	19	0	7	89	7.86
2017-11-16 15:16:13.101	5EDA-0000-0356-40FC	Dr.T_T		1	21	0	10	71	14.08
2017-11-16 15:16:14.571	5EE1-0000-0356-F901	pauloracer		2	18	0	14	40	35
2017-11-16 15:16:15.848	5F01-0000-0301-21F9	youaintwrong		2	18	0	14	23	60.86
2017-11-16 15:16:17.298	5F02-0000-0362-EDE6	oscarstation123		1	13	0	3	42	7.14
2017-11-16 15:16:18.721	5F1A-0000-032D-4758	SparkWulfe		1	21	0	1	142	0.7
2017-11-16 15:16:21.145	5F35-0000-0365-C1F4	domodamado-ma357		4	21	0	15	69	21.73
2017-11-16 15:16:23.237	5F5D-0000-0338-E65F	daitan0709		3	32	0	8	109	7.33
2017-11-16 15:16:25.472	5F76-0000-031E-0839	choochoo43		1	23	0	23	23	100
2017-11-16 15:16:28.013	5F8F-0000-0346-DDB8	Nicklo2	Remix	20	98	0	69	245	28.16
2017-11-16 15:16:29.379	5FA5-0000-0341-B904	rdavis67		1	17	0	4	50	8
2017-11-16 15:16:31.372	5FB1-0000-034C-80D8	GroverToast		4	44	0	26	190	13.68
2017-11-16 15:16:33.071	5FDB-0000-035B-CA3B	REYNOLDSTEAM74		3	25	0	13	50	26
2017-11-16 15:16:37.426	5FF8-0000-0334-EB4B	kdzk-cib		9	56	0	14	220	6.36
2017-11-16 15:16:38.811	5FFE-0000-031A-4A0D	yumie0710		2	18	0	14	35	40
2017-11-16 15:16:40.208	6007-0000-035B-0E02	Akinasai		2	19	0	9	47	19.14
2017-11-16 15:16:42.213	600A-0000-032B-1ECF	mirinda77		1	21	0	21	67	31.34
2017-11-16 15:16:44.001	600C-0000-0305-1666	beserkerman123		6	41	0	13	95	13.68
2017-11-16 15:16:48.979	601F-0000-0358-9FE3	NarutoBoy777		2	22	0	15	105	14.28
2017-11-16 15:16:51.123	602E-0000-0364-576B	Limoeiro	Speedrun	5	23	0	4	371	1.07
2017-11-16 15:16:52.912	6036-0000-0315-A374	Rodrigo_thebest1		5	40	0	31	97	31.95
2017-11-16 15:16:55.366	604F-0000-030E-D976	Firzen592798	Dash	18	96	0	23	1219	1.88
2017-11-16 15:16:57.25	6069-0000-0312-C3AF	miyota8o59		6	46	0	14	564	2.48
2017-11-16 15:16:59.704	6077-0000-031E-DE35	Mateus1993		1	14	0	2	74	2.7
2017-11-16 15:17:01.478	6078-0000-0364-B643	Legoblockx		1	12	0	10	67	14.92
2017-11-16 15:17:03.109	609D-0000-0314-142B	owens06		1	21	0	12	45	26.66
2017-11-16 15:17:04.782	60BC-0000-034E-6F94	Yoshifun23		1	13	0	3	60	5
2017-11-16 15:17:06.214	60BF-0000-0346-AD60	soccersport12345		1	17	0	14	35	40
2017-11-16 15:17:07.814	60FC-0000-0348-0EFD	abzthapreacher		2	26	0	14	135	10.37
2017-11-16 15:17:09.509	60FF-0000-0344-B8B0	ImossI		1	18	0	2	51	3.92
2017-11-16 15:17:14.353	6120-0000-0314-8902	oriism_h		2	34	0	2	115	1.73
2017-11-16 15:17:15.973	613F-0000-0323-1F74	csylbukvr	Traditional	7	42	0	8	340	2.35
2017-11-16 15:17:17.396	6148-0000-0331-82DF	LenixU		1	10	0	10	12	83.33
2017-11-16 15:17:21.923	6168-0000-032D-65B3	JulioMega	Dash	69	543	0	55	7358	0.74
2017-11-16 15:17:24.554	616B-0000-0328-6756	Esteban244		2	34	0	1	76	1.31
2017-11-16 15:17:26.788	6189-0000-034C-1485	Juhpavani	Traditional	17	57	0	38	156	24.35
2017-11-16 15:17:27.888	6196-0000-0319-B285	jeanbenito		1	18	0	9	63	14.28
2017-11-16 15:17:29.328	619C-0000-0358-94FA	Wsm111		1	16	0	1	61	1.63
2017-11-16 15:17:30.59	61AA-0000-0362-A510	y.tororu		4	14	0	1	58	1.72
2017-11-16 15:17:32.461	61B2-0000-0313-36CD	HeladoDeBrownie		3	45	0	8	168	4.76
2017-11-16 15:17:36.805	61FD-0000-030E-23FE	Mana-Pen	Puzzle	5	55	0	14	156	8.97
2017-11-16 15:17:40.876	6229-0000-030B-7B53	kaito_club	Traditional	90	625	0	123	4564	2.69
2017-11-16 15:17:42.392	6241-0000-032D-4C54	Capitan-Marlow		4	36	0	7	170	4.11
2017-11-16 15:17:43.872	6246-0000-0342-1C98	tajajara416		2	21	0	12	72	16.66
2017-11-16 15:17:45.724	6263-0000-0366-19FD	Rubeneo79		2	13	0	4	88	4.54
2017-11-16 15:17:50.503	626F-0000-0336-2594	Firzen592798	Theme	131	937	0	84	5083	1.65
2017-11-16 15:17:52.587	6276-0000-0301-2356	chiro.0323	Speedrun	16	96	0	78	151	51.65
2017-11-16 15:17:54.427	6276-0000-0320-078C	daddysgame888		4	52	0	11	322	3.41
2017-11-16 15:17:56.565	62BB-0000-0305-7C29	edmanjunior		2	34	0	21	82	25.6
2017-11-16 15:17:59.986	630F-0000-0354-A4D4	xABNxD347H7OLLx		1	13	0	1	47	2.12
2017-11-16 15:18:01.658	631A-0000-0360-E9D2	okayan3378		3	18	0	17	66	25.75
2017-11-16 15:18:04.43	6337-0000-035B-3F64	Firzen592798	Gimmick	96	699	0	31	14679	0.21
2017-11-16 15:18:05.848	634F-0000-035A-DA48	Dyluzion		1	14	0	7	53	13.2
2017-11-16 15:18:07.621	635D-0000-030B-CEC4	ssk2210		2	27	0	23	57	40.35
2017-11-16 15:18:12.852	637E-0000-0350-97E5	Kratoo16	Traditional	6	42	0	20	166	12.04
2017-11-16 15:18:15.041	637F-0000-0336-40C9	lukengl	Remix	24	107	0	22	504	4.36
2017-11-16 15:18:16.718	63A2-0000-032F-17AC	su-pa-maeio		2	18	0	18	19	94.73
2017-11-16 15:18:18.009	63BD-0000-0361-BB5A	TSAlejandro		5	20	0	6	150	4
2017-11-16 15:18:19.627	63D0-0000-0308-713F	nagani-syon		3	38	0	6	214	2.8
2017-11-16 15:18:22.794	63DD-0000-0323-00F4	turdferguson504		2	15	0	5	60	8.33
2017-11-16 15:18:24.962	63DD-0000-033A-D985	Segrafc		3	34	0	11	114	9.64
2017-11-16 15:18:26.768	63E3-0000-0359-6D2D	momokai_pp		5	54	0	47	154	30.51
2017-11-16 15:18:28.1	6428-0000-0363-B6F9	SwanDome		0	11	0	1	46	2.17
2017-11-16 15:18:29.627	6459-0000-0335-C743	Amy0012		1	13	0	9	54	16.66
2017-11-16 15:18:31.362	6466-0000-033E-5A90	Limoeiro	Costume	15	47	0	12	140	8.57
2017-11-16 15:18:37.591	64C8-0000-0319-07C0	Wii-U-NINDONNA85		13	121	0	58	592	9.79
2017-11-16 15:18:38.985	650A-0000-032C-9D52	BLeAcHRiP		1	10	0	4	55	7.27
2017-11-16 15:18:40.477	6540-0000-033D-2B7A	marenisu	Traditional	5	32	0	5	77	6.49
2017-11-16 15:18:42.145	654A-0000-0309-5C69	EnzoYV		1	27	0	24	33	72.72
2017-11-16 15:18:43.656	654E-0000-0366-6417	ryousuke080927		7	28	0	3	193	1.55
2017-11-16 15:18:50.313	6562-0000-0334-A30B	MCGodzilla54	Remix	152	890	0	313	3009	10.4
2017-11-16 15:18:51.651	65F5-0000-0331-EAC4	grumpykitty01		2	23	0	5	164	3.04
2017-11-16 15:18:54.133	65F9-0000-035B-4843	hagerga		1	10	0	3	91	3.29
2017-11-16 15:18:57.658	6623-0000-0329-6ABF	Feuxdelamoule		3	32	0	12	80	15
2017-11-16 15:18:59.066	6647-0000-032F-47DB	Mundopolo		1	17	0	3	36	8.33
2017-11-16 15:19:02.189	6684-0000-033D-AB0F	Firzen592798	Puzzle	25	189	0	36	430	8.37
2017-11-16 15:19:03.702	668E-0000-0360-41C6	Tacolover172		1	12	0	6	31	19.35
2017-11-16 15:19:06.708	6694-0000-02FE-F030	Awsome74		11	86	0	64	280	22.85
2017-11-16 15:19:10.286	66A0-0000-031D-80FE	sharionh		2	43	0	12	185	6.48
2017-11-16 15:19:13.41	66DE-0000-034F-B720	NuttyMonkey		9	49	0	4	722	0.55
2017-11-16 15:19:14.562	6709-0000-0331-EF50	Sonicofspeed		1	23	0	23	24	95.83
2017-11-16 15:19:16.654	6718-0000-0330-9C39	elkhomsi		3	40	0	2	102	1.96
2017-11-16 15:19:18.531	6720-0000-032B-6A69	RAKUSA310		1	17	0	8	83	9.63
2017-11-16 15:19:21.511	6731-0000-0307-B144	CMF1056		1	26	0	4	74	5.4
2017-11-16 15:19:22.877	6754-0000-0312-739D	10-3.7		1	18	0	1	93	1.07
2017-11-16 15:19:24.694	6764-0000-0322-773C	6020ABCD		1	14	0	6	40	15
2017-11-16 15:19:26.26	6765-0000-035D-8A34	MuhQ1337		4	24	0	13	179	7.26
2017-11-16 15:19:27.651	6782-0000-0334-AAB3	Spartan_Bilu		2	19	0	19	19	100
2017-11-16 15:19:33.056	6782-0000-035A-47BE	Tzpi89		1	11	0	2	45	4.44
2017-11-16 15:19:35.194	678E-0000-0308-083B	hareballution		1	33	0	8	122	6.55
2017-11-16 15:19:36.846	67A2-0000-0321-B0A5	T00LSHED2000		4	27	0	7	88	7.95
2017-11-16 15:19:38.184	67AC-0000-0350-42F1	Solid.Luigi	Traditional	3	18	0	15	36	41.66
2017-11-16 15:19:42.413	67BA-0000-034C-2B34	1234cmm		1	19	0	18	29	62.06
2017-11-16 15:19:44.173	67F2-0000-0332-94CE	mistyfaulk		1	14	0	5	34	14.7
2017-11-16 15:19:46.988	684C-0000-0301-E7C4	gray_chr31		3	55	0	46	168	27.38
2017-11-16 15:19:48.204	685D-0000-033E-0733	base555		1	12	0	9	20	45
2017-11-16 15:19:50.091	68A4-0000-030C-99CF	TAISEIHIKICHI		3	43	0	16	159	10.06
2017-11-16 15:19:51.743	68D0-0000-0311-E6D6	dellbox2		1	22	0	17	39	43.58
2017-11-16 15:19:54.126	68D1-0000-0309-4BF7	kilianmanon		1	23	0	12	47	25.53
2017-11-16 15:19:57.144	68D1-0000-030B-5725	NigelColbert1996	Speedrun	10	94	2	28	1035	2.7
2017-11-16 15:19:58.752	68D8-0000-034E-6D04	asuk458	Theme	11	45	0	9	217	4.14
2017-11-16 15:20:01.047	6913-0000-0357-5B1A	ThaHood		1	10	0	3	30	10
2017-11-16 15:20:02.993	6932-0000-0356-FCB2	bestest3		2	22	0	18	40	45
2017-11-16 15:20:05.933	6940-0000-0336-F35A	dellbox2		2	29	0	8	130	6.15
2017-11-16 15:20:08.27	6961-0000-0349-7008	sigakihajime		1	16	0	11	72	15.27
2017-11-16 15:20:10.628	6964-0000-0335-BBAE	WIIUREOLI79	Remix	32	227	0	32	917	3.48
2017-11-16 15:20:12.509	6966-0000-0303-1556	JulioMega	Traditional	6	58	0	4	201	1.99
2017-11-16 15:20:14.2	6980-0000-0315-1C5C	Carteranimal		1	17	0	4	55	7.27
2017-11-16 15:20:16.235	6982-0000-0348-2FD7	BoogieMan1234		8	22	0	19	29	65.51
2017-11-16 15:20:19.191	69B8-0000-033B-926A	ctsux78		1	20	0	19	36	52.77
2017-11-16 15:20:20.764	69BE-0000-0361-F2AE	Allen.302		1	12	0	7	43	16.27
2017-11-16 15:20:22.207	69FA-0000-0324-9615	Matzeyxd		2	20	0	2	111	1.8
2017-11-16 15:20:23.782	6A05-0000-0349-0B82	Brook21		4	33	0	19	139	13.66
2017-11-16 15:20:26.077	6A26-0000-0305-042F	guiguibour59	Traditional	8	74	0	16	387	4.13
