2018-02-23 15:22:44.015	0000-0000-0353-3D35	groebenzell
2018-03-02 09:46:27.847	0000-0000-035A-9F14	jlan6e
2017-12-18 14:47:47.489	0001-0000-0347-486A	cat38690
2017-12-18 14:47:47.489	0001-0000-0347-486A	raulcaba
2017-12-18 14:47:48.878	0001-0000-0359-B3CD	Tugaeddy
2018-02-23 15:22:45.931	0002-0000-0328-E374	Jahooli4
2018-02-23 15:22:45.931	0002-0000-0328-E374	kidfury777
2018-02-23 15:22:45.931	0002-0000-0328-E374	Thomasleboss80
2018-02-23 15:22:47.43	0002-0000-034F-8AF4	feather07
2017-12-18 14:47:50.721	0003-0000-030C-B9DE	DoctorFishbowl
2017-12-18 14:47:50.721	0003-0000-030C-B9DE	guygaz
2017-12-18 14:47:50.721	0003-0000-030C-B9DE	nolwennmercier
2017-12-18 14:47:50.721	0003-0000-030C-B9DE	ssgss0929
2018-03-02 09:46:29.766	0003-0000-0343-6D59	Funnijoker12
2018-03-02 09:46:29.766	0003-0000-0343-6D59	Mr.PWOer
2018-03-02 09:46:29.766	0003-0000-0343-6D59	sidonie16
2018-03-02 09:46:31.504	0004-0000-032F-8A2E	JUANFELIPEMEJIA
2017-12-18 14:47:52.16	0004-0000-0333-88D7	louis1322
2018-03-01 09:47:23.598	0004-0000-0333-88D7	tomoyadengana
2018-02-23 14:38:30.952	0005-0000-0341-F132	apeminkie
2018-02-23 14:38:30.952	0005-0000-0341-F132	peachears2
2017-12-18 14:47:54.141	0006-0000-0327-2AA0	igor338
2017-12-18 14:47:54.141	0006-0000-0327-2AA0	itsmedrk
2017-12-18 14:47:54.141	0006-0000-0327-2AA0	JMI-FUJI
2017-12-18 14:47:54.141	0006-0000-0327-2AA0	SAKAMOTO710156
2018-03-02 16:05:48.173	0006-0000-0327-2AA0	zombyklr
2018-03-02 09:46:33.357	0006-0000-033E-DDEE	aaa543210
2018-03-02 09:46:33.357	0006-0000-033E-DDEE	inventorh2o
2018-03-02 09:46:33.357	0006-0000-033E-DDEE	kletterprofi
2018-03-02 09:46:33.357	0006-0000-033E-DDEE	Sternensammler
2018-02-23 14:38:32.542	0006-0000-034F-EA97	qingshou
2018-03-02 09:46:35.236	0009-0000-034D-B7CF	maxenceguilluy
2018-03-02 09:46:35.236	0009-0000-034D-B7CF	smwk_mai7
2017-12-18 14:47:55.549	000A-0000-0340-14B0	soulshined
2018-03-02 09:46:37.133	000B-0000-032E-B6B4	febigatto
2018-03-02 09:46:37.133	000B-0000-032E-B6B4	Jordan232345
2018-02-23 14:38:34.006	000B-0000-035E-1D5C	Romain_FYT
2017-12-18 14:47:57.169	000C-0000-0337-AD00	takeshi-fish
2018-03-02 09:46:39.119	000D-0000-0320-B613	GenageS
2018-03-02 09:46:39.119	000D-0000-0320-B613	Yoshi0077-77
2018-03-02 09:46:40.75	000D-0000-032C-C49D	GID2657
2018-04-10 11:02:14.067	000D-0000-0343-66D1	Andrei1007
2017-12-18 14:47:58.608	000D-0000-0343-66D1	AnEndlessMaze
2017-12-18 14:47:58.608	000D-0000-0343-66D1	daisukenyan
2017-12-18 14:47:58.608	000D-0000-0343-66D1	Gold2232
2018-03-07 10:36:15.019	000D-0000-0343-66D1	kazuo4
2018-01-10 17:29:28.21	000D-0000-0343-66D1	KurtisC93
2018-04-10 11:02:14.067	000D-0000-0343-66D1	L3m0n-J3ll0
2018-01-02 07:08:15.822	000D-0000-0343-66D1	LindsC17
2018-02-20 14:42:37.979	000D-0000-0343-66D1	mage1129
2017-12-18 14:47:58.608	000D-0000-0343-66D1	OmarLunaEsprz13
2017-12-18 14:47:58.608	000D-0000-0343-66D1	poi963poi
2017-12-18 14:47:59.98	000D-0000-035E-0B6F	dellbox2
2017-12-18 14:47:59.98	000D-0000-035E-0B6F	gijimenez5
2018-03-02 09:46:42.766	000D-0000-0365-DB81	mjsclan
2018-03-02 09:46:42.766	000D-0000-0365-DB81	ukita619
2018-03-02 09:46:42.766	000D-0000-0365-DB81	wolzard
2017-12-18 14:48:02.654	000E-0000-0331-2D8D	0111hiy
2017-12-18 14:48:02.654	000E-0000-0331-2D8D	backen26
2018-02-07 14:07:01.474	000E-0000-0331-2D8D	Boneshark71
2017-12-18 14:48:02.654	000E-0000-0331-2D8D	club3000
2017-12-18 14:48:02.654	000E-0000-0331-2D8D	Conducteur59220
2017-12-18 14:48:02.654	000E-0000-0331-2D8D	hamloafy
2017-12-18 14:48:02.654	000E-0000-0331-2D8D	hinako-5656
2017-12-18 14:48:02.654	000E-0000-0331-2D8D	Lanceorin
2017-12-18 14:48:02.654	000E-0000-0331-2D8D	Lisa161718
2017-12-18 14:48:02.654	000E-0000-0331-2D8D	Mario1992
2017-12-18 14:48:02.654	000E-0000-0331-2D8D	Mario-Sachin
2017-12-18 14:48:02.654	000E-0000-0331-2D8D	masakattin
2018-03-03 20:30:20.994	000E-0000-0331-2D8D	NEWT82
2017-12-18 14:48:02.654	000E-0000-0331-2D8D	qingshou
2017-12-18 14:48:02.654	000E-0000-0331-2D8D	SeanMcGee00
2017-12-18 14:48:02.654	000E-0000-0331-2D8D	sibicat
2018-03-02 09:46:45.509	000E-0000-0331-FD04	elisacaprio
2018-03-02 09:46:45.509	000E-0000-0331-FD04	ElMagnifico721
2018-03-02 09:46:45.509	000E-0000-0331-FD04	Jason15934
2018-03-02 09:46:45.509	000E-0000-0331-FD04	pas02761
2018-03-02 09:46:45.509	000E-0000-0331-FD04	yu24-2
2018-02-23 14:38:35.413	000E-0000-035A-7FD7	mixel2
2018-02-23 14:38:35.413	000E-0000-035A-7FD7	yrewask
2018-03-02 09:46:47.227	000F-0000-0367-8657	ou1219
2018-03-02 09:46:47.227	000F-0000-0367-8657	revolv23
2018-03-02 09:46:47.227	000F-0000-0367-8657	Tylano64
2018-02-23 14:38:37.425	0010-0000-032F-2B64	Aendevik
2018-02-23 14:38:37.425	0010-0000-032F-2B64	Jozef-Lee
2018-02-23 14:38:38.97	0011-0000-033C-BF9D	momayaman
2018-02-23 14:38:40.61	0011-0000-0341-7FFD	haruhiro809
2018-02-23 14:38:40.61	0011-0000-0341-7FFD	w-03.vvv
2017-12-18 14:48:05.453	0011-0000-0344-1AC3	4118Mario
2018-03-02 09:46:49.63	0011-0000-0349-F9F6	griimble
2018-02-23 14:38:42.928	0012-0000-0302-B7F0	mario-tomoya
2018-02-23 14:38:42.928	0012-0000-0302-B7F0	Peebs2123
2018-02-23 14:38:42.928	0012-0000-0302-B7F0	walkingnewmans
2018-03-02 09:46:51.624	0012-0000-030F-926D	mirakuru19
2018-03-02 09:46:51.624	0012-0000-030F-926D	sfsteve
2018-03-02 09:46:53.899	0012-0000-0331-71F5	Alazer
2018-03-02 09:46:53.899	0012-0000-0331-71F5	JMI-FUJI
2018-03-02 09:46:53.899	0012-0000-0331-71F5	marenisu
2018-02-23 14:38:44.392	0012-0000-0356-83CF	nekokanu
2018-02-23 14:38:46.596	0013-0000-0317-29D6	aryan_hulk
2018-02-23 14:38:46.596	0013-0000-0317-29D6	isischris
2018-02-23 14:38:46.596	0013-0000-0317-29D6	LucasSnugglebug
2018-02-23 14:38:46.596	0013-0000-0317-29D6	tchirklo
2018-02-23 14:38:46.596	0013-0000-0317-29D6	WIIMoustique
2018-02-23 14:38:48.222	0013-0000-0368-1C1B	CronusNexus
2018-02-23 14:38:48.222	0013-0000-0368-1C1B	happydudey
2018-02-23 14:38:48.222	0013-0000-0368-1C1B	lorikmelin
2018-02-23 14:38:48.222	0013-0000-0368-1C1B	MM_Aiden
2018-03-02 09:46:56.188	0014-0000-030F-A165	bedinlabarrerem
2018-03-02 09:46:58.258	0014-0000-0317-3190	hankwheels
2017-12-18 14:48:07.106	0014-0000-0364-23CF	MarcoSau
2018-02-23 14:38:49.836	0015-0000-030B-B4A8	paul051008
2018-03-02 09:46:59.956	0016-0000-0312-3657	yusora1001
2018-02-23 14:38:51.605	0016-0000-0321-6F72	alvarozoe
2018-02-23 14:38:51.605	0016-0000-0321-6F72	espectro7azteca
2018-02-23 14:38:53.18	0016-0000-0350-DDA1	mrscottforrest
2017-11-16 16:24:05.842	0018-0000-032C-4CF6	MathWizz
2017-11-16 16:24:05.842	0018-0000-032C-4CF6	panzon0100
2017-11-16 16:24:05.842	0018-0000-032C-4CF6	tangochaser
2018-02-20 14:42:28.187	0018-0000-032C-4CF6	WhaleSoup
2018-03-02 09:47:01.844	0018-0000-035D-AA5F	Benni_Yoshi
2018-03-02 09:47:01.844	0018-0000-035D-AA5F	iu5mmymt
2018-03-02 09:47:01.844	0018-0000-035D-AA5F	jjh2906
2018-03-02 09:47:01.844	0018-0000-035D-AA5F	SYLVER_21
2018-03-02 09:47:03.451	0019-0000-0345-140C	gabo456gtz
2018-03-02 09:47:03.451	0019-0000-0345-140C	masakatsu_0329
2018-03-02 09:47:03.451	0019-0000-0345-140C	MetallicaFan123
2018-02-23 14:38:54.792	0019-0000-0356-8B8E	romanechacha
2018-02-23 14:38:59.512	0019-0000-0369-496E	1418danieL
2018-02-23 14:38:59.512	0019-0000-0369-496E	357357
2018-02-23 14:38:59.512	0019-0000-0369-496E	AE4WiiU
2018-02-23 14:38:59.512	0019-0000-0369-496E	alexy031206
2018-02-23 14:38:59.512	0019-0000-0369-496E	alfanova7
2018-02-23 14:38:59.512	0019-0000-0369-496E	alfredz
2018-02-23 14:38:59.512	0019-0000-0369-496E	alovepwnsface
2018-02-23 14:38:59.512	0019-0000-0369-496E	Antlish23
2018-02-23 14:38:59.512	0019-0000-0369-496E	arturgouveia1975
2018-04-10 11:03:42.051	005D-0000-037F-5C9D	ke8i8ta
2018-02-23 14:38:59.512	0019-0000-0369-496E	AwesomePup123
2018-02-23 14:38:59.512	0019-0000-0369-496E	Basilika
2018-02-23 14:38:59.512	0019-0000-0369-496E	bruce-boxer
2018-02-23 14:38:59.512	0019-0000-0369-496E	cattroo
2018-02-23 14:38:59.512	0019-0000-0369-496E	cesarfranco13
2018-02-23 14:38:59.512	0019-0000-0369-496E	christianwalter
2018-03-01 09:52:05.384	0019-0000-0369-496E	coeur2017
2018-03-01 09:52:05.384	0019-0000-0369-496E	Conducteur59220
2018-02-23 14:38:59.512	0019-0000-0369-496E	damienclementflo
2018-02-23 14:38:59.512	0019-0000-0369-496E	Deayen
2018-02-23 14:38:59.512	0019-0000-0369-496E	depechecobra
2018-02-23 14:38:59.512	0019-0000-0369-496E	fraise52
2018-02-23 14:38:59.512	0019-0000-0369-496E	FrostAndBlaZe
2018-02-23 14:38:59.512	0019-0000-0369-496E	geo001
2018-03-07 06:25:49.812	0019-0000-0369-496E	happy_maron
2018-02-23 14:38:59.512	0019-0000-0369-496E	Haxi8c5
2018-02-23 14:38:59.512	0019-0000-0369-496E	hosokihellkazuko
2018-02-23 14:38:59.512	0019-0000-0369-496E	JaneDorinda
2018-02-23 14:38:59.512	0019-0000-0369-496E	JonahRocks123456
2018-02-23 14:38:59.512	0019-0000-0369-496E	junkeikou
2018-02-23 14:38:59.512	0019-0000-0369-496E	KABUTO.1000
2018-02-23 14:38:59.512	0019-0000-0369-496E	Katieelkins
2018-02-23 14:38:59.512	0019-0000-0369-496E	keigoharuto
2018-02-23 14:38:59.512	0019-0000-0369-496E	kimnbud
2018-02-23 14:38:59.512	0019-0000-0369-496E	kiuo69
2018-02-23 14:38:59.512	0019-0000-0369-496E	kktyulp
2018-02-23 14:38:59.512	0019-0000-0369-496E	klm519
2018-02-23 14:38:59.512	0019-0000-0369-496E	KO1221HA
2018-02-23 14:38:59.512	0019-0000-0369-496E	L1ghtestC0ne
2018-02-23 14:38:59.512	0019-0000-0369-496E	lapinsucre
2018-02-23 14:38:59.512	0019-0000-0369-496E	liberter2016
2018-02-23 14:38:59.512	0019-0000-0369-496E	lilyellowzekron
2018-02-23 14:38:59.512	0019-0000-0369-496E	lorenamamaisnaba
2018-02-23 14:38:59.512	0019-0000-0369-496E	lucas7782
2018-02-23 14:38:59.512	0019-0000-0369-496E	Lukdorf
2018-02-23 14:38:59.512	0019-0000-0369-496E	macoto1975
2018-02-23 14:38:59.512	0019-0000-0369-496E	mamba2006
2018-02-23 14:38:59.512	0019-0000-0369-496E	Mario1UPkoopa
2018-02-23 14:38:59.512	0019-0000-0369-496E	mario-tomoya
2018-02-23 14:38:59.512	0019-0000-0369-496E	masakattin
2018-02-23 14:38:59.512	0019-0000-0369-496E	masakattinnn
2018-02-23 14:38:59.512	0019-0000-0369-496E	masakattinnnn
2018-03-01 09:52:05.384	0019-0000-0369-496E	masakattinnnnn
2018-02-23 14:38:59.512	0019-0000-0369-496E	masakattinnnnnn
2018-02-23 14:38:59.512	0019-0000-0369-496E	masakattinnnnnnn
2018-02-23 14:38:59.512	0019-0000-0369-496E	masakattintin
2018-02-23 14:38:59.512	0019-0000-0369-496E	mathematicien
2018-02-23 14:38:59.512	0019-0000-0369-496E	mederic39
2018-02-23 14:38:59.512	0019-0000-0369-496E	Melissa-Joey
2018-02-23 14:38:59.512	0019-0000-0369-496E	metalbears
2018-02-23 14:38:59.512	0019-0000-0369-496E	mgjEmperorJC
2018-02-23 14:38:59.512	0019-0000-0369-496E	Miltiades
2018-02-23 14:38:59.512	0019-0000-0369-496E	MR.CMP
2018-02-23 14:38:59.512	0019-0000-0369-496E	Myhtra2
2018-02-23 14:38:59.512	0019-0000-0369-496E	Mythra69
2018-02-23 14:38:59.512	0019-0000-0369-496E	NEWT82
2018-02-23 14:38:59.512	0019-0000-0369-496E	noejoue
2018-02-23 14:38:59.512	0019-0000-0369-496E	nyanko7.teacher
2018-02-23 14:38:59.512	0019-0000-0369-496E	patoche2
2018-02-23 14:38:59.512	0019-0000-0369-496E	pedripin2017
2018-02-23 14:38:59.512	0019-0000-0369-496E	pedritopin1
2018-02-23 14:38:59.512	0019-0000-0369-496E	pedritopin2015
2018-02-23 14:38:59.512	0019-0000-0369-496E	pedritopin2017
2018-02-23 14:38:59.512	0019-0000-0369-496E	pedritopin2018
2018-02-23 14:38:59.512	0019-0000-0369-496E	quentintheret
2018-02-23 14:38:59.512	0019-0000-0369-496E	quicksilverguru
2018-02-23 14:38:59.512	0019-0000-0369-496E	RachelJian
2018-02-23 14:38:59.512	0019-0000-0369-496E	Raylond2008
2018-02-23 14:38:59.512	0019-0000-0369-496E	Rogefm5-gm
2018-03-01 09:52:05.384	0019-0000-0369-496E	sioux4
2018-02-23 14:38:59.512	0019-0000-0369-496E	Symaza
2018-02-23 14:38:59.512	0019-0000-0369-496E	Tai-chan-2008
2018-02-23 14:38:59.512	0019-0000-0369-496E	tc.coeur
2018-02-23 14:38:59.512	0019-0000-0369-496E	Tchad7
2018-02-23 14:38:59.512	0019-0000-0369-496E	TerraWolf82
2018-02-23 14:38:59.512	0019-0000-0369-496E	t.masa36
2018-02-23 14:38:59.512	0019-0000-0369-496E	Tylano64
2018-02-23 14:38:59.512	0019-0000-0369-496E	umecchi
2018-02-23 14:38:59.512	0019-0000-0369-496E	vampiregrimm2017
2018-02-23 14:38:59.512	0019-0000-0369-496E	w-03.vvv
2018-02-23 14:38:59.512	0019-0000-0369-496E	yoanis19
2018-03-06 23:14:55.754	0019-0000-0369-496E	YvetteMack
2018-02-23 14:38:59.512	0019-0000-0369-496E	Zz_Toad_zZ
2017-12-18 14:48:10.154	001B-0000-0317-2E6C	98Stark14
2017-12-18 14:48:10.154	001B-0000-0317-2E6C	alexcnm00
2017-12-18 14:48:10.154	001B-0000-0317-2E6C	art1084
2017-12-18 14:48:10.154	001B-0000-0317-2E6C	BaardBaard
2017-12-18 14:48:10.154	001B-0000-0317-2E6C	Bingokrauser87
2017-12-18 14:48:10.154	001B-0000-0317-2E6C	DingleDan86
2017-12-18 14:48:10.154	001B-0000-0317-2E6C	ferannejamie
2017-12-18 14:48:10.154	001B-0000-0317-2E6C	Feuxdelamoule
2017-12-18 14:48:10.154	001B-0000-0317-2E6C	firefly5678
2018-03-02 10:38:17.466	005D-0000-037F-5C9D	sajon84
2017-12-18 14:48:10.154	001B-0000-0317-2E6C	glenrosepark
2018-02-20 14:42:48.837	001B-0000-0317-2E6C	HIDE20
2017-12-18 14:48:10.154	001B-0000-0317-2E6C	Jackmanmetal
2017-12-18 14:48:10.154	001B-0000-0317-2E6C	KeaganRS1
2018-04-10 11:02:24.12	001B-0000-0317-2E6C	Kevon149
2018-02-20 14:42:48.837	001B-0000-0317-2E6C	kimuniya
2017-12-18 14:48:10.154	001B-0000-0317-2E6C	lauriandtodd
2017-12-18 14:48:10.154	001B-0000-0317-2E6C	okinawa12
2017-12-18 14:48:10.154	001B-0000-0317-2E6C	Packrattmario
2017-12-18 14:48:10.154	001B-0000-0317-2E6C	sam-v-brenk
2017-12-18 14:48:10.154	001B-0000-0317-2E6C	SANA5025
2017-12-18 14:48:10.154	001B-0000-0317-2E6C	socalbp
2017-12-18 14:48:10.154	001B-0000-0317-2E6C	Taita_Bros1988
2017-12-18 14:48:10.154	001B-0000-0317-2E6C	watanabere101010
2017-12-18 14:48:10.154	001B-0000-0317-2E6C	Zachary2999
2017-12-18 14:48:11.584	001C-0000-0340-EA7C	maleflat
2017-12-18 14:48:13.466	001D-0000-033F-5C78	777ANGELO777
2017-12-18 14:48:13.466	001D-0000-033F-5C78	Zwizzforce
2017-12-18 14:48:15.233	001D-0000-0343-A513	pilou59710
2018-03-02 09:47:05.451	001D-0000-0348-0A6C	861239
2017-12-18 14:48:17.182	001D-0000-034A-5480	Jeanpaul1903
2017-12-18 14:48:17.182	001D-0000-034A-5480	nathan_ohlendorf
2017-12-18 14:48:19.286	001F-0000-0335-592E	giggleskarine
2017-12-18 14:48:19.286	001F-0000-0335-592E	Lumynestra
2017-12-18 14:48:19.286	001F-0000-0335-592E	Maclean123
2017-12-18 14:48:19.286	001F-0000-0335-592E	Meddadog
2017-12-18 14:48:19.286	001F-0000-0335-592E	Nickizzles
2017-12-18 14:48:19.286	001F-0000-0335-592E	Wahnthac
2017-12-18 14:48:19.286	001F-0000-0335-592E	whoisoscar
2017-12-18 14:48:19.286	001F-0000-0335-592E	yusef24
2018-03-02 09:47:07.548	001F-0000-0340-28CF	denisesimone
2018-03-02 09:47:07.548	001F-0000-0340-28CF	drewchristopher
2018-03-02 09:47:07.548	001F-0000-0340-28CF	HIHAKOJUN
2018-03-02 09:47:07.548	001F-0000-0340-28CF	revolv23
2018-03-02 09:47:09.236	001F-0000-0356-D7F7	alexander120204
2018-03-02 09:47:11.791	0020-0000-0326-159A	2stars
2018-03-02 09:47:11.791	0020-0000-0326-159A	Cole0623
2018-03-02 09:47:11.791	0020-0000-0326-159A	Havelbiker2912
2018-03-02 09:47:11.791	0020-0000-0326-159A	kounut
2018-04-10 11:02:37.389	0020-0000-0326-159A	somanana
2018-03-02 09:47:11.791	0020-0000-0326-159A	Victoria687051
2018-03-02 09:47:11.791	0020-0000-0326-159A	WIIMoustique
2018-03-02 09:47:11.791	0020-0000-0326-159A	WoodenMonster
2018-03-02 09:47:14.433	0020-0000-0361-E77A	Capt.Dad2
2018-03-02 09:47:14.433	0020-0000-0361-E77A	coltniterfg
2018-03-02 09:47:14.433	0020-0000-0361-E77A	DenizenOfTheAges
2018-03-02 09:47:14.433	0020-0000-0361-E77A	DespairToko
2018-03-02 09:47:14.433	0020-0000-0361-E77A	gre123
2018-03-02 09:47:14.433	0020-0000-0361-E77A	JustRookieCookie
2018-04-10 11:02:39.394	0020-0000-0361-E77A	kanahinarinaryou
2018-03-12 19:37:24.668	0020-0000-0361-E77A	plpl33
2018-03-02 09:47:14.433	0020-0000-0361-E77A	Sconebunny
2018-03-02 09:47:14.433	0020-0000-0361-E77A	StickToYourGuns
2018-03-02 09:47:14.433	0020-0000-0361-E77A	tom90wilson
2018-03-02 09:47:15.974	0021-0000-033F-ED16	Darktele
2018-03-02 09:47:17.923	0022-0000-0321-479F	gablou
2018-03-02 09:47:17.923	0022-0000-0321-479F	Handrick
2018-03-02 09:47:17.923	0022-0000-0321-479F	papaeli
2018-03-02 09:47:17.923	0022-0000-0321-479F	TrizzleTrazzle
2017-11-16 16:24:07.964	0022-0000-0348-9101	gorillaman8
2017-11-16 16:24:07.964	0022-0000-0348-9101	JenBill
2017-11-16 16:24:07.964	0022-0000-0348-9101	midnight917
2018-02-22 18:45:01.864	0022-0000-0348-9101	osvaldo255
2017-12-18 14:48:21.751	0023-0000-031A-8C03	D-G-13
2017-12-18 14:48:21.751	0023-0000-031A-8C03	haistynd
2017-12-18 14:48:21.751	0023-0000-031A-8C03	minecraftuser925
2017-12-18 14:48:21.751	0023-0000-031A-8C03	RevTim70
2017-12-18 14:48:21.751	0023-0000-031A-8C03	sanchan52000
2018-02-23 14:39:01.576	0023-0000-0354-FDBC	ewanabat
2018-02-23 14:39:01.576	0023-0000-0354-FDBC	francislopez
2018-02-23 14:39:01.576	0023-0000-0354-FDBC	Fraydo487
2018-02-23 14:39:01.576	0023-0000-0354-FDBC	selloufa
2018-02-23 14:39:01.576	0023-0000-0354-FDBC	yintaro
2018-03-02 09:47:21.416	0023-0000-037E-0497	0415forever
2018-03-02 09:47:21.416	0023-0000-037E-0497	111111cat
2018-03-02 09:47:21.416	0023-0000-037E-0497	Abbas_Zaini
2018-03-02 09:47:21.416	0023-0000-037E-0497	ABRKR-WATER
2018-03-02 09:47:21.416	0023-0000-037E-0497	adrian_espartan2
2018-03-02 09:47:21.416	0023-0000-037E-0497	akinkoasd
2018-03-02 09:47:21.416	0023-0000-037E-0497	arisu083
2018-03-02 09:47:21.416	0023-0000-037E-0497	asthatbeenmurry
2018-03-02 09:47:21.416	0023-0000-037E-0497	ayuayu2222
2018-03-02 09:47:21.416	0023-0000-037E-0497	bennywiiu
2018-03-02 09:47:21.416	0023-0000-037E-0497	billyspencer
2018-03-02 09:47:21.416	0023-0000-037E-0497	catmarioheidi
2018-03-02 09:47:21.416	0023-0000-037E-0497	christianwalter
2018-03-02 09:47:21.416	0023-0000-037E-0497	clashman1977
2018-03-02 09:47:21.416	0023-0000-037E-0497	cyprus09
2018-03-02 09:47:21.416	0023-0000-037E-0497	dadbernal3
2018-03-02 09:47:21.416	0023-0000-037E-0497	daltonjackflash
2018-03-02 09:47:21.416	0023-0000-037E-0497	DingleDan86
2018-03-02 09:47:21.416	0023-0000-037E-0497	ElCrayzFaceLXIV
2018-03-02 09:47:21.416	0023-0000-037E-0497	ewandesroches
2018-03-02 09:47:21.416	0023-0000-037E-0497	felix7
2018-03-02 09:47:21.416	0023-0000-037E-0497	Flex-D
2018-03-02 09:47:21.416	0023-0000-037E-0497	foxefamily
2018-04-10 11:02:44.888	0023-0000-037E-0497	georgagreiter
2018-03-02 09:47:21.416	0023-0000-037E-0497	iLudovichiVanno
2018-03-02 09:47:21.416	0023-0000-037E-0497	Inferno1180
2018-03-02 09:47:21.416	0023-0000-037E-0497	jahworld25
2018-03-08 10:44:27.346	0023-0000-037E-0497	Jonny164
2018-03-02 09:47:21.416	0023-0000-037E-0497	karugkog
2018-03-02 09:47:21.416	0023-0000-037E-0497	kazuo4
2018-03-02 09:47:21.416	0023-0000-037E-0497	KEN12701
2018-03-02 09:47:21.416	0023-0000-037E-0497	klm519
2018-03-02 09:47:21.416	0023-0000-037E-0497	kouheisae
2018-03-02 09:47:21.416	0023-0000-037E-0497	Lucascurva
2018-03-02 09:47:21.416	0023-0000-037E-0497	Megalon40
2018-03-02 09:47:21.416	0023-0000-037E-0497	Megarichi90
2018-03-02 09:47:21.416	0023-0000-037E-0497	mikio_amano
2018-03-02 09:47:21.416	0023-0000-037E-0497	Monkeydelphin173
2018-03-02 09:47:21.416	0023-0000-037E-0497	Nandofer2018
2018-03-02 09:47:21.416	0023-0000-037E-0497	Netro929
2018-03-02 09:47:21.416	0023-0000-037E-0497	NinThumbYT-L
2018-03-02 09:47:21.416	0023-0000-037E-0497	pausfam
2018-03-02 09:47:21.416	0023-0000-037E-0497	pitabun
2018-03-02 09:47:21.416	0023-0000-037E-0497	Plusbellelavie5
2018-03-08 17:16:36.376	0023-0000-037E-0497	Psykram
2018-03-02 09:47:21.416	0023-0000-037E-0497	Schulzerstoerer
2018-03-02 09:47:21.416	0023-0000-037E-0497	SpeedrunRobban
2018-03-02 09:47:21.416	0023-0000-037E-0497	speedrush512
2018-03-02 09:47:21.416	0023-0000-037E-0497	StarSaiyan
2018-03-02 09:47:21.416	0023-0000-037E-0497	super.doldo640
2018-03-08 14:13:51.618	0023-0000-037E-0497	tBlueMage
2018-03-02 09:47:21.416	0023-0000-037E-0497	thomas.433.bros
2018-03-02 09:47:21.416	0023-0000-037E-0497	Timridge
2018-03-02 09:47:21.416	0023-0000-037E-0497	tinnestplane22
2018-03-02 09:47:21.416	0023-0000-037E-0497	ukita619
2018-03-02 09:47:21.416	0023-0000-037E-0497	Unrealer
2018-03-02 09:47:21.416	0023-0000-037E-0497	UrsonJr
2018-03-02 09:47:21.416	0023-0000-037E-0497	vell083
2018-03-02 09:47:21.416	0023-0000-037E-0497	wiiCCuDR16
2018-03-02 09:47:21.416	0023-0000-037E-0497	yyoshim6264
2018-03-02 09:47:21.416	0023-0000-037E-0497	zrswolf
2018-02-23 14:39:03.161	0024-0000-0331-AC2A	Bio1982
2018-03-02 09:47:23.236	0024-0000-0348-DA0F	lolalao
2018-02-23 14:39:04.827	0024-0000-0352-7329	705427
2018-02-23 14:39:04.827	0024-0000-0352-7329	S4nth1
2017-12-18 14:48:24.17	0024-0000-0357-93DD	BlueLieo7603
2017-12-18 14:48:24.17	0024-0000-0357-93DD	Cyclone_GX
2017-12-18 14:48:24.17	0024-0000-0357-93DD	Jackthayuki
2017-12-18 14:48:24.17	0024-0000-0357-93DD	JesperJOEhansen
2018-01-31 14:38:18.927	0024-0000-0357-93DD	Remcoboy_ouw
2017-12-18 14:48:24.17	0024-0000-0357-93DD	Ryanizme
2017-12-18 14:48:24.17	0024-0000-0357-93DD	Sendar21
2017-12-18 14:48:24.17	0024-0000-0357-93DD	TheBestUserEver
2017-12-18 14:48:24.17	0024-0000-0357-93DD	Toadventuuuuuure
2017-12-18 14:48:26.3	0025-0000-0306-AB98	Ethan-Liam-bros
2017-12-18 14:48:26.3	0025-0000-0306-AB98	joshDink1
2018-03-02 09:47:25.013	0025-0000-0311-D48D	LeGo_BaUeR2002
2018-03-02 09:47:25.013	0025-0000-0311-D48D	Maxim-Miau
2018-03-02 09:47:25.013	0025-0000-0311-D48D	rirote
2018-02-23 14:39:07.028	0026-0000-0306-98FA	Adam2377
2018-02-23 14:39:07.028	0026-0000-0306-98FA	bpfann
2018-02-23 14:39:07.028	0026-0000-0306-98FA	Cello06
2018-02-23 14:39:07.028	0026-0000-0306-98FA	Octavien62
2018-02-23 14:39:07.028	0026-0000-0306-98FA	SuperMaxStunner
2018-03-02 09:47:27.249	0026-0000-031F-3B14	casenikda
2017-12-18 14:48:28.162	0026-0000-0322-6A88	shinymgengar
2018-02-23 14:39:08.693	0026-0000-034C-F1DA	kamegonotouto
2018-02-23 14:39:10.84	0027-0000-0327-1801	Conducteur59220
2018-02-23 14:39:10.84	0027-0000-0327-1801	gazpigatito
2018-02-23 14:39:10.84	0027-0000-0327-1801	GREGTHEBEST
2018-02-23 14:39:10.84	0027-0000-0327-1801	thezzie
2018-02-23 14:39:14.257	0027-0000-0334-012B	Adrian24be
2018-02-23 14:39:14.257	0027-0000-0334-012B	bayle1
2018-02-23 14:39:14.257	0027-0000-0334-012B	bestclassicgamer
2018-02-23 14:39:14.257	0027-0000-0334-012B	Conducteur59220
2018-02-23 14:39:14.257	0027-0000-0334-012B	Denizyigitturk
2018-02-23 14:39:14.257	0027-0000-0334-012B	fdpyvjdk365
2018-02-23 14:39:14.257	0027-0000-0334-012B	gru0gru0
2018-02-23 14:39:14.257	0027-0000-0334-012B	Handrick
2018-02-23 14:39:14.257	0027-0000-0334-012B	irv500
2018-02-23 14:39:14.257	0027-0000-0334-012B	Jeremiiiie
2018-02-23 14:39:14.257	0027-0000-0334-012B	jym78-lolilol
2018-02-23 14:39:14.257	0027-0000-0334-012B	kirstena83
2018-02-23 14:39:14.257	0027-0000-0334-012B	mykempoboys2014
2018-02-23 14:39:14.257	0027-0000-0334-012B	natasha1996
2018-02-23 14:39:14.257	0027-0000-0334-012B	otsopp
2018-02-23 14:39:14.257	0027-0000-0334-012B	rhobellious
2018-02-23 14:39:14.257	0027-0000-0334-012B	Sub-Naro32760
2018-02-23 14:39:14.257	0027-0000-0334-012B	TheFiregold
2018-02-23 14:39:14.257	0027-0000-0334-012B	UP-WiiU
2018-02-23 14:39:14.257	0027-0000-0334-012B	XaranNID
2018-03-02 09:47:29.336	0027-0000-0348-1981	HiichbinRainer
2018-03-02 09:47:29.336	0027-0000-0348-1981	lapin54
2018-03-02 09:47:29.336	0027-0000-0348-1981	n526k817
2018-02-23 14:39:16.103	0028-0000-034C-FC14	4royasya.gin3
2018-02-23 14:39:16.103	0028-0000-034C-FC14	DarkFalcon08
2018-02-23 14:39:16.103	0028-0000-034C-FC14	frooby43
2018-02-23 14:39:16.103	0028-0000-034C-FC14	nathan_ter
2018-02-23 14:39:17.797	0028-0000-035B-6C54	RE5wjB
2018-02-23 14:39:17.797	0028-0000-035B-6C54	revolv23
2018-02-23 14:39:19.775	0029-0000-0343-9D73	Feuxdelamoule
2018-02-23 14:39:19.775	0029-0000-0343-9D73	mattced
2018-02-23 14:39:19.775	0029-0000-0343-9D73	Schnee2000
2018-02-23 14:39:19.775	0029-0000-0343-9D73	Sconebunny
2018-02-23 14:39:21.327	0029-0000-034E-99EB	JonaGL1992
2018-02-23 14:39:21.327	0029-0000-034E-99EB	sonic42600
2018-02-23 14:39:22.873	002A-0000-0330-761E	a.wittmann
2018-02-23 14:39:22.873	002A-0000-0330-761E	Regis3164
2018-02-23 14:39:24.655	002A-0000-0332-294D	grant101408
2018-02-23 14:39:26.405	002B-0000-0333-F47A	Maestro6595
2017-12-18 14:48:29.898	002B-0000-0355-EB6E	Boneshark71
2017-12-18 14:48:29.898	002B-0000-0355-EB6E	Dav13gamer
2018-03-02 09:47:30.974	002B-0000-0358-FB67	alexbebe
2018-03-02 09:47:30.974	002B-0000-0358-FB67	CradTrax75
2018-03-02 09:47:30.974	002B-0000-0358-FB67	lb860810
2018-03-02 09:47:32.674	002C-0000-0316-3204	Gungoo
2018-03-02 09:47:32.674	002C-0000-0316-3204	LukeG890074
2017-11-16 16:24:09.756	002C-0000-0364-BDA0	YvetteMack
2018-02-23 14:39:29.411	002D-0000-032B-B0DA	0803Suezie
2018-02-23 14:39:29.411	002D-0000-032B-B0DA	adelvalle
2018-02-23 14:39:29.411	002D-0000-032B-B0DA	Adrian24be
2018-02-23 14:39:29.411	002D-0000-032B-B0DA	alien57
2018-02-23 14:39:29.411	002D-0000-032B-B0DA	animalracer
2018-02-23 14:39:29.411	002D-0000-032B-B0DA	Arno21
2018-02-23 14:39:29.411	002D-0000-032B-B0DA	arturgouveia1975
2018-02-23 14:39:29.411	002D-0000-032B-B0DA	asthatbeenmurry
2018-02-23 14:39:29.411	002D-0000-032B-B0DA	batmanmg
2018-02-23 14:39:29.411	002D-0000-032B-B0DA	ben54000
2018-02-23 14:39:29.411	002D-0000-032B-B0DA	billyspencer
2018-02-23 14:39:29.411	002D-0000-032B-B0DA	buddermario73
2018-02-23 14:39:29.411	002D-0000-032B-B0DA	CapDeTrons
2018-02-23 14:39:29.411	002D-0000-032B-B0DA	carl10378
2018-02-23 14:39:29.411	002D-0000-032B-B0DA	coeur2017
2018-02-23 14:39:29.411	002D-0000-032B-B0DA	Coffeeo
2018-02-23 14:39:29.411	002D-0000-032B-B0DA	Conducteur59220
2018-02-23 14:39:29.411	002D-0000-032B-B0DA	cowboye123
2018-02-23 14:39:29.411	002D-0000-032B-B0DA	deadlyflame
2018-02-23 14:39:29.411	002D-0000-032B-B0DA	D-Fronk
2018-02-23 14:39:29.411	002D-0000-032B-B0DA	dkkjjieop
2018-02-23 14:39:29.411	002D-0000-032B-B0DA	emmis1970
2018-02-23 14:39:29.411	002D-0000-032B-B0DA	Erikole
2018-02-23 14:39:29.411	002D-0000-032B-B0DA	Feuxdelamoule
2018-02-23 14:39:29.411	002D-0000-032B-B0DA	fraise52
2018-02-23 14:39:29.411	002D-0000-032B-B0DA	francesco57280
2018-02-23 14:39:29.411	002D-0000-032B-B0DA	FrankPriebe
2018-02-23 14:39:29.411	002D-0000-032B-B0DA	GreenDragonCafe
2018-02-23 14:39:29.411	002D-0000-032B-B0DA	GREGTHEBEST
2018-02-23 14:39:29.411	002D-0000-032B-B0DA	Handrick
2018-02-23 14:39:29.411	002D-0000-032B-B0DA	IHernandez89
2018-02-23 14:39:29.411	002D-0000-032B-B0DA	indien1966
2018-02-23 14:39:29.411	002D-0000-032B-B0DA	Izaroro
2018-02-23 14:39:29.411	002D-0000-032B-B0DA	joeslow7
2018-02-23 14:39:29.411	002D-0000-032B-B0DA	JustinDianaRalf
2018-02-23 14:39:29.411	002D-0000-032B-B0DA	KSG_WiiU
2018-02-23 14:39:29.411	002D-0000-032B-B0DA	l943970
2018-02-23 14:39:29.411	002D-0000-032B-B0DA	lennydis
2018-02-23 14:39:29.411	002D-0000-032B-B0DA	lorenamamaisnaba
2018-02-23 14:39:29.411	002D-0000-032B-B0DA	Luma117
2018-02-23 14:39:29.411	002D-0000-032B-B0DA	M1island1O
2018-02-23 14:39:29.411	002D-0000-032B-B0DA	maitrejhon
2018-02-23 14:39:29.411	002D-0000-032B-B0DA	MarcoSaumer
2018-02-23 14:39:29.411	002D-0000-032B-B0DA	mario242
2018-02-23 14:39:29.411	002D-0000-032B-B0DA	Monkeydelphin173
2018-02-23 14:39:29.411	002D-0000-032B-B0DA	nathanda2006
2018-02-23 14:39:29.411	002D-0000-032B-B0DA	nathan-hatton
2018-02-23 14:39:29.411	002D-0000-032B-B0DA	NEWT82
2018-02-23 14:39:29.411	002D-0000-032B-B0DA	nolwennmercier
2018-02-23 14:39:29.411	002D-0000-032B-B0DA	pedritopin2015
2018-02-23 14:39:29.411	002D-0000-032B-B0DA	Plusbellelavie5
2018-02-23 14:39:29.411	002D-0000-032B-B0DA	quentintheret
2018-02-23 14:39:29.411	002D-0000-032B-B0DA	quinten9
2018-02-23 14:39:29.411	002D-0000-032B-B0DA	Quinythegamer
2018-02-23 14:39:29.411	002D-0000-032B-B0DA	Raphael62570
2018-02-23 14:39:29.411	002D-0000-032B-B0DA	RyleighShanahan
2018-02-23 14:39:29.411	002D-0000-032B-B0DA	rzsop73
2018-02-23 14:39:29.411	002D-0000-032B-B0DA	Sacool_13
2018-02-23 14:39:29.411	002D-0000-032B-B0DA	SeigneurSkull
2018-02-23 14:39:29.411	002D-0000-032B-B0DA	Shiraur
2018-02-23 14:39:29.411	002D-0000-032B-B0DA	sikhung
2018-02-23 14:39:29.411	002D-0000-032B-B0DA	sioux4
2018-02-23 14:39:29.411	002D-0000-032B-B0DA	soradaichi
2018-02-23 14:39:29.411	002D-0000-032B-B0DA	So-suk0627
2018-02-23 14:39:29.411	002D-0000-032B-B0DA	SparkWulfe
2018-02-23 14:39:29.411	002D-0000-032B-B0DA	speedrush512
2018-02-23 14:39:29.411	002D-0000-032B-B0DA	stmelu
2018-02-23 14:39:29.411	002D-0000-032B-B0DA	suchi-rukan2
2018-02-23 14:39:29.411	002D-0000-032B-B0DA	SuperDavidMaker
2018-02-23 14:39:29.411	002D-0000-032B-B0DA	tc.coeur
2018-02-23 14:39:29.411	002D-0000-032B-B0DA	vg-MK8
2018-02-23 14:39:29.411	002D-0000-032B-B0DA	WIIMoustique
2018-02-23 14:39:29.411	002D-0000-032B-B0DA	wxcvbbbbbb
2018-02-23 14:39:29.411	002D-0000-032B-B0DA	xiao26
2018-02-23 14:39:29.411	002D-0000-032B-B0DA	yoo007
2018-02-23 14:39:31.164	002D-0000-0331-05F2	ARMacgaming
2018-03-02 09:47:34.726	002D-0000-0332-F988	joe47771
2018-03-02 09:47:34.726	002D-0000-0332-F988	romario_2005
2018-03-02 09:47:34.726	002D-0000-0332-F988	thezocker1
2018-02-23 14:39:32.867	002D-0000-0345-EFDD	C00LBOY
2018-02-23 14:39:32.867	002D-0000-0345-EFDD	VeritableHero
2017-12-18 14:48:31.664	002E-0000-0309-E02D	itaitui
2017-12-18 14:48:31.664	002E-0000-0309-E02D	ourwi1977
2018-03-02 09:47:37.541	002E-0000-030E-6763	bowtiedog
2018-03-02 09:47:37.541	002E-0000-030E-6763	CarlosChillipool
2018-03-02 09:47:37.541	002E-0000-030E-6763	Franklin_theking
2018-03-02 09:47:37.541	002E-0000-030E-6763	hanahana3631
2018-03-02 09:47:37.541	002E-0000-030E-6763	Judith305
2018-03-02 09:47:37.541	002E-0000-030E-6763	seiyou-0205
2018-03-02 09:47:37.541	002E-0000-030E-6763	sergiomembreno
2017-12-18 14:48:33.453	002E-0000-0355-6D76	buster610
2017-12-18 14:48:33.453	002E-0000-0355-6D76	germancasillas
2017-12-18 14:48:35.222	002E-0000-0357-0C03	Wup-2367
2017-12-18 14:48:37.523	002F-0000-030E-B5CE	CryerHawkNK
2018-02-04 11:52:19.333	002F-0000-030E-B5CE	eddycloyd2
2017-12-18 14:48:37.523	002F-0000-030E-B5CE	legomaster305
2017-12-18 14:48:37.523	002F-0000-030E-B5CE	sionenagisa
2017-12-18 14:48:37.523	002F-0000-030E-B5CE	yochikachu
2018-03-02 09:47:39.096	002F-0000-0322-FA58	kazu-jyun1503
2018-02-23 14:39:34.969	0030-0000-0325-7782	arturgouveia1975
2018-02-23 14:39:34.969	0030-0000-0325-7782	Colin-Robin2007
2018-02-23 14:39:34.969	0030-0000-0325-7782	nao_70.nyao
2018-02-23 14:39:36.628	0030-0000-0340-7C73	yahir.com.mx
2017-12-18 14:48:39.432	0031-0000-0309-C4EB	haruto.comcomcom
2017-12-18 14:48:39.432	0031-0000-0309-C4EB	mufflern
2017-12-18 14:48:41.052	0031-0000-0330-9BA1	IsidroAlejandro
2018-02-23 14:39:38.599	0032-0000-0301-B9E1	hide-o2335
2018-02-23 14:39:38.599	0032-0000-0301-B9E1	luciegomes02
2018-02-23 14:39:40.972	0033-0000-034D-6BAC	bpd777
2018-02-23 14:39:40.972	0033-0000-034D-6BAC	cowboye123
2018-02-23 14:39:40.972	0033-0000-034D-6BAC	destinytw
2018-02-23 14:39:40.972	0033-0000-034D-6BAC	dvym3q5
2018-02-23 14:39:40.972	0033-0000-034D-6BAC	gemguy89
2018-02-23 14:39:40.972	0033-0000-034D-6BAC	JustinDianaRalf
2018-02-23 14:39:40.972	0033-0000-034D-6BAC	lorenamamaisnaba
2018-02-23 14:39:40.972	0033-0000-034D-6BAC	mjsclan
2018-02-23 14:39:40.972	0033-0000-034D-6BAC	Plusbellelavie5
2018-02-23 14:39:40.972	0033-0000-034D-6BAC	RURI333HRIRU777H
2018-02-23 14:39:40.972	0033-0000-034D-6BAC	th95zio
2018-03-02 09:47:41.674	0034-0000-0300-FDB3	C.STITCH
2018-03-02 09:47:41.674	0034-0000-0300-FDB3	elias2332
2018-03-02 09:47:41.674	0034-0000-0300-FDB3	FuzzNG
2018-03-02 09:47:41.674	0034-0000-0300-FDB3	JulioMega
2018-03-02 09:47:41.674	0034-0000-0300-FDB3	neko2sima2
2018-03-02 09:47:43.934	0034-0000-0328-BBC6	gaelouloi
2018-03-02 09:47:43.934	0034-0000-0328-BBC6	kss250119
2018-03-02 09:47:43.934	0034-0000-0328-BBC6	pollo422
2018-03-02 09:47:43.934	0034-0000-0328-BBC6	TheBestMael
2018-03-02 09:47:43.934	0034-0000-0328-BBC6	tmaminya
2017-12-18 14:48:42.554	0034-0000-0340-3A58	bajabah
2017-12-18 14:48:42.554	0034-0000-0340-3A58	raphaelgadou
2018-03-02 09:47:45.716	0034-0000-035A-EB1B	BenjaminPollock9
2018-02-23 14:39:43.874	0034-0000-0364-7E19	buddy1943indiana
2018-02-23 14:39:43.874	0034-0000-0364-7E19	DestructorKid
2018-02-23 14:39:43.874	0034-0000-0364-7E19	keroemon3
2018-03-02 09:47:47.761	0035-0000-0313-1C04	karaxsue
2018-03-02 09:47:47.761	0035-0000-0313-1C04	Krieger09
2017-12-18 14:48:44.512	0035-0000-0336-56E9	BEEFY2014
2017-12-18 14:48:46.293	0035-0000-033B-ECD5	kqeva0716
2017-12-18 14:48:46.293	0035-0000-033B-ECD5	Laurent34000
2018-03-13 11:29:19.104	0035-0000-033B-ECD5	Rakkzuul
2017-12-18 14:48:47.872	0035-0000-0350-74D7	Alexber901
2017-12-18 14:48:47.872	0035-0000-0350-74D7	babymonkey107
2017-12-18 14:48:47.872	0035-0000-0350-74D7	rluton75
2018-01-14 20:33:40.754	0035-0000-0350-74D7	xnn3882
2018-03-02 09:47:50.597	0036-0000-0302-8B5F	animalracer
2018-03-02 09:47:50.597	0036-0000-0302-8B5F	Crescent29
2018-03-02 09:47:50.597	0036-0000-0302-8B5F	Florian-95314
2018-03-02 09:47:50.597	0036-0000-0302-8B5F	Florimaster
2018-03-02 09:47:50.597	0036-0000-0302-8B5F	Hard_Cochi
2018-03-02 09:47:50.597	0036-0000-0302-8B5F	Joelbema
2018-03-02 09:47:50.597	0036-0000-0302-8B5F	KURIMANA0213
2018-03-02 09:47:50.597	0036-0000-0302-8B5F	MrMyby
2018-03-02 09:47:50.597	0036-0000-0302-8B5F	Red929
2018-03-02 09:47:50.597	0036-0000-0302-8B5F	StickToYourGuns
2018-03-02 09:47:50.597	0036-0000-0302-8B5F	UrsonJr
2018-03-02 09:47:50.597	0036-0000-0302-8B5F	vaivalentinovai4
2018-03-02 09:47:50.597	0036-0000-0302-8B5F	yoshiistsuesss
2018-03-02 09:47:50.597	0036-0000-0302-8B5F	Youtubebrothers
2018-02-23 14:39:45.531	0037-0000-0309-B46C	Agg0108
2018-02-23 14:39:45.531	0037-0000-0309-B46C	charli2004
2018-02-23 14:39:45.531	0037-0000-0309-B46C	Conducteur59220
2018-02-23 14:39:45.531	0037-0000-0309-B46C	sciusciddu
2018-02-23 14:39:45.531	0037-0000-0309-B46C	zaegamer22
2018-02-23 14:39:47.076	0037-0000-0335-A115	batmanmg
2018-02-23 14:39:49.097	0039-0000-0342-355E	DanielB1045
2018-02-23 14:39:49.097	0039-0000-0342-355E	Darkfire2301
2018-02-23 14:39:49.097	0039-0000-0342-355E	hina3486
2018-02-23 14:39:49.097	0039-0000-0342-355E	leche11
2018-02-23 14:39:49.097	0039-0000-0342-355E	maksimkaheidel
2018-02-23 14:39:49.097	0039-0000-0342-355E	masakiriko1526
2018-03-01 08:57:25.527	0039-0000-0342-355E	siyagi
2018-02-23 14:39:50.738	003A-0000-0300-10C8	shishihoho2001
2017-12-18 14:48:49.477	003B-0000-0365-F21D	Banginyo
2017-12-18 14:48:49.477	003B-0000-0365-F21D	hd350z
2017-12-18 14:48:49.477	003B-0000-0365-F21D	inimitabledang
2018-01-02 07:09:01.426	003B-0000-0365-F21D	sakamoto2994
2017-12-18 14:48:51.049	003C-0000-0330-7752	hakunamatatasa
2017-12-18 14:48:52.944	003C-0000-0346-52F4	Arturesq
2018-01-31 14:38:43.357	003C-0000-0346-52F4	fatimanes
2017-12-18 14:48:52.944	003C-0000-0346-52F4	Miguel_pt_PT
2017-12-18 14:48:52.944	003C-0000-0346-52F4	yujuatyu
2018-02-23 14:39:53.434	003D-0000-02FF-5D0A	Shiraur
2017-12-18 14:48:54.877	003D-0000-030D-DDA6	bttheo
2017-12-18 14:48:54.877	003D-0000-030D-DDA6	falconn1953
2018-01-02 07:09:07.094	003D-0000-030D-DDA6	Mr.Creeper_hi
2017-12-18 14:48:56.742	003E-0000-032B-8D0F	nadine100781
2018-02-23 14:39:54.943	003F-0000-0305-C1D4	luigieric
2018-02-23 14:39:54.943	003F-0000-0305-C1D4	Meganetz
2018-02-23 14:39:56.993	0040-0000-0338-C1AA	hollett21
2018-02-23 14:39:56.993	0040-0000-0338-C1AA	Josephkenneth
2017-12-18 14:48:58.453	0040-0000-0344-87F1	JoseMariaG.S
2017-12-18 14:48:58.453	0040-0000-0344-87F1	sl19762002ava
2018-03-02 09:47:52.774	0041-0000-032D-4263	EricBoingo1
2018-03-02 09:47:52.774	0041-0000-032D-4263	Firzen592798
2018-03-02 09:47:52.774	0041-0000-032D-4263	Flonichiwa
2018-03-02 09:47:52.774	0041-0000-032D-4263	Juca125_Original
2018-03-02 09:47:52.774	0041-0000-032D-4263	m2o0l0i1
2018-03-02 09:47:52.774	0041-0000-032D-4263	Oskar_dragons
2018-03-02 09:47:52.774	0041-0000-032D-4263	QbrainNL
2018-03-02 09:47:52.774	0041-0000-032D-4263	SENCHO-362880
2018-03-02 09:47:52.774	0041-0000-032D-4263	snaggyy
2018-03-02 09:47:52.774	0041-0000-032D-4263	UrsonJr
2018-02-23 14:39:58.731	0041-0000-0332-3594	Neymar.jr33
2018-03-02 09:47:54.623	0044-0000-0304-1B4A	Hodorinchen
2017-12-18 14:49:00.539	0045-0000-031E-182B	mrlemmer
2017-12-18 14:49:00.539	0045-0000-031E-182B	Packrattmario
2018-03-02 09:47:59.557	0045-0000-0336-E754	0307sana
2018-03-02 09:47:59.557	0045-0000-0336-E754	0425YUGO
2018-03-02 09:47:59.557	0045-0000-0336-E754	12jrsuper
2018-03-02 09:47:59.557	0045-0000-0336-E754	1998_Yoshi
2018-03-02 09:47:59.557	0045-0000-0336-E754	258889
2018-03-02 09:47:59.557	0045-0000-0336-E754	Adam_Up_4_Life
2018-03-02 09:47:59.557	0045-0000-0336-E754	adrianara1
2018-03-02 09:47:59.557	0045-0000-0336-E754	Affuten
2018-03-02 09:47:59.557	0045-0000-0336-E754	akikyou765
2018-03-02 09:47:59.557	0045-0000-0336-E754	AKIYUUTOU
2018-03-02 09:47:59.557	0045-0000-0336-E754	Andotime
2018-03-02 09:47:59.557	0045-0000-0336-E754	andrea4447
2018-03-02 09:47:59.557	0045-0000-0336-E754	Banaen
2018-03-02 09:47:59.557	0045-0000-0336-E754	berkkoc
2018-03-02 09:47:59.557	0045-0000-0336-E754	BilaverFamily
2018-03-02 09:47:59.557	0045-0000-0336-E754	Bishy_UK
2018-03-02 09:47:59.557	0045-0000-0336-E754	bOOmbrownpants
2018-03-02 09:47:59.557	0045-0000-0336-E754	Boosted_C5
2018-03-02 09:47:59.557	0045-0000-0336-E754	bunbunponpon8829
2018-03-02 09:47:59.557	0045-0000-0336-E754	Calitrippin35
2018-03-02 09:47:59.557	0045-0000-0336-E754	cayured
2018-03-02 09:47:59.557	0045-0000-0336-E754	CodyAlbrecht
2018-03-02 09:47:59.557	0045-0000-0336-E754	colinthomas
2018-03-02 09:47:59.557	0045-0000-0336-E754	Cpt.Bacardi
2018-04-10 11:03:12.907	0045-0000-0336-E754	CRetterer
2018-03-02 09:47:59.557	0045-0000-0336-E754	cudeiro
2018-03-02 09:47:59.557	0045-0000-0336-E754	cuj4life
2018-03-02 09:47:59.557	0045-0000-0336-E754	CyberTronXL
2018-03-02 09:47:59.557	0045-0000-0336-E754	dagpetter
2018-03-02 09:47:59.557	0045-0000-0336-E754	danielsplatoon08
2018-03-02 09:47:59.557	0045-0000-0336-E754	Demooni0
2018-03-02 09:47:59.557	0045-0000-0336-E754	eitasu
2018-03-02 09:47:59.557	0045-0000-0336-E754	fabian030606
2018-03-02 09:47:59.557	0045-0000-0336-E754	hellboy78
2018-03-02 09:47:59.557	0045-0000-0336-E754	hina.ai.lee2
2018-03-02 09:47:59.557	0045-0000-0336-E754	hirokiy627
2018-03-02 09:47:59.557	0045-0000-0336-E754	hi-san37
2018-03-02 09:47:59.557	0045-0000-0336-E754	Hoody711
2018-03-02 09:47:59.557	0045-0000-0336-E754	Hulk1989
2018-03-02 09:47:59.557	0045-0000-0336-E754	IFRDonateMunoz
2018-03-02 09:47:59.557	0045-0000-0336-E754	JayOrca
2018-03-02 09:47:59.557	0045-0000-0336-E754	kaito.mion
2018-03-02 09:47:59.557	0045-0000-0336-E754	kanshinsaku
2018-03-02 09:47:59.557	0045-0000-0336-E754	Kataru88
2018-03-02 09:47:59.557	0045-0000-0336-E754	katiacsi1
2018-03-02 09:47:59.557	0045-0000-0336-E754	kelyane2006
2018-03-02 09:47:59.557	0045-0000-0336-E754	KorbsTheKid
2018-03-02 09:47:59.557	0045-0000-0336-E754	kyororin23
2018-03-02 09:47:59.557	0045-0000-0336-E754	Lena64
2018-03-02 09:47:59.557	0045-0000-0336-E754	lias01
2018-03-02 09:47:59.557	0045-0000-0336-E754	lilyhoward10
2018-03-02 09:47:59.557	0045-0000-0336-E754	LpDarklink
2018-03-02 09:47:59.557	0045-0000-0336-E754	lucineitoromgxd
2018-03-02 09:47:59.557	0045-0000-0336-E754	luluckdu59
2018-03-02 09:47:59.557	0045-0000-0336-E754	Maikselz
2018-03-02 09:47:59.557	0045-0000-0336-E754	MANUEL.PC2006
2018-03-02 09:47:59.557	0045-0000-0336-E754	mariobros22
2018-03-02 09:47:59.557	0045-0000-0336-E754	Marshall-Nash
2018-03-02 09:47:59.557	0045-0000-0336-E754	MESAOZ
2018-03-02 09:47:59.557	0045-0000-0336-E754	mghnjnkr
2018-03-02 09:47:59.557	0045-0000-0336-E754	MikeyCantone
2018-03-02 09:47:59.557	0045-0000-0336-E754	Monster-Hunter93
2018-04-10 11:03:12.907	0045-0000-0336-E754	neo4400
2018-03-02 09:47:59.557	0045-0000-0336-E754	newonave09
2018-03-02 09:47:59.557	0045-0000-0336-E754	ono1992
2018-03-02 09:47:59.557	0045-0000-0336-E754	Orona01
2018-03-02 09:47:59.557	0045-0000-0336-E754	OutLanderBT
2018-03-02 09:47:59.557	0045-0000-0336-E754	OzKat502
2018-03-02 09:47:59.557	0045-0000-0336-E754	ParkerHouse
2018-03-02 09:47:59.557	0045-0000-0336-E754	Platy222
2018-03-02 09:47:59.557	0045-0000-0336-E754	ponruswendt
2018-03-02 09:47:59.557	0045-0000-0336-E754	pun99tan28
2018-03-02 09:47:59.557	0045-0000-0336-E754	rena91mei514
2018-03-02 09:47:59.557	0045-0000-0336-E754	rintaromushi
2018-03-02 09:47:59.557	0045-0000-0336-E754	ritzMo
2018-03-02 09:47:59.557	0045-0000-0336-E754	rodal-skaar
2018-03-02 09:47:59.557	0045-0000-0336-E754	RokiLP
2018-03-02 09:47:59.557	0045-0000-0336-E754	sarumaru75
2018-03-02 09:47:59.557	0045-0000-0336-E754	Sconebunny
2018-03-02 09:47:59.557	0045-0000-0336-E754	senamama.0523
2018-03-02 09:47:59.557	0045-0000-0336-E754	shiyuu.t
2018-03-02 09:47:59.557	0045-0000-0336-E754	simezirou4
2018-03-02 09:47:59.557	0045-0000-0336-E754	SKRATCH4MERZ
2018-03-02 09:47:59.557	0045-0000-0336-E754	spidercreeperfun
2018-03-02 09:47:59.557	0045-0000-0336-E754	SpitzKnoll
2018-03-02 09:47:59.557	0045-0000-0336-E754	stormfire128
2018-03-02 09:47:59.557	0045-0000-0336-E754	streb0r
2018-03-02 09:47:59.557	0045-0000-0336-E754	supermandu24
2018-03-02 09:47:59.557	0045-0000-0336-E754	Suvir528
2018-03-02 09:47:59.557	0045-0000-0336-E754	SynysterAlex31
2018-03-02 09:47:59.557	0045-0000-0336-E754	taiman1024
2018-03-02 09:47:59.557	0045-0000-0336-E754	takeru1944
2018-03-02 09:47:59.557	0045-0000-0336-E754	Terumi25
2018-03-02 09:47:59.557	0045-0000-0336-E754	tigerHNKTR
2018-03-02 09:47:59.557	0045-0000-0336-E754	TIL_2.0
2018-03-02 09:47:59.557	0045-0000-0336-E754	tmnsa.t
2018-03-02 09:47:59.557	0045-0000-0336-E754	tobias110610
2018-03-02 09:47:59.557	0045-0000-0336-E754	tristanmills
2018-04-10 11:03:12.907	0045-0000-0336-E754	VeeroYT
2018-03-02 09:47:59.557	0045-0000-0336-E754	waleskita2020
2018-03-02 09:47:59.557	0045-0000-0336-E754	WiiUNetz
2018-03-02 09:47:59.557	0045-0000-0336-E754	X-Rare
2018-03-02 09:47:59.557	0045-0000-0336-E754	YAMATO8455
2018-03-02 09:48:01.292	0045-0000-0345-ED67	TheKorearicans
2018-03-02 09:48:01.292	0045-0000-0345-ED67	uchitoku
2017-12-18 14:49:03.333	0046-0000-0305-6FA0	0114ak
2017-12-18 14:49:03.333	0046-0000-0305-6FA0	feliola
2017-12-18 14:49:03.333	0046-0000-0305-6FA0	Gabri0011
2017-12-18 14:49:03.333	0046-0000-0305-6FA0	jahworld25
2017-12-18 14:49:03.333	0046-0000-0305-6FA0	mkornelson
2017-12-18 14:49:03.333	0046-0000-0305-6FA0	Zachattack0804
2017-12-18 14:49:04.94	0046-0000-0311-8CD8	shingo130
2018-03-02 09:48:03.494	0046-0000-035B-6B88	deepizzapeperoni
2018-03-02 09:48:03.494	0046-0000-035B-6B88	Hamburger_xD3000
2018-03-02 09:48:03.494	0046-0000-035B-6B88	Nico070971
2018-03-02 09:48:03.494	0046-0000-035B-6B88	Nico260104
2018-03-02 09:48:03.494	0046-0000-035B-6B88	nils5931
2018-03-02 09:48:03.494	0046-0000-035B-6B88	The_NyneR
2017-12-18 14:49:06.728	0048-0000-0369-B9A2	blastedhippos
2017-12-18 14:49:06.728	0048-0000-0369-B9A2	Bouhouhou
2017-12-18 14:49:06.728	0048-0000-0369-B9A2	chronotrip
2017-12-18 14:49:06.728	0048-0000-0369-B9A2	datkinson82
2017-12-18 14:49:06.728	0048-0000-0369-B9A2	fibermx
2017-12-18 14:49:06.728	0048-0000-0369-B9A2	Its_Bird_Law
2017-12-18 14:49:06.728	0048-0000-0369-B9A2	jdhqn5
2018-01-02 07:09:17.152	0048-0000-0369-B9A2	RainbowPigParty
2017-12-18 14:49:06.728	0048-0000-0369-B9A2	sebaudet
2017-12-18 14:49:06.728	0048-0000-0369-B9A2	Shadowbrave
2018-02-23 14:40:00.635	004A-0000-0303-E513	BlueFuran
2018-02-23 14:40:00.635	004A-0000-0303-E513	cenimser
2018-02-23 14:40:00.635	004A-0000-0303-E513	Dinghy2
2018-02-23 14:40:00.635	004A-0000-0303-E513	gaetanchovet
2018-02-23 14:40:00.635	004A-0000-0303-E513	kevin_007c
2018-02-23 14:40:00.635	004A-0000-0303-E513	toonookiemario
2018-02-23 14:40:00.635	004A-0000-0303-E513	VicCoffee
2018-02-23 14:40:00.635	004A-0000-0303-E513	VoidFall
2018-03-02 09:48:05.216	004B-0000-0328-D1E5	yougo2.0
2018-02-23 14:40:05.561	004B-0000-032C-AA00	Aguni35
2018-02-23 14:40:05.561	004B-0000-032C-AA00	alfredz
2018-02-23 14:40:05.561	004B-0000-032C-AA00	antonioit
2018-02-23 14:40:05.561	004B-0000-032C-AA00	aristoboss
2018-02-23 14:40:05.561	004B-0000-032C-AA00	bereniceisrael
2018-02-23 14:40:05.561	004B-0000-032C-AA00	Bowser33333
2018-02-23 14:40:05.561	004B-0000-032C-AA00	Catiopse531
2018-02-23 14:40:05.561	004B-0000-032C-AA00	Clark4365
2018-02-23 14:40:05.561	004B-0000-032C-AA00	coeur2017
2018-02-23 14:40:05.561	004B-0000-032C-AA00	cris245
2018-02-23 14:40:05.561	004B-0000-032C-AA00	csgdgdhh14
2018-02-23 14:40:05.561	004B-0000-032C-AA00	CyrilAlice123456
2018-02-23 14:40:05.561	004B-0000-032C-AA00	daryde52
2018-02-23 14:40:05.561	004B-0000-032C-AA00	dtrtruet5
2018-02-23 14:40:05.561	004B-0000-032C-AA00	Ednna75
2018-02-23 14:40:05.561	004B-0000-032C-AA00	fraise52
2018-02-23 14:40:05.561	004B-0000-032C-AA00	Freyja94
2018-02-23 14:40:05.561	004B-0000-032C-AA00	frrsrs
2018-02-23 14:40:05.561	004B-0000-032C-AA00	fsgyb24
2018-02-23 14:40:05.561	004B-0000-032C-AA00	fysyxtxx
2018-02-23 14:40:05.561	004B-0000-032C-AA00	ganganzu
2018-02-23 14:40:05.561	004B-0000-032C-AA00	ghjgko84
2018-02-23 14:40:05.561	004B-0000-032C-AA00	gigkgggkg
2018-02-23 14:40:05.561	004B-0000-032C-AA00	Gofan453
2018-02-23 14:40:05.561	004B-0000-032C-AA00	guimoz
2018-02-23 14:40:05.561	004B-0000-032C-AA00	haheop45
2018-02-23 14:40:05.561	004B-0000-032C-AA00	Handrick
2018-02-23 14:40:05.561	004B-0000-032C-AA00	hhrerui
2018-02-23 14:40:05.561	004B-0000-032C-AA00	hidjvkit
2018-02-23 14:40:05.561	004B-0000-032C-AA00	Hordez25
2018-02-23 14:40:05.561	004B-0000-032C-AA00	indien1966
2018-02-23 14:40:05.561	004B-0000-032C-AA00	IZANMEN
2018-02-23 14:40:05.561	004B-0000-032C-AA00	Izaroro
2018-02-23 14:40:05.561	004B-0000-032C-AA00	joopsed45
2018-02-23 14:40:05.561	004B-0000-032C-AA00	JUANFELIPEMEJIA
2018-02-23 14:40:05.561	004B-0000-032C-AA00	Juichrios
2018-02-23 14:40:05.561	004B-0000-032C-AA00	jukopm74
2018-02-23 14:40:05.561	004B-0000-032C-AA00	Jxkkf_v_vj
2018-02-23 14:40:05.561	004B-0000-032C-AA00	kevinf1118
2018-02-23 14:40:05.561	004B-0000-032C-AA00	kgfuGIGI
2018-02-23 14:40:05.561	004B-0000-032C-AA00	kuygjfr42
2018-02-23 14:40:05.561	004B-0000-032C-AA00	Lassieboy
2018-02-23 14:40:05.561	004B-0000-032C-AA00	Laura9875
2018-02-23 14:40:05.561	004B-0000-032C-AA00	LeGo_BaUeR2002
2018-02-23 14:40:05.561	004B-0000-032C-AA00	lennydis
2018-02-23 14:40:05.561	004B-0000-032C-AA00	lfufhb.fjgu
2018-02-23 14:40:05.561	004B-0000-032C-AA00	Loser186
2018-02-23 14:40:05.561	004B-0000-032C-AA00	MaheDrapeaux
2018-02-23 14:40:05.561	004B-0000-032C-AA00	marcajigglypuff
2018-02-23 14:40:05.561	004B-0000-032C-AA00	Mario1UPkoopa
2018-02-23 14:40:05.561	004B-0000-032C-AA00	mario-tomoya
2018-02-23 14:40:05.561	004B-0000-032C-AA00	maypsgij25pwf
2018-02-23 14:40:05.561	004B-0000-032C-AA00	mazemaker
2018-02-23 14:40:05.561	004B-0000-032C-AA00	MecNana54
2018-02-23 14:40:05.561	004B-0000-032C-AA00	message106
2018-02-23 14:40:05.561	004B-0000-032C-AA00	mhscx.n-8q9
2018-02-23 14:40:05.561	004B-0000-032C-AA00	Miltiades
2018-02-23 14:40:05.561	004B-0000-032C-AA00	MoiLui123456
2018-02-23 14:40:05.561	004B-0000-032C-AA00	mommyv1030
2018-02-23 14:40:05.561	004B-0000-032C-AA00	mrb2016
2018-02-23 14:40:05.561	004B-0000-032C-AA00	Myhtra2
2018-02-23 14:40:05.561	004B-0000-032C-AA00	Mythra69
2018-02-23 14:40:05.561	004B-0000-032C-AA00	namuedqFhn86
2018-02-23 14:40:05.561	004B-0000-032C-AA00	ncjfvjgkb
2018-02-23 14:40:05.561	004B-0000-032C-AA00	nmbcrjyh
2018-02-23 14:40:05.561	004B-0000-032C-AA00	nolwennmercier
2018-02-23 14:40:05.561	004B-0000-032C-AA00	nonom52100
2018-02-23 14:40:05.561	004B-0000-032C-AA00	obllrll
2018-02-23 14:40:05.561	004B-0000-032C-AA00	pablo06580
2018-02-23 14:40:05.561	004B-0000-032C-AA00	pedritopin1
2018-02-23 14:40:05.561	004B-0000-032C-AA00	pedritopin2015
2018-02-23 14:40:05.561	004B-0000-032C-AA00	Plusbellelavie5
2018-02-23 14:40:05.561	004B-0000-032C-AA00	Quittre42
2018-02-23 14:40:05.561	004B-0000-032C-AA00	Ramaga
2018-02-23 14:40:05.561	004B-0000-032C-AA00	ReineNeige12
2018-02-23 14:40:05.561	004B-0000-032C-AA00	Rekia00
2018-02-23 14:40:05.561	004B-0000-032C-AA00	RomualdV
2018-02-23 14:40:05.561	004B-0000-032C-AA00	Rubex999
2018-02-23 14:40:05.561	004B-0000-032C-AA00	Shiraop
2018-02-23 14:40:05.561	004B-0000-032C-AA00	Shiraur
2018-02-23 14:40:05.561	004B-0000-032C-AA00	sinryom0710
2018-02-23 14:40:05.561	004B-0000-032C-AA00	sioux4
2018-02-23 14:40:05.561	004B-0000-032C-AA00	soyzallos
2018-02-23 14:40:05.561	004B-0000-032C-AA00	Spritemichaeler
2018-02-23 14:40:05.561	004B-0000-032C-AA00	SteveKatakana
2018-02-23 14:40:05.561	004B-0000-032C-AA00	syunskytree
2018-02-23 14:40:05.561	004B-0000-032C-AA00	Tchad7
2018-02-23 14:40:05.561	004B-0000-032C-AA00	Tekken428
2018-02-23 14:40:05.561	004B-0000-032C-AA00	Theaulepotto
2018-02-23 14:40:05.561	004B-0000-032C-AA00	TheFedFam
2018-02-23 14:40:05.561	004B-0000-032C-AA00	tiago_garcia69
2018-02-23 14:40:05.561	004B-0000-032C-AA00	tjrgg.yy
2018-02-23 14:40:05.561	004B-0000-032C-AA00	TresLongCheveux
2018-02-23 14:40:05.561	004B-0000-032C-AA00	tufjdtjfj155
2018-02-23 14:40:05.561	004B-0000-032C-AA00	Tutue72
2018-02-23 14:40:05.561	004B-0000-032C-AA00	Velvet1245
2018-02-23 14:40:05.561	004B-0000-032C-AA00	Xavierol69
2018-02-23 14:40:05.561	004B-0000-032C-AA00	xsktiss2
2018-02-23 14:40:05.561	004B-0000-032C-AA00	Xyradex
2018-02-23 14:40:05.561	004B-0000-032C-AA00	yyoshim6264
2017-12-18 14:49:08.487	004C-0000-034B-B262	Andygup
2017-12-18 14:49:08.487	004C-0000-034B-B262	fmyrr1119
2017-12-18 14:49:08.487	004C-0000-034B-B262	matetfab
2017-12-18 14:49:08.487	004C-0000-034B-B262	Nemonaattori
2018-01-31 14:39:00.548	004C-0000-034B-B262	NEWT82
2017-12-18 14:49:08.487	004C-0000-034B-B262	Wraldpyk
2017-12-18 14:49:10.513	004D-0000-031A-7073	aimck458
2017-12-18 14:49:10.513	004D-0000-031A-7073	hibbfamchi
2017-12-18 14:49:10.513	004D-0000-031A-7073	Raslin_David
2017-12-18 14:49:10.513	004D-0000-031A-7073	rdavis67
2017-12-18 14:49:10.513	004D-0000-031A-7073	victorvallejo08
2017-12-18 14:49:10.513	004D-0000-031A-7073	wedels
2017-12-18 14:49:12.26	004D-0000-0332-476C	danielsamuel0123
2018-03-02 09:48:08.725	004E-0000-034B-8FB2	Felatio_Hadoken
2018-03-02 09:48:08.725	004E-0000-034B-8FB2	RE5wjB
2018-03-02 09:48:08.725	004E-0000-034B-8FB2	runingdeer
2018-03-02 09:48:08.725	004E-0000-034B-8FB2	xXdiddyk0ngXx
2018-03-02 09:48:10.721	004F-0000-0308-E449	adamhalverson238
2018-03-02 09:48:10.721	004F-0000-0308-E449	Davenport13
2018-03-02 09:48:10.721	004F-0000-0308-E449	Dennsen1986
2018-03-02 09:48:10.721	004F-0000-0308-E449	Dmoney13th
2018-03-02 09:48:10.721	004F-0000-0308-E449	FlorianBOY123
2018-03-02 09:48:10.721	004F-0000-0308-E449	GraysonMann
2018-03-02 09:48:10.721	004F-0000-0308-E449	hankwheels
2018-03-02 09:48:10.721	004F-0000-0308-E449	Krodfamily
2018-03-02 09:48:10.721	004F-0000-0308-E449	MatthiasOhn
2018-03-02 09:48:10.721	004F-0000-0308-E449	yabukendesu
2018-03-02 09:48:12.343	0050-0000-032A-0C90	cadenator123
2018-03-02 09:48:12.343	0050-0000-032A-0C90	kaypow101213
2018-02-23 14:40:07.427	0050-0000-032E-A97B	superlonni
2017-12-18 14:49:13.775	0051-0000-0342-EAAE	rays99
2017-12-18 14:49:13.775	0051-0000-0342-EAAE	zspeed2413
2018-03-02 09:48:14.148	0052-0000-0338-1A77	Cormoran_HH
2018-03-02 09:48:14.148	0052-0000-0338-1A77	Cryson101
2018-03-02 09:48:14.148	0052-0000-0338-1A77	SpikeFan90
2018-03-02 09:48:15.817	0053-0000-0305-F110	devilmaycare72
2017-12-18 14:49:16.006	0053-0000-031A-88D2	CuvGang
2017-12-18 14:49:16.006	0053-0000-031A-88D2	ludi1023
2018-02-23 14:40:09.42	0053-0000-033E-4F7F	haducken
2018-02-23 14:40:09.42	0053-0000-033E-4F7F	raphaelgadou
2018-02-23 14:40:09.42	0053-0000-033E-4F7F	sen2626
2018-04-10 11:03:26.441	0053-0000-0396-BF28	1989glumanda
2018-04-10 11:03:26.441	0053-0000-0396-BF28	BDKhXc
2018-04-10 11:03:26.441	0053-0000-0396-BF28	Blackdam88
2018-04-10 11:03:26.441	0053-0000-0396-BF28	Galaxysinger
2018-04-10 11:03:26.441	0053-0000-0396-BF28	jacobrw420
2018-04-10 11:03:26.441	0053-0000-0396-BF28	matlfitz
2018-04-10 11:03:26.441	0053-0000-0396-BF28	Mr.Tweety
2018-04-10 11:03:26.441	0053-0000-0396-BF28	NikeGamer253
2018-04-10 11:03:26.441	0053-0000-0396-BF28	petipetaque
2018-04-10 11:03:26.441	0053-0000-0396-BF28	Poltergeist17
2018-04-10 11:03:26.441	0053-0000-0396-BF28	Prinny_Cirno
2018-04-10 11:03:26.441	0053-0000-0396-BF28	sallgood112
2018-04-10 11:03:26.441	0053-0000-0396-BF28	SIackerdude
2018-04-10 11:03:26.441	0053-0000-0396-BF28	SomeMiiID
2018-03-02 09:48:17.422	0054-0000-030A-F027	JulianXd007
2018-03-02 09:48:17.422	0054-0000-030A-F027	spyder99945
2018-02-23 14:40:11.133	0054-0000-0348-052C	Xavierol69
2018-02-23 14:40:11.133	0054-0000-0348-052C	Yamarati
2018-02-23 14:40:11.133	0054-0000-0348-052C	yoshimasa0614
2017-12-18 14:49:19.726	0054-0000-0363-9F81	12357APO
2017-12-18 14:49:19.726	0054-0000-0363-9F81	1Staples1
2017-12-18 14:49:19.726	0054-0000-0363-9F81	AmiralGabe
2017-12-18 14:49:19.726	0054-0000-0363-9F81	arturgouveia1975
2017-12-18 14:49:19.726	0054-0000-0363-9F81	BarbieAirala
2017-12-18 14:49:19.726	0054-0000-0363-9F81	bexmob
2017-12-18 14:49:19.726	0054-0000-0363-9F81	billyspencer
2017-12-18 14:49:19.726	0054-0000-0363-9F81	Capt.Dad2
2018-01-02 07:09:29.291	0054-0000-0363-9F81	CheeseMo3rd
2017-12-18 14:49:19.726	0054-0000-0363-9F81	christianwalter
2017-12-18 14:49:19.726	0054-0000-0363-9F81	Conducteur59220
2017-12-18 14:49:19.726	0054-0000-0363-9F81	cowboye123
2017-12-18 14:49:19.726	0054-0000-0363-9F81	CTRX2G
2017-12-18 14:49:19.726	0054-0000-0363-9F81	Derell_Ness_Main
2017-12-18 14:49:19.726	0054-0000-0363-9F81	Drew3475
2017-12-18 14:49:19.726	0054-0000-0363-9F81	E_Interativa
2017-12-18 14:49:19.726	0054-0000-0363-9F81	fabulous2014
2017-12-18 14:49:19.726	0054-0000-0363-9F81	Felixtendo
2017-12-18 14:49:19.726	0054-0000-0363-9F81	funkyaiming.24.7
2017-12-18 14:49:19.726	0054-0000-0363-9F81	Happytime36
2017-12-18 14:49:19.726	0054-0000-0363-9F81	Hutchoose
2017-12-18 14:49:19.726	0054-0000-0363-9F81	iLudovichiVanno
2017-12-18 14:49:19.726	0054-0000-0363-9F81	IronMaiden2077
2017-12-18 14:49:19.726	0054-0000-0363-9F81	j0binett
2017-12-18 14:49:19.726	0054-0000-0363-9F81	JohnnyScott
2017-12-18 14:49:19.726	0054-0000-0363-9F81	jort1986
2017-12-18 14:49:19.726	0054-0000-0363-9F81	justgettinit
2017-12-18 14:49:19.726	0054-0000-0363-9F81	kiuo69
2017-12-18 14:49:19.726	0054-0000-0363-9F81	klm519
2017-12-18 14:49:19.726	0054-0000-0363-9F81	LiLTyler08
2017-12-18 14:49:19.726	0054-0000-0363-9F81	lorenamamaisnaba
2017-12-18 14:49:19.726	0054-0000-0363-9F81	LukeG890074
2017-12-18 14:49:19.726	0054-0000-0363-9F81	maitrejhon
2017-12-18 14:49:19.726	0054-0000-0363-9F81	mario-tomoya
2017-12-18 14:49:19.726	0054-0000-0363-9F81	masakattin
2017-12-18 14:49:19.726	0054-0000-0363-9F81	matlfitz
2017-12-18 14:49:19.726	0054-0000-0363-9F81	mattjas2000
2017-12-18 14:49:19.726	0054-0000-0363-9F81	NicoPrevoNin10do
2017-12-18 14:49:19.726	0054-0000-0363-9F81	oorileyoo14
2017-12-18 14:49:19.726	0054-0000-0363-9F81	PartisanTerran
2017-12-18 14:49:19.726	0054-0000-0363-9F81	Paul_Marin
2017-12-18 14:49:19.726	0054-0000-0363-9F81	pedritopin2015
2017-12-18 14:49:19.726	0054-0000-0363-9F81	pedritopin2017
2017-12-18 14:49:19.726	0054-0000-0363-9F81	Pikachamp1
2018-01-02 10:12:54.105	0054-0000-0363-9F81	Platon
2017-12-18 14:49:19.726	0054-0000-0363-9F81	Plusbellelavie5
2017-12-18 14:49:19.726	0054-0000-0363-9F81	quentintheret
2017-12-18 14:49:19.726	0054-0000-0363-9F81	RachelJian
2017-12-18 14:49:19.726	0054-0000-0363-9F81	Ramnoxia
2017-12-18 14:49:19.726	0054-0000-0363-9F81	Rocky2418
2017-12-18 14:49:19.726	0054-0000-0363-9F81	Sendar21
2017-12-18 14:49:19.726	0054-0000-0363-9F81	snsd10
2018-01-02 07:09:29.291	0054-0000-0363-9F81	SuperMulk
2017-12-18 14:49:19.726	0054-0000-0363-9F81	Timismael2004
