F68A-0000-0337-AF4F	The_Brucican	2017-12-18 15:35:29.015	15482
9669-0000-0330-554C	inoino2226	2018-03-02 10:09:32.392	9265
0D1D-0000-0355-DA7A	hbeeboy	2017-12-18 15:47:40.665	6692
18E3-0000-032A-27AB	Khazey	2018-02-23 15:02:20.557	40383
2C55-0000-0300-854A	okayan3378	2018-02-23 15:05:16.414	1533
9CB1-0000-0353-55BE	Lollipop_Dude	2018-02-23 14:54:58.482	105901
F0E4-0000-0349-F6FA	Karatiff-6	2018-02-23 14:41:45.41	12880
FD33-0000-0346-CC5A	hunteraxan	2018-02-23 14:55:16.325	2259
0D90-0000-0333-9427	Mariomasters420	2017-12-18 15:49:47.057	25679
56A7-0000-0306-A62A	beasleyfam	2017-12-18 15:56:53.096	4946
070F-0000-030C-C604	daiko2344	2018-03-02 10:22:00.525	24634
169F-0000-034C-E0E4	Madnetz	2018-02-23 14:51:54.047	20380
CF02-0000-030E-873B	heris2210	2018-02-23 15:04:56.78	54415
4B3C-0000-0334-0380	JollyRogerMan	2018-03-02 10:19:40.415	6221
6B50-0000-033D-4140	19780202	2018-02-23 14:47:50.094	24393
2E1A-0000-0355-06D7	kotaro518	2018-03-02 10:20:46.284	63331
066F-0000-0306-8C9A	Alexdeeer	2018-03-02 10:18:25.544	26073
4A21-0000-0324-C2AF	raiki914	2018-03-02 10:14:04.298	19026
25EF-0000-035B-6523	kitkatdiamond	2018-03-02 10:29:15.345	14583
D662-0000-032F-4956	Maximuslebest	2018-02-23 14:54:09.465	37085
53E5-0000-0339-29C3	yuking321	2017-12-18 15:45:55.344	34744
FA4F-0000-02FF-9350	SOLDOUT2000	2017-12-18 15:50:50.369	116418
AC16-0000-0355-6A84	jce272	2018-02-23 15:20:27.914	21851
9C32-0000-0358-276E	ranandpero	2018-02-23 14:52:48.083	91397
E41C-0000-0304-FF52	LordVaner	2017-12-18 15:56:29.761	83434
D7E6-0000-036A-0EB9	Jellybaby9000	2018-03-02 09:59:43.721	97600
1718-0000-033F-380F	seikatsu_shi	2017-12-18 16:24:31.7	45262
470C-0000-034E-F79A	Spirit_DR	2018-03-02 09:59:26.744	6356
E2CF-0000-032A-FBB3	bajabah	2018-03-02 10:05:42.538	10470
894B-0000-0339-9BA9	titoyjocier	2018-02-23 14:55:19.634	51449
DB23-0000-032D-0B0C	thesandwich_fast	2018-03-02 10:16:10.866	234149
69A3-0000-0343-87C3	websterr1	2017-12-18 15:38:31.447	19413
931E-0000-035B-E054	hirama1127	2018-02-23 14:55:14.134	22364
195B-0000-034A-4DD7	xyz11xyz	2018-02-23 15:04:26.212	9845
5A45-0000-0337-220C	LUIS_OJ	2018-02-23 14:57:23.849	21167
CF30-0000-0340-28C0	wiismurf	2017-12-18 16:07:50.238	24943
4053-0000-031D-9E3F	deepizzapeperoni	2017-12-18 15:59:06.5	76617
446B-0000-0335-FC69	507039	2018-03-02 11:06:38.218	24497
C9D4-0000-035A-0F31	evanmallen	2018-03-02 10:26:36.443	44345
E214-0000-0324-C285	777Blue	2018-03-02 10:02:19.18	121983
9F43-0000-034E-7163	Khazey	2017-11-16 15:48:47.709	39285
0677-0000-032E-AD88	Surtain	2018-03-02 10:18:37.527	96863
CC01-0000-0344-A184	zenbuhantai	2018-02-23 14:50:34.207	15990
F14F-0000-0305-2F0D	yayannouche	2018-02-23 14:44:03.077	22860
A46E-0000-0330-A083	okiatokiatokiat	2017-12-18 16:24:41.606	23912
EBE6-0000-0302-7D70	grandbb	2018-03-02 10:04:47.317	28702
AA64-0000-032E-B555	Xerics	2018-02-23 15:12:39.072	19491
95B2-0000-0343-4B5F	brynjar564	2018-02-23 15:07:48.204	16483
2A9A-0000-034F-6B61	Lel_Nela	2018-02-23 14:57:09.482	24134
9112-0000-0302-AA26	ricarleitecanada	2017-11-16 15:43:21.524	94367
FE0E-0000-0313-F6F0	DaddyK95	2018-02-23 14:58:59.898	55291
745B-0000-030A-3C73	krawallAffe	2018-02-23 14:43:27.174	28509
F653-0000-035D-91BF	riverab72	2017-12-18 15:34:42.649	86047
E9AF-0000-0325-ED2A	ryuryu405	2018-03-02 09:53:15.491	16387
D65F-0000-0318-FC9F	Kolbe31	2018-03-02 09:51:25.481	24850
1E75-0000-0301-8456	DOomCrushr070	2017-12-18 15:17:59.714	39539
3375-0000-035A-E401	clecle8	2018-02-23 14:53:36.576	24873
4D5A-0000-031C-20D3	tapiti	2018-02-23 14:41:16.112	49555
C787-0000-0325-449F	halloleute-2003	2018-03-02 10:14:49.024	35071
EDDA-0000-0325-5278	AE4WiiU	2018-02-23 15:12:43.548	12300
D6B3-0000-0347-C68E	souhinakizu	2017-12-18 14:59:21.668	40151
17D6-0000-034D-116A	Khazey	2018-02-23 14:57:27.591	19499
2F9A-0000-0346-D854	kimgames01	2017-11-16 14:59:53.612	13259
31C5-0000-0338-39F5	BRIAN_LUE	2017-12-18 14:57:47.282	20829
98AD-0000-0338-180C	lambero	2018-02-23 15:20:53.849	21397
B0A3-0000-0357-EBCD	sriklose	2017-12-18 15:39:43.246	26133
FBBF-0000-0311-9472	kuroishi0705	2017-12-18 15:56:08.342	8034
B956-0000-0358-8A4C	Mianon	2018-03-02 09:51:38.118	12027
D10A-0000-0318-5E09	subwaysam2	2018-03-02 10:13:48.505	17943
E0FD-0000-0304-E5A5	Thekyledavid	2018-03-02 09:56:35.476	45914
A850-0000-035E-51A5	grafzockl	2018-03-02 10:03:43.955	65304
BF20-0000-034C-7434	Syix_Stevens	2018-03-02 10:20:08.632	10939
FC35-0000-0317-C799	777suikun777sui	2018-02-23 14:50:24.125	24093
8A5E-0000-0323-E2CF	football_w3	2018-03-02 09:59:37.759	30915
5359-0000-035B-C58B	karugkog	2018-03-02 10:12:04.849	109271
D686-0000-0301-E028	DylanShaffer	2018-02-23 14:54:53.768	161980
EEA8-0000-032D-8EDC	BallParkChasers	2018-02-23 15:16:22.064	27200
B76E-0000-031D-8241	ottey0307	2017-12-18 16:06:47.015	28983
08AF-0000-0315-8F03	AE4WiiU	2018-02-23 15:16:21.854	21443
C3EB-0000-035C-50B0	AndrewMarenkovic	2017-12-18 15:21:00.672	51512
776E-0000-0338-2016	Pedro_explorer	2017-11-16 15:34:02.035	208800
C0D7-0000-0301-E532	kykamt	2018-03-02 10:28:43.652	24291
C5F5-0000-035E-C41E	Tobitoaster2002	2018-03-02 10:06:25.267	74021
C770-0000-0338-0B95	Adrian24be	2018-02-23 15:13:27.69	21866
EB4B-0000-0358-E5AA	apoc_ze	2018-03-02 10:01:47.39	95030
9BE2-0000-030C-8F13	nekokanu	2017-12-18 15:51:25.599	11035
0A39-0000-030D-E5C8	yuu1225ichi	2018-02-23 15:22:36.901	9752
47B6-0000-0313-8FE6	PVCaptain	2018-03-02 10:02:07.576	30915
6138-0000-0322-F6E1	AE4WiiU	2018-02-23 14:44:43.457	6439
27FC-0000-0339-1BA9	hayday333	2017-12-18 15:55:59.984	60266
BEBA-0000-034B-C366	Aziz07	2018-03-02 10:18:16.786	26061
57C9-0000-0369-DC9B	Jared_SWAGgoner	2018-03-02 10:34:03.646	227481
BEE6-0000-034F-175E	r-j-t-h-a	2018-03-02 10:19:02.736	5509
561F-0000-032A-8C2D	AE4WiiU	2018-02-23 15:21:57.832	7466
778D-0000-0310-EEF8	tokino714	2018-03-02 10:00:05.9	5373
113C-0000-0324-7978	jarntzjr79	2018-03-02 10:24:42.249	18918
A0F1-0000-0358-9433	itzan878	2018-02-23 15:14:50.722	9986
042D-0000-0341-42F6	HARUTO-ONIKUCYAN	2018-03-02 10:07:18.293	39859
0A9D-0000-0359-3ED7	Loulou16260	2017-12-18 15:37:19.04	22234
662F-0000-0342-C4E8	pvzgwxbox360	2018-03-02 10:08:54.066	79166
9B09-0000-0358-43C1	Tony_Doc	2018-03-02 10:33:31.463	106815
75FD-0000-031C-6175	hira-1979	2017-12-18 14:48:32.183	2133
97CE-0000-032E-187A	shidai880106	2017-12-18 15:35:15.923	120589
4BE8-0000-0309-C155	MineBreaker150	2017-12-18 15:11:27.697	13974
70C1-0000-0307-6454	sylpied	2018-02-23 15:12:26.382	20850
4DAC-0000-0351-CFBE	685213de	2018-02-23 14:42:50.762	118973
32CE-0000-02FF-8BB9	Obelix-Wario	2017-12-18 15:03:09.683	15134
67A2-0000-0300-F4EC	stsh2242	2018-03-02 10:42:26.545	86765
9A99-0000-033F-0BE2	gamer165	2017-12-18 15:46:44.848	12297
CABB-0000-0327-3699	syunntarou123	2018-03-07 07:42:32.084	8107
9905-0000-0368-2C63	MrOMFGBoss	2018-02-23 15:22:44.441	25449
FFBA-0000-0360-6789	jeremy0908	2018-02-23 15:06:03.218	15835
0196-0000-0350-EC13	eddy9999	2018-03-02 09:54:48.952	183660
76AE-0000-0352-ABED	Jotaguioncol	2017-12-18 14:54:57.116	329926
DA5D-0000-0350-7C6D	tikkle69	2017-12-18 15:16:06.867	22944
3B9E-0000-0302-AADA	mtl2302	2018-02-23 14:46:33.811	47683
9CC9-0000-0320-076A	ritter2006	2018-02-23 14:55:23.775	7285
7199-0000-034D-5022	McNutty24	2018-03-02 10:18:59.166	13627
8C7C-0000-035D-E22A	pricyen	2018-02-23 15:09:30.661	12413
9DA8-0000-0357-3440	tarttine	2018-02-23 14:59:09.99	22869
33A2-0000-0333-650E	Goku223	2018-02-23 14:54:28.052	11737
97C9-0000-0352-093A	fenninger	2018-03-02 10:16:37.285	32335
590E-0000-0343-2D3B	16100630	2018-03-02 09:51:06.502	7145
2C2E-0000-0364-7781	wadsy320	2018-03-02 10:11:24.818	371993
8C47-0000-0343-C017	wichajonha	2018-03-02 10:08:25.501	34735
9390-0000-0341-4591	zzxxccvvbbnn1234	2018-02-23 14:57:10.35	27734
7BC4-0000-032E-0F91	sora20071017	2018-02-23 15:18:07.569	70623
6FEC-0000-0335-2420	greenbaypackers	2017-12-18 16:05:28.151	55100
18A7-0000-030D-D3F9	deadlyfox	2018-02-23 15:01:16.685	30612
4818-0000-0306-C2E3	SirClare2000	2017-12-18 14:49:27.502	23305
0160-0000-0347-432B	JAMES_BURNS_FTW	2018-03-02 09:53:35.479	1319
270C-0000-032B-9639	Aileen84	2018-02-23 14:38:55.033	123465
37FD-0000-030B-5354	tomotaka-n	2018-03-02 10:21:50.237	40209
22ED-0000-02FF-5CC0	eddi01	2018-03-02 10:15:12.958	17713
4200-0000-0344-6E97	revolv23	2018-03-02 10:23:09.949	7352
7B0C-0000-0304-0B96	batabatan	2018-02-23 15:14:54.401	21699
F0A8-0000-0320-7CCD	drdrips	2018-03-02 10:29:02.636	72274
0E35-0000-0306-875A	doragon-twins	2017-12-18 15:52:10.788	6713
C9AD-0000-02FF-5B74	Tylano64	2018-02-23 14:39:45.09	14183
5D92-0000-031B-BD48	Spot2009	2018-02-23 15:12:05.596	82945
C13E-0000-0343-BFFA	crazypieparty88	2017-12-18 15:08:45.703	21764
13D9-0000-0311-AE1E	luigi_armando	2018-03-02 09:48:41.669	10085
4B37-0000-033E-9D33	Uncle_Jaime	2018-03-02 10:19:33.8	36450
0F42-0000-0314-876F	KazeLink	2018-02-23 15:03:35.242	85750
01E2-0000-0358-0345	toxicoinmortal	2018-01-02 07:15:10.398	82200
172C-0000-032B-F8DC	egma62	2018-03-02 10:05:49.121	63565
31A1-0000-0307-5134	takahaRT	2018-03-02 09:49:07.069	16788
CB5C-0000-0303-5987	shuto0102	2018-03-02 10:34:41.348	7494
1DF5-0000-0330-85A2	TylerMorris2510	2018-02-23 14:41:20.603	7156
295A-0000-030E-C825	NoahGar	2018-03-02 09:58:00.051	28335
33E0-0000-033C-A10C	Elmo2110	2017-12-18 15:07:58.658	24906
6893-0000-034D-4498	YesNoGo	2018-02-23 15:19:29.684	29915
DED3-0000-031E-DC02	HAYATO-MAX0120	2017-12-18 15:34:58.486	46134
788F-0000-033C-9C7D	revolv23	2018-03-02 10:05:18.365	1331
AC33-0000-0351-4F54	LMFMKJ	2018-03-02 10:23:26.17	35781
D875-0000-035E-B3CA	fujimoch_u	2018-02-23 15:03:12.171	7421
1450-0000-0346-303C	chicharron1	2017-12-18 16:15:14.545	18974
B586-0000-034C-19B9	midknightwing	2018-02-23 15:18:32.767	60830
B9ED-0000-0305-563F	Clamjammer89	2018-03-02 09:55:03.359	51450
53A6-0000-0327-A9B2	miamshea	2018-02-23 15:10:04.58	17302
ABBC-0000-0355-60C4	clempep21	2018-02-23 15:18:39.629	26682
363E-0000-0350-F163	airbornejamie	2017-12-18 15:17:48.925	30750
79B9-0000-033E-3B78	dream0727	2018-02-23 15:07:57.774	45687
9706-0000-0322-51DE	AE4WiiU	2017-12-18 15:31:37.759	15350
9FB1-0000-033D-F161	ElementVelocity	2017-12-18 16:06:42.492	19148
C180-0000-0314-F7D6	yomogi5c	2018-03-02 10:32:05.307	104104
C522-0000-0323-6D05	Mollentjes	2018-03-02 10:02:23.684	13617
182A-0000-0323-D5C0	Byrddtrader	2017-12-18 14:48:19.974	62395
2D05-0000-033E-1B7D	masa7fc	2017-12-18 16:15:49.466	16041
49BF-0000-0341-64A9	Famiree_050	2017-12-18 15:01:00.041	40574
C81F-0000-0328-F9C5	JustinDianaRalf	2018-03-02 10:17:41.132	21166
EEB3-0000-0345-C2AB	peopleofthefarm	2017-12-18 15:02:58.642	26981
3314-0000-0306-7DCC	Anonnomous_SOAP	2018-03-02 09:56:50.907	7500
73CF-0000-0357-B884	Cheesin-yo	2018-03-02 10:30:31.685	7373
8B29-0000-0340-E619	supergiany	2018-02-23 15:03:27.559	3514
7F54-0000-0302-8048	alexfigueroa22	2018-03-02 09:52:39.205	31012
4B3F-0000-0358-7C8D	adrian_varzic	2018-03-02 10:19:45.114	18467
1A04-0000-031B-1D10	alan-gerardo7	2018-02-23 15:07:29.492	44995
A57E-0000-0356-BCC7	Firzen592798	2017-11-16 15:51:16.797	180936
535A-0000-0328-A780	t.kuma0722	2018-03-02 10:12:08.725	24110
F9AE-0000-0305-598F	Fabikraft	2018-03-02 10:27:27.468	18964
FAC6-0000-0313-E9E1	okayan3378	2018-02-23 14:43:04.576	4495
648A-0000-0387-56F5	Tylano64	2018-02-23 14:59:40.45	9882
67E2-0000-0341-916D	Theaulepotto	2018-02-23 15:16:11.807	33535
246A-0000-0331-CA2C	Qjin0808	2017-12-18 15:41:10.148	54026
0996-0000-034F-6381	NoiSuebpen	2018-03-02 10:35:46.686	16568
2196-0000-0315-CD71	DanStars	2018-03-02 10:09:09.407	15427
08DF-0000-035C-16F8	Amoros2006	2018-03-02 10:31:54.118	39328
C0BB-0000-031E-9D8A	ozieaustin	2017-12-18 15:06:59.296	11362
4A69-0000-034B-B535	y.tororu	2017-12-18 15:04:25.015	51866
C628-0000-0343-5176	Double0zerOthaDJ	2018-02-23 15:06:58.501	37416
6C0C-0000-0333-0A28	nicholas_s-2015	2017-11-16 15:21:05.32	5981
B9DB-0000-0307-AAF6	Limoeiro	2017-11-16 15:58:40.861	107750
1B0F-0000-0352-69C9	Stevenzocker	2018-03-02 10:25:28.061	48154
2F56-0000-0315-4A2C	theicecold	2018-02-23 15:19:03.714	1868
4177-0000-0305-73F7	camille_masson31	2018-02-23 15:14:30.097	40920
9F2C-0000-0303-91C1	SparkWulfe	2018-02-23 15:06:22.823	49933
CD6C-0000-035C-C748	Jamesbod15	2017-12-18 16:01:10.265	47300
30A7-0000-0356-EB14	AkatsukiYoshi1	2018-02-23 14:39:49.845	72136
E542-0000-030B-CF38	jjweatherly	2017-12-18 16:00:39.554	8233
E46B-0000-0309-5608	JensKauls	2018-03-02 10:14:24.986	20168
EB82-0000-0329-0261	Lilybone07	2017-12-18 16:25:55.745	7809
BB67-0000-034F-27FC	kingka11	2018-02-23 15:01:35.189	57237
2C4E-0000-032D-0B0B	haywood666	2018-03-02 10:12:02.745	41344
F4B5-0000-0322-6DFB	miamiheatrocks1	2017-12-18 15:27:40.414	63747
CD27-0000-0301-D60D	BELFIR	2017-12-18 16:00:16.751	28550
332A-0000-0300-FE33	mmmkosei	2018-03-02 09:57:20.096	9595
DF9C-0000-0301-B9FB	dellbox2	2018-02-23 14:52:12.988	11297
F587-0000-032B-1987	Searsgroup	2018-01-16 23:41:25.36	17758
F196-0000-0325-4CA7	MAKO-DAGU	2018-02-23 14:45:14.276	22334
07F4-0000-0338-D39D	mmss05252012	2018-02-23 15:12:52.791	112755
C045-0000-0301-66E1	egma62	2018-03-02 10:25:22.428	23055
D8AD-0000-0377-1314	SuperKaydan	2018-02-23 15:04:15.273	236911
228D-0000-0307-A614	airu710	2018-02-23 15:02:58.046	65570
3779-0000-0330-9324	Airphonics421	2018-02-23 15:12:08.406	9097
7D4C-0000-031B-19B9	Enimmachin202	2018-02-23 14:42:06.952	5100
D356-0000-0348-68BC	kostabrisson	2018-03-02 10:24:59.955	36000
7E3B-0000-0323-828B	sarauer	2018-03-02 09:46:51.689	11643
AF59-0000-035E-499F	connorkyle	2017-12-18 15:34:49.574	22534
5AAF-0000-0302-971B	johnnybravo611	2018-02-23 14:59:02.567	28390
E4CD-0000-0349-D54A	erWity	2018-02-23 15:15:28.108	13678
AADD-0000-0335-2F82	baldwin83	2018-03-02 10:15:44.754	2410
A430-0000-0304-3E23	BabsTheDoggy	2017-12-18 16:23:21.996	65172
44C7-0000-0303-57B1	pokebenj	2018-02-23 14:45:05.544	9139
791D-0000-0312-81AC	daidai1973	2017-12-18 15:04:50.541	76727
0C8A-0000-0316-FDD2	lien_k.r.r.a	2018-02-23 14:50:19.43	21033
0EA8-0000-032C-8C8A	Shura_Lex	2018-02-23 15:00:58.072	19019
3FE6-0000-0320-8DFA	torikawa55	2017-12-18 15:57:21.961	15717
4836-0000-0363-CD09	Atombadkey	2017-11-16 15:07:51.266	93816
E619-0000-0303-825A	KazeLink	2018-03-02 10:23:20.806	16872
F801-0000-030B-57B3	rmb823823	2018-03-02 10:18:13.818	42594
D244-0000-0350-F527	kaji-yzr	2017-12-18 16:19:14.797	36887
4DEF-0000-0329-0858	el_marto	2018-03-02 10:33:52.395	64282
A6DE-0000-0348-9A14	harunao916720	2017-12-18 14:57:32.512	205060
D33C-0000-0311-B631	mariotaku22	2017-12-18 16:22:49.12	140217
1505-0000-0343-5016	monkeymad	2018-03-02 09:54:35.858	55206
7038-0000-0358-E730	SanjiKun222	2017-12-18 16:06:50.769	24835
C06C-0000-0325-A006	McRob89	2017-12-18 15:05:48.297	10680
C9A2-0000-0346-98B1	JiReez	2017-12-18 15:45:22.376	9164
F925-0000-0330-FBB9	fidelalo	2018-03-02 10:24:18.814	17009
4E0E-0000-0301-0302	monkeymad	2018-02-23 14:44:32.492	37930
68C7-0000-030D-EA25	Chicard	2017-12-18 15:34:32.302	73915
9952-0000-0309-B84F	Menacing_Rabbit	2017-12-18 15:40:50.672	48313
75D6-0000-031A-31DC	MarcelundAnna	2018-03-02 09:50:22.326	50770
8B85-0000-034C-1B97	nicky526	2018-02-23 15:05:03.202	31200
E5EA-0000-0308-2659	andreascheepstra	2017-12-18 16:03:36.959	44809
7B9F-0000-0313-44D3	507039	2017-12-18 15:15:39.981	23947
E18D-0000-0309-5EDB	adalberto484	2017-12-18 15:46:55.232	9989
37B6-0000-0366-D914	boludoo	2017-12-18 15:24:17.326	39981
B6B3-0000-035A-7713	Katrina020592	2018-03-02 10:27:28.191	41832
F576-0000-0342-D1CE	J.IP1470	2018-03-02 10:05:36.139	895646
4A68-0000-032C-1ACC	YMRLOVE0168	2018-02-23 15:11:45.799	10727
DC0E-0000-033D-4EDB	mishunta	2017-12-18 15:23:38.627	24202
1E4F-0000-036C-03BD	okayan3378	2018-02-23 14:43:26.557	26033
48BB-0000-0320-F1E5	edmanjunior	2017-12-18 14:55:38.46	202315
E448-0000-0310-F6B6	konnitiwa00	2018-02-23 15:13:17.404	25095
6D74-0000-0306-CCA7	Netro929	2017-12-18 15:55:19.429	237162
F7AE-0000-0312-406C	rowbo83	2018-02-23 15:13:41.542	7379
72DB-0000-035D-C8A0	ajet112	2018-02-23 15:22:06.268	9602
BBB3-0000-035A-1739	kl3kg6zr	2018-02-23 15:03:05.958	9021
769E-0000-0359-96AE	mrrondoe06	2017-12-18 14:54:35.469	15168
0F05-0000-0342-D3FF	ue8619	2017-12-18 15:54:55.669	39109
5475-0000-0351-BFF9	diegoooooooo2555	2017-12-18 15:48:24.164	34574
7B31-0000-0341-D608	dellbox2	2018-03-02 10:20:12.259	6874
09B9-0000-0330-7B97	egma62	2017-12-18 15:33:13.508	39472
70A0-0000-031B-1229	JXMASTER257	2018-02-23 15:11:48.244	71766
A9D6-0000-034E-1BE1	DIERDI	2018-02-23 15:09:49	190896
EEED-0000-0300-B984	jaide042305	2017-12-18 15:03:45.369	21759
D4C4-0000-0342-0883	pinowiu	2017-12-19 15:57:10.058	23510
5EF3-0000-032F-C4F9	FenoFeno	2018-02-23 15:18:24.393	21980
5F1D-0000-035B-DFF0	ayaya18888	2017-12-19 16:18:40.666	19772
3735-0000-0310-F766	AE4WiiU	2018-02-23 15:10:56.588	23133
8B94-0000-031B-005B	56GD35	2018-02-23 15:05:23.556	35419
D54F-0000-0321-3DC1	MrMyby	2018-03-02 10:35:15.261	27731
FDDB-0000-035F-37E3	507039	2018-02-23 14:58:23.942	21421
49E8-0000-0301-580D	Cocomb	2017-12-18 15:01:39.031	23339
2750-0000-030D-C664	lucymight	2018-03-02 09:47:22.559	9077
623C-0000-034F-D62F	kaito-mio-mizuki	2018-02-23 14:49:54.325	30466
ED76-0000-030E-D28D	kragor1986	2017-12-18 14:57:22.282	171516
FD5E-0000-0361-DB18	newtinator	2017-12-18 16:02:42.97	22853
10AA-0000-0336-732D	Miguel-AngelMigy	2018-03-02 10:21:48.472	9818
3A25-0000-032D-0C2C	mysteryrobin	2018-02-23 14:40:00.154	36150
5F82-0000-0355-A933	Miako.p	2018-02-23 15:20:58.786	21350
2A78-0000-0331-41FF	AE4WiiU	2017-12-18 16:05:38.785	22078
8173-0000-0306-B576	Trevbo84	2018-03-02 10:03:25.533	62848
68F0-0000-0312-5BD8	RT25_tattsuo	2017-12-18 15:35:35.289	24861
D18D-0000-035B-A41E	MR.RAZZ	2017-12-18 16:16:28.165	28537
8FE5-0000-0320-15A4	jajapipi123	2017-12-18 14:59:49.017	10287
A65B-0000-0323-41B7	777Blue	2018-03-02 09:52:33.204	172041
D102-0000-033C-A975	Famdlrsc	2017-12-18 16:14:25.311	377933
D948-0000-032E-25C8	FChocino	2018-02-20 16:59:41.502	48450
F704-0000-0336-E379	LzFuzion	2017-12-18 15:37:34.111	10497
9024-0000-0348-D215	Xerrot	2017-12-18 15:01:05.371	323013
87DC-0000-0304-84A0	3954555759758475	2017-12-18 16:05:17.199	57029
C692-0000-034E-A81D	Iwase1014	2018-03-02 10:09:56.484	41557
DB2A-0000-034F-AD32	EuKeis	2017-12-18 15:19:41.004	32158
0D3C-0000-0328-E3C0	tadao.kozakai	2017-12-18 15:48:13.557	33554
EAE6-0000-032F-FB72	Kosuke0323	2018-03-02 09:59:31.712	49105
F12D-0000-030B-56B5	718takeshi	2017-12-18 15:13:24.399	10896
B675-0000-0332-ECD4	takekazu0213	2018-03-02 10:26:16.865	99310
DF54-0000-0357-D22F	Yukiharuhiro	2018-02-23 14:50:34.686	119968
AAC0-0000-0313-89FC	Hara829	2018-03-02 10:15:15.372	33516
DD84-0000-0355-C71E	kcordier	2018-03-02 10:27:40.53	8627
5B38-0000-0327-AAF0	eduardoscalise	2018-03-02 10:02:44.248	32665
04CF-0000-031E-D914	iChris00	2018-03-02 10:10:09.366	87605
05CB-0000-0357-F154	HaloCrazy32	2017-12-18 15:16:52.17	46333
7201-0000-0320-07C5	camelia15edouard	2018-03-02 10:21:03.079	6776
D91D-0000-036C-47C9	apoc_ze	2018-02-23 15:06:11.051	22782
EC32-0000-0359-F976	Insaneness	2017-12-19 15:53:13.293	12683
111B-0000-034E-A35F	9.FREDDY	2018-03-02 10:23:39.477	19208
1F5A-0000-0334-FDE9	DDrxman	2018-02-23 14:48:20.386	12711
3195-0000-035E-21F6	Jarmo93	2018-03-02 09:48:50.093	9656
8DA4-0000-0348-2E82	revolv23	2017-12-18 14:48:12.379	5693
24CE-0000-0351-165C	Galaktor	2018-03-02 10:24:10.638	6831
5866-0000-0333-90B1	gabsacha	2018-02-23 14:48:03.999	14150
21A3-0000-0365-88A8	clem135145	2017-11-16 14:54:28.471	50274
556D-0000-035B-357B	kalas1709	2017-12-18 15:51:46.836	42324
71D5-0000-032B-0342	mfj0823	2018-03-02 10:20:12.147	106588
70F4-0000-0328-D029	SSqaud	2018-02-23 15:13:03.031	19355
7C56-0000-031B-9BBF	kouji27	2018-02-23 15:21:17.196	20654
6564-0000-0338-4A2F	kirby10000000000	2017-12-18 15:20:02.361	93730
DCBC-0000-0341-FBF8	MASONHENDERSON	2018-02-23 15:22:58.437	10105
1A45-0000-0306-9CF4	jetto0801	2018-02-23 15:08:50.333	71973
8C7F-0000-0346-84E3	yohanaussenac	2017-12-18 16:24:24.406	21879
D1EC-0000-0335-A053	AndresEJ	2018-02-23 15:18:56.212	26394
B365-0000-0317-30FE	pinarde87	2018-03-02 10:10:46.845	5868
8AC4-0000-0315-B84D	shadow2.8.1	2017-12-18 16:17:33.131	17050
B447-0000-0353-B2BD	gdlhome	2018-03-02 10:14:56.205	9975
3167-0000-030F-4384	koshin21	2017-12-18 14:55:45.063	221963
5E99-0000-0354-6DBC	domatheis	2017-12-18 16:27:30.146	14764
ACE2-0000-034F-BD66	sikafant3	2017-12-18 15:24:35.436	8170
4DA0-0000-0340-DFB4	PvmBen	2018-03-02 10:32:01.899	38344
F328-0000-034F-82E6	zabacl	2018-01-31 15:11:32.967	85355
3823-0000-0333-79CF	0.Drakel.0	2018-03-02 10:22:43.195	30543
2529-0000-0357-36CD	timourjb	2018-02-23 15:14:54.802	8719
5268-0000-0309-B6B1	Leafybagel	2018-03-02 10:06:44.382	7731
ECC7-0000-0312-6B04	FuturesPassed	2017-12-18 14:50:39.829	6635
1F47-0000-030D-3C44	keepthebeat929	2017-12-18 15:22:08.27	73855
B06D-0000-0313-1BEE	MatteoMax32	2018-02-23 14:55:52.965	12145
D764-0000-0339-FCE9	Mountaindew6900	2017-11-16 16:09:13.737	107666
6E4D-0000-0326-3C04	superwiiubros	2018-02-23 15:01:55.625	7080
5EC2-0000-033D-EF48	googley_83	2018-02-23 15:17:39.691	43793
E2F6-0000-0354-FAAE	lolmanxd1	2018-03-02 10:06:39.926	15593
DBD8-0000-0338-E451	01Jonah	2017-12-18 15:22:52.004	33923
E379-0000-0343-3DB7	mamednagi	2018-03-01 09:48:50.121	9233
2B32-0000-0330-2C1C	joloswag64	2017-12-19 16:03:37.876	153750
9158-0000-034E-F536	shinbu-10	2018-03-02 11:21:47.386	22505
1D7D-0000-032A-0EC1	xXgamewarri0rXx	2018-02-23 14:38:58.22	8338
6E15-0000-0321-AE58	Merl005	2018-03-02 09:59:14.069	34555
76D4-0000-0351-47A8	Nebaxtis	2018-02-23 14:54:57.771	8551
77D1-0000-0356-D1A6	methokev	2018-03-02 10:01:50.68	9219
88B9-0000-0306-8CF1	gavin97477	2018-03-02 09:51:39.591	22925
6CAD-0000-0346-D4DE	reimuu6	2018-03-02 09:52:16.146	50884
BE5D-0000-0378-5FE5	MasterJames95	2018-01-04 01:16:07.978	120633
031B-0000-033E-9119	philouppe	2018-03-02 10:01:41.329	9490
948F-0000-0302-9D73	carlitos1117	2018-03-02 10:01:07.301	80709
589C-0000-0327-7286	hruna-2015	2017-12-18 16:04:24.923	6726
6D79-0000-0324-8202	yoannedet	2018-02-23 14:58:24.715	70275
AC0B-0000-032C-0E5C	alexbkid	2018-03-02 10:22:49.277	55145
0C3F-0000-0362-E514	fuminann3	2018-03-02 10:00:28.828	49960
A7A3-0000-0365-A3F0	garryh69	2018-03-02 10:00:01.432	28677
7BA0-0000-0350-88BF	Thabeast721	2017-12-18 15:15:45.556	85823
A340-0000-0358-7C3C	TACHI0211	2018-02-23 14:40:09.423	19012
61AF-0000-0358-7327	appleyard53	2018-02-23 14:47:06.752	32483
70CA-0000-0313-22E7	andreapata	2018-03-02 10:14:52.046	15428
A654-0000-0352-7EBD	alvaresk14	2018-02-23 14:54:02.6	31387
CA16-0000-0320-4F5E	capstacheu	2018-03-02 10:28:12.356	21919
45EC-0000-0305-082D	kostja28	2018-03-02 09:53:07.474	17985
F3F9-0000-0352-EA8F	pizzariala	2018-02-23 14:57:23.666	104603
5A5A-0000-0317-1B74	lothor571	2018-03-02 09:58:05.82	90357
1EAD-0000-0305-7745	Exit39	2017-12-18 15:19:11.471	56663
B67A-0000-035B-4D70	marchi16	2018-02-23 16:04:53.118	16799
9735-0000-0357-7054	mbdad5	2017-12-18 15:32:17.974	59939
F4D8-0000-034E-2385	smile8181	2018-02-23 15:01:19.102	10240
5A56-0000-0329-4AA4	Castrator86	2017-12-18 16:10:42.871	9075
EF88-0000-0322-523E	0826lucas	2018-02-23 15:20:14.268	19720
1B72-0000-034C-7DA2	dtf1975	2018-02-23 15:14:18.277	8850
7AB7-0000-033B-1E88	lesromeobruce	2018-02-23 15:13:18.865	37467
EECD-0000-035A-FFE6	Simagoshi	2017-12-18 15:03:20.694	1227
0EFA-0000-0339-BA54	Marcelo_0777	2017-12-18 15:54:49.617	7605
A63C-0000-0347-A502	TommieL2007	2018-03-02 09:51:50.743	27445
1B04-0000-0334-AB96	kotiemon	2017-12-18 15:03:59.102	30664
E704-0000-035A-5E07	SnugglyBear	2018-03-02 10:28:01.226	7700
2F99-0000-031B-288F	Myrrh429	2017-12-18 16:25:25.542	27339
B748-0000-033D-4828	Mickaelhadgu	2017-12-18 16:06:19.167	11682
06A1-0000-0343-F9F6	dadycubano	2018-02-23 15:07:26.164	33402
6F7B-0000-0330-04B7	s112134	2017-12-18 16:03:51.502	62213
D753-0000-034F-F589	marioandluigu	2018-02-23 14:58:35.702	9372
F24A-0000-0354-7726	sandg90	2018-02-23 14:49:10.849	28510
7D8F-0000-0325-2D4E	shinmu-reimu	2018-02-23 14:43:47.685	840
A43E-0000-038C-6BC0	Gorfan	2018-03-02 10:31:43.943	17489
5A1C-0000-034D-E4EE	speederman2b	2017-12-18 16:09:48.957	8192
FF7C-0000-0315-0C70	TheDarkKnight141	2018-03-02 10:05:49.95	77407
3078-0000-0359-B4B2	akuukimar	2017-12-18 14:48:08.35	103140
A8DA-0000-0363-07EE	Baddybadman	2017-12-18 15:06:25.507	4493
8314-0000-034D-BDAF	chonchon4	2018-02-23 15:10:25.486	11764
92F0-0000-0319-8A17	yasujirow	2018-02-23 14:54:18.56	166035
A4C3-0000-0340-0163	FireObscurity	2018-03-02 10:34:12.81	18881
D315-0000-0345-A0EF	revolv23	2017-12-18 16:21:58.214	17615
A93F-0000-0358-7DC5	TitusThorn	2018-02-23 15:07:03.668	1320
CED2-0000-033D-FE59	SegaMegaMan	2018-03-02 10:01:15.898	243801
45DC-0000-0337-2968	KahyR0s	2018-03-02 09:52:46.363	19850
3047-0000-0323-7A72	jsjamesok	2018-03-02 10:31:41.91	12325
10E2-0000-0357-E718	Los0002	2017-12-18 16:01:39.43	48590
A5F4-0000-0341-F70B	PMLR9760	2018-02-20 14:49:38.439	70701
C544-0000-0333-DF88	haydensgame2006	2018-03-02 10:03:05.09	256601
471F-0000-033D-0050	dedrybomb	2018-02-23 14:57:03.755	27851
34E8-0000-0308-FF96	videojugo	2017-12-18 15:12:07.846	216134
B993-0000-032B-C93C	R3nk0Mak3r	2017-12-18 16:15:21	48100
EF68-0000-035C-DDDB	FabrMorpher	2017-12-18 15:05:47.701	37738
92C3-0000-0354-FEA3	happy6688	2018-03-02 09:53:02.522	356595
CA4E-0000-0351-EF35	ak_kz1014	2017-12-18 15:48:16.721	25470
D399-0000-030C-243E	GoGoT0510	2017-12-18 16:24:17.295	120001
2B6C-0000-0324-92AF	Persidian	2017-12-18 16:09:26.224	7397
73B5-0000-034D-5465	shinbu-10	2017-12-18 16:20:19.271	33961
74F4-0000-033D-E4BF	kingnarkissos	2017-12-18 16:25:31.807	20940
FCF2-0000-032A-FC1E	chocomashu	2018-03-02 09:53:17.442	32618
2D80-0000-035A-DCA0	Npet2301	2018-02-23 15:10:42.247	21179
6062-0000-035C-54A4	ponta402	2017-12-18 14:57:14.955	105850
1830-0000-0329-5B8B	steinmetz.0011	2018-02-23 14:59:12.064	7490
4373-0000-030E-A983	SINNSAIYAKUNOOU	2017-12-18 16:12:09.052	21065
6AE5-0000-0335-47C5	uninvited	2017-12-18 15:44:33.076	105183
F05C-0000-0316-8667	jinmaki_0831	2017-12-18 15:10:03.59	50201
5FDA-0000-0346-E0B0	No.7-HL.H	2018-02-23 15:22:19.036	6916
6469-0000-031A-593D	Spot2009	2017-12-18 15:15:50.344	5195
BF30-0000-035B-D312	Flex-D	2018-03-02 10:20:26.283	37216
9575-0000-033E-19F4	hazuken45	2017-12-18 15:24:55.148	8634
42E5-0000-0321-9BB4	tujikawa	2017-12-18 16:09:55.918	44936
742E-0000-0349-5BF5	alexanderr13	2018-02-23 14:42:48.375	28366
DB4F-0000-0357-ECBE	ark2222	2017-12-18 15:20:21.668	10011
CEB4-0000-0323-269F	3ds978	2017-12-18 16:05:56.615	37125
AA20-0000-030F-43ED	Doyle25	2017-11-16 15:53:01.867	16966
B863-0000-0351-8680	tinanago1221	2017-12-18 16:10:16.435	40209
BB59-0000-031B-29BE	ChokoWell	2017-12-18 16:23:05.014	51270
480A-0000-033D-ED4D	Tylano64	2018-02-23 15:01:24.8	24529
5EBE-0000-0343-1378	Chris.p.bacon123	2017-12-18 16:27:53.816	131916
7B61-0000-036B-82FC	NinFireMario	2018-03-10 14:07:40.46	9966
FF2C-0000-0336-345E	N-Player2.0	2018-03-02 10:04:36.763	104489
386D-0000-0341-F86B	Yukiharuhiro	2018-02-23 15:16:54.099	70685
9607-0000-0346-810B	shinbu-10	2018-03-05 09:14:21.492	16205
F4A4-0000-032C-CCB0	507039	2018-02-23 15:00:30.057	13524
7105-0000-0344-C263	revolv23	2017-12-18 16:09:59.48	6635
4AC2-0000-0346-8AAF	Cormoran_HH	2018-03-02 10:17:15.373	61319
8AC0-0000-030D-C765	Kagamin0707	2017-12-18 16:17:26.731	100020
A969-0000-0354-6CBA	oosetsumo	2018-02-23 15:07:43.747	17994
5117-0000-0308-0838	90574	2018-03-02 09:59:45.054	22963
A452-0000-032C-CABC	cachorrito86	2018-02-23 14:45:24.6	165190
D15B-0000-0326-E2A3	sam856	2018-03-02 23:57:26.473	27922
68C6-0000-036A-14A0	sugarpuffs.123	2018-02-23 15:20:16.166	46019
1FCB-0000-0343-2349	futertgdhffyyhgh	2018-03-02 10:01:07.001	60327
4A74-0000-0342-67DE	Derpy_Holek	2018-02-23 15:11:56.618	86363
92F4-0000-0335-6C3B	ShonenbatS	2018-03-02 09:53:51.746	15440
AB4D-0000-0333-7000	ScottDOESKnow	2018-02-23 15:16:43.853	70506
80CA-0000-0319-B3EE	MR.ALVIN	2017-12-18 15:37:08.947	7708
81EA-0000-0337-546A	pennyhavenn66	2018-03-02 10:05:49.354	9174
A819-0000-0306-8486	GodlyTwins	2018-03-02 10:02:41.036	55505
D1A8-0000-0360-7750	nick123400	2018-03-02 10:16:40.381	19633
F961-0000-0330-0169	mihirotanaka1220	2017-12-18 15:47:53.767	82145
E749-0000-0307-C53B	kannno0913	2017-11-16 16:15:13.928	16516
F93E-0000-033F-F582	momom214	2018-02-23 15:20:47.492	38885
5058-0000-0343-BF8A	BWiZz35	2018-03-02 09:55:46.536	555658
9D25-0000-0315-AB3D	Supertob1as	2018-03-02 09:55:41.306	146018
DC85-0000-035C-5A6D	Tastychips	2018-03-02 10:21:58.747	20923
486C-0000-0320-6C11	oemb29	2018-02-23 15:03:08.652	15660
9902-0000-0308-005B	VGW1995WGV21	2017-12-18 15:39:20.538	51911
AC26-0000-0352-9357	thianyann05	2017-12-18 15:21:10.18	25483
AFB8-0000-030D-EA03	hyyjacket	2017-12-18 15:36:19.028	37902
5779-0000-0305-70B3	daddysgame888	2017-12-18 15:59:54.479	6684
8699-0000-0324-D8B5	yamakuri0727	2018-02-23 14:41:12.311	6986
B96D-0000-0338-10B5	ITIMIKAREERAISU	2018-03-02 09:52:00.867	34029
CE57-0000-031B-054D	goldy419	2017-12-18 16:04:20.941	11829
7C67-0000-033D-0382	GXT1032	2017-12-18 15:18:55.551	6478
33EC-0000-030C-74A6	14tammyl	2018-03-02 10:01:35.836	30999
A930-0000-0344-8275	dbzboygamer	2017-11-16 15:52:38.905	72052
48CA-0000-0351-F850	Xx-GOLDKIRA-xX	2017-12-18 14:56:04.644	25383
E122-0000-0346-033E	chark6	2018-02-23 14:59:14.852	178867
9639-0000-0345-0DA5	joni100	2018-03-02 10:08:48.678	28224
4643-0000-033F-7471	dellbox2	2018-02-23 14:53:14.892	11499
41F6-0000-0363-BB80	cheekyevan	2018-02-23 15:17:04.644	35552
57B6-0000-0334-97F7	max27131	2018-03-02 10:33:41.441	252112
7A84-0000-0327-BC6F	revolv23	2018-03-02 10:16:42.125	8946
D492-0000-035B-6B98	merkwuerdig222	2018-03-02 10:31:20.789	149561
32EC-0000-033F-4D45	barkybarker	2017-12-18 15:03:36.117	46234
A906-0000-0321-9A2D	larryworld	2018-01-31 15:29:16.561	29900
8401-0000-034F-72F0	masakasukoro	2018-03-02 10:16:21.074	96989
DFD0-0000-0356-FE35	butterlover70	2018-02-20 22:04:44.008	39472
E105-0000-0358-47A8	EpicGamer314	2017-12-18 15:44:35.19	9766
E22F-0000-0336-9B86	idrisson1903	2018-03-02 10:02:57.354	6250
7E4E-0000-0332-11E5	gostapalmer	2018-03-02 09:47:06.301	121335
67AC-0000-030D-FDF5	hza123	2017-12-18 15:29:37.827	29922
5015-0000-0309-2E1B	Yuki.tenpoi	2018-03-02 09:54:29.134	7903
6E4C-0000-0303-3E81	pamelaaraujo	2018-03-02 10:00:24.524	7208
EAF1-0000-0312-9899	toyoko0124	2017-12-18 16:23:20.554	40945
AC97-0000-033A-4587	sweethome77	2018-03-02 10:26:08.757	11209
41AF-0000-0300-9898	Rezbit	2018-02-23 15:15:46.704	30435
1C2D-0000-0346-EE49	fanfan21	2018-03-02 10:31:36.801	24287
3741-0000-0359-F82F	shinbu-10	2018-03-02 10:18:30.998	18406
D095-0000-0300-946C	natan11	2018-02-23 15:12:14.268	39620
5BF9-0000-0312-5190	AdrianSplatooner	2018-02-23 15:05:18.405	1302
A20B-0000-0330-3430	SamuelBK	2018-02-23 15:19:52.908	40989
C673-0000-0335-A151	Fraga7	2018-02-23 15:08:33.7	66533
0C78-0000-0338-B253	Gary9548	2018-03-02 10:01:28.103	11687
4B69-0000-0341-7810	lendand	2017-12-18 15:09:00.752	22038
573F-0000-0344-0E41	crevns	2018-02-23 14:42:14.776	7463
1518-0000-0316-7D5F	SavageZeroX	2018-02-23 14:44:40.38	149709
A1D0-0000-033C-2E64	uenoyusaku	2018-02-23 15:18:35.488	8928
5FBC-0000-0335-FD53	Litschie66	2018-02-23 15:22:00.332	41410
2D2C-0000-0308-1DB2	Phoenix-Schmutz	2018-03-02 10:16:05.349	40744
B216-0000-0310-991B	CHIEFDENZL	2017-12-18 15:45:14.72	11916
A48A-0000-032C-2417	danITFC	2017-12-18 16:25:00.013	14692
11D6-0000-030C-C4C8	t110710	2018-03-02 10:27:30.401	7016
15CA-0000-0350-020A	yuusuke1296	2017-12-18 16:19:33.168	69907
7031-0000-032C-8E3C	zant999	2018-02-23 15:09:52.848	43236
BA80-0000-0342-A59A	thtswutshesaid	2018-03-02 09:57:45.697	8276
01D5-0000-0359-5DB4	ginoelbovino	2017-12-18 15:00:56.64	24093
821A-0000-0345-6EE0	Lukas31a	2018-03-02 10:06:44.216	18012
1AB0-0000-0351-BEFE	track5k	2018-02-23 15:10:37.25	8338
F125-0000-0328-3C31	rzsop73	2018-02-23 14:43:14.755	98625
3733-0000-0345-6B68	ahilnikh0307	2018-03-02 10:18:21.682	51312
2AAF-0000-0360-2644	syunsyun2007	2018-02-23 14:57:27.714	37031
AA83-0000-034F-248F	tatoroy2	2018-03-02 10:14:03.825	14308
FD0C-0000-0312-7347	yugoyukiko	2018-01-02 08:07:27.772	53335
48EF-0000-0350-BF70	chihiro9797	2018-03-02 10:07:50.457	97875
C5CE-0000-033F-04C7	saikyosan513	2017-12-18 15:28:37.429	45111
4EFE-0000-0352-6751	Cheesin-yo	2018-02-23 14:48:57.605	51139
B4E4-0000-0361-BD30	saint.reserve	2018-03-02 10:17:48.697	136220
F140-0000-032D-8D16	puregold111111	2018-03-02 10:32:33.421	71779
652B-0000-0317-C7CF	coolercoal	2018-03-02 10:03:45.406	7116
9618-0000-033A-2F51	yumeuma	2018-02-23 15:09:30.475	24356
D32B-0000-030B-517A	Routemasterrecor	2018-03-02 10:24:07.59	2406
B5D7-0000-0396-CE79	pikajp33	2018-04-10 11:03:11.213	13199
6C56-0000-0319-0BC5	KAIRA22	2017-12-18 15:51:04.206	2670
B730-0000-0342-BEE9	codyrog	2018-03-02 10:30:06.612	50556
BE9C-0000-030E-E5FA	Mariomasters420	2017-12-18 14:58:06.033	6665
07B9-0000-033F-5339	Mario1UPkoopa	2017-12-18 15:24:30.651	59305
3F1F-0000-035E-B421	fujimoch_u	2018-02-23 15:02:58.129	6994
201E-0000-0335-12D2	Ckk87zwy	2018-03-02 10:02:49.423	3366
225D-0000-030E-1429	AE4WiiU	2017-12-18 15:34:25.636	6635
64BB-0000-034B-490E	domii93	2018-03-02 10:01:35.596	78383
57C0-0000-0304-E9EB	Dbrown55_wiiu	2018-02-23 14:44:53.445	61717
2017-0000-0333-1388	JUMINNIE	2017-12-18 15:25:44.799	62607
8F9A-0000-032E-33B3	flog_ger2605	2018-03-02 10:25:08.399	8182
ED7A-0000-0306-C0A4	DAVIDORCHARD1985	2018-03-02 10:12:25.626	1096
8D19-0000-0300-25F9	gawasenchou2525	2018-02-23 15:12:44.456	25700
E190-0000-0341-0E67	N-Mario1984	2018-03-02 09:59:39.819	113730
70EB-0000-0356-202B	AMDpoooower	2018-02-23 15:13:01.612	47859
C2FD-0000-0317-3356	leoboltliam13	2018-02-23 14:52:42.876	94366
61E2-0000-0343-5CB6	mario5560	2018-03-02 09:47:14.768	14393
42B3-0000-0335-76EF	jsimione	2018-03-02 10:27:02.605	14285
4027-0000-0343-456E	ritzMo	2018-03-02 10:13:44.952	404846
052B-0000-0345-1E42	Sendar21	2017-12-18 15:14:19.44	134359
0FB7-0000-0317-9F68	taros1023	2018-02-23 15:05:11.235	41895
F837-0000-0312-4F2D	vuliran	2018-02-23 15:16:04.283	26580
2A18-0000-0303-754C	RafiLUKI	2017-12-18 16:03:53.927	15960
590E-0000-0308-E66C	Demoundo	2018-03-02 09:51:03.215	109077
5769-0000-0327-E26C	Timridge	2017-12-18 15:59:32.542	122086
DB3C-0000-035C-BDB8	QasimAbeeha	2018-02-23 15:15:28.928	15570
3581-0000-033D-E17C	AndyPanda117	2017-12-18 15:14:36.26	14837
8D56-0000-0326-2896	728ryusei	2018-02-23 15:13:59.882	40685
AEB8-0000-034F-A9DF	any_tools	2017-12-18 15:32:29.073	26387
BD3F-0000-030F-B2C0	Gillan31	2018-02-23 15:09:56.25	38704
FD8B-0000-0349-572D	house248	2018-02-23 14:56:47.659	10819
14B0-0000-0340-3514	Katrina020592	2017-12-18 16:16:16.665	13156
0C54-0000-031D-68DC	KOBSS2013	2018-02-23 14:49:04.381	23464
100D-0000-0337-400A	hankwheels	2017-12-18 15:58:27.737	24319
4D11-0000-0333-AA79	DMatter528	2017-12-18 15:16:51.036	31677
62E3-0000-0318-7516	gensei0330	2017-12-18 15:08:29.077	34967
510D-0000-0325-F2E5	tonysnow49yo	2018-03-02 09:59:21.817	14155
7C59-0000-0311-A70B	AKiiiii1031	2017-12-18 15:18:51.866	132184
A368-0000-032E-0A1B	Pavel001112	2017-12-18 16:20:40.311	25302
1641-0000-033D-F37E	Dinghy2	2018-02-23 14:50:15.395	7913
6B95-0000-031A-C361	dmaurisio	2018-02-23 14:48:56.525	41333
0F5B-0000-0340-3497	alanpop	2017-12-18 15:55:59.803	25046
9B07-0000-031A-EE73	porarim465	2018-02-23 14:47:05.807	27092
228A-0000-0300-1AB1	iku1911	2018-02-23 15:02:53.807	9333
6491-0000-0314-7545	stb81fdy6vdf5sv7	2018-03-02 10:00:12.809	121626
FBAB-0000-0311-5A69	BlueticciToby	2018-02-23 14:47:37.752	1304
6473-0000-0302-B302	deen110	2018-03-02 09:59:24.011	17400
AD3F-0000-0362-5D54	gfcvhrf7	2018-02-23 14:41:32.577	28026
F314-0000-033A-8D0E	philouppe	2018-02-23 14:53:04.388	87175
F791-0000-0320-5D9D	sasameke08	2018-03-02 10:16:09.136	311446
DD2F-0000-0300-8559	Aurio02	2018-03-02 10:25:20.996	12335
315F-0000-0323-E251	jn2007	2018-02-23 14:43:12.303	7627
4921-0000-0319-C98C	imsoooooogood	2017-12-18 14:57:44.368	43353
F36A-0000-0301-7633	Tocino70	2017-12-18 15:22:54.922	27256
E21D-0000-0347-0E20	leafssuck	2017-12-18 15:48:48.859	6640
E09F-0000-0322-1D72	Nico070971	2018-03-02 09:54:42.197	28778
46F6-0000-032D-84A2	UrsonJr	2018-03-02 09:59:00.31	6143
2486-0000-0359-974D	ndbt3000	2017-12-18 15:41:41.632	12095
7782-0000-0340-7CED	Leopolo02	2018-02-23 14:57:40.981	60249
CFA9-0000-0361-079F	Aubob83	2018-03-02 10:06:17.528	87542
FC54-0000-035D-8D10	misaari08	2017-12-18 15:58:02.482	91318
5911-0000-0349-0CA5	MrGoldMario	2018-01-02 08:05:20.809	32372
3807-0000-0362-104E	rzsop73	2018-02-23 15:15:03.38	13636
F7A2-0000-035D-C03D	shema1302	2017-12-18 15:39:57.378	21225
FE56-0000-0315-0A7B	dylanesg83	2017-12-18 16:06:36.695	23133
AEF6-0000-031E-906A	NiiTakase1117	2018-02-23 14:48:49.552	26937
2285-0000-0360-67FA	RYO.hiyori	2018-03-02 10:13:09.073	20189
29DB-0000-0348-F6DC	steelersfan777	2018-02-23 14:53:18.295	6635
3195-0000-035A-96B4	mathis2605	2018-02-23 14:44:26.464	21910
5D48-0000-0327-6EAD	Zekhar	2017-12-18 16:22:19.087	24094
0B81-0000-032E-B276	m2e718J_t2gm	2018-02-23 14:44:56.574	83690
3C15-0000-0302-A001	origotou77	2017-12-18 15:42:13.16	25056
805D-0000-032E-7FC6	baby_rat1103	2018-02-23 14:58:05.038	36847
2F0D-0000-035D-5F6C	Minecrafter2k2	2018-02-23 15:17:49.278	7597
72AE-0000-0349-9041	Zwizzforce	2017-12-18 16:16:33.006	38041
ECDD-0000-0325-B4DB	kaml171	2017-12-18 14:54:18.952	6664
6DAE-0000-0301-F6F0	eren14jd	2018-03-02 09:57:31.05	126215
624F-0000-0319-9D79	vonSickenstein	2018-03-02 09:49:41.478	18241
290B-0000-0359-EBDB	Basilika	2018-02-23 14:49:39.468	9045
6896-0000-0341-8CD1	Nickredblue	2018-02-23 15:19:35.57	8669
5C53-0000-0340-10FB	gio0822	2017-12-18 16:18:41.705	23286
5055-0000-033F-9A76	yamatake1338	2018-02-23 14:55:24.417	26653
E19C-0000-0301-61EF	tomashynes2006	2018-03-02 09:59:54.902	9859
0164-0000-0380-E7FA	l.oufnhu32	2018-02-23 14:44:48.724	3349
207B-0000-0350-7D2E	Snurfsnarf	2018-02-23 14:52:59.976	7649
532A-0000-032E-8EE8	MARIODAISUKI66	2018-03-02 10:10:57.066	19137
8800-0000-0325-537E	h08004	2018-03-02 09:47:40.211	36259
2563-0000-035C-DEE4	maria281281	2017-12-18 15:45:47.046	14530
14CF-0000-031A-683B	Rufio8	2017-12-18 16:16:45.955	115583
F210-0000-033F-34EE	cujomadness	2018-03-02 09:47:52.891	45983
66D8-0000-035E-C6F2	Dinghy2	2018-03-02 10:11:55.558	23275
7FAB-0000-0342-001D	Trodop	2018-03-02 09:54:23.816	136316
0D34-0000-033D-5E06	Kentaorusu	2018-02-23 14:53:24.732	22919
8A55-0000-0325-FE58	kiboucocoro	2018-03-02 09:59:23.215	9787
932A-0000-0364-8953	KronicSauce	2018-02-23 14:55:27.647	90116
C194-0000-0358-22D5	pfantasticul	2018-02-23 14:46:07.592	8755
B9DC-0000-034E-CF08	adude04	2017-12-19 15:48:32.244	9360
6F55-0000-034E-3FFC	devil1028	2017-12-18 16:03:19.855	4617
2680-0000-0313-9627	nimportequi	2018-02-23 15:21:54.165	122042
2B0E-0000-0345-3038	507039	2018-02-01 14:23:41.779	9785
A720-0000-0308-4A56	nekokanu	2018-03-02 09:57:30.264	2902
E9F2-0000-0365-B380	rodriguez2615	2017-12-18 16:19:15.597	45294
EEB7-0000-030A-7E63	hocine1234	2018-02-23 15:16:39.773	21773
BDCB-0000-0351-F65A	so1641ki	2018-03-02 10:13:59.345	43809
CFE0-0000-0313-238A	pomide	2018-02-23 15:08:35.713	117775
1864-0000-034D-0484	donkeyhorse317	2018-02-23 14:59:59.751	6781
55D7-0000-0316-9DE9	ILikeChikens	2017-12-18 15:53:36.999	23762
A9EC-0000-0321-526E	AE4WiiU	2017-12-18 15:11:13.238	27569
4E82-0000-0368-62A5	550u22	2017-12-18 15:22:39.454	14507
C2EE-0000-02FF-90C0	Firebeast00	2018-02-23 14:52:18.292	26255
8C3B-0000-0308-21B5	dellbox2	2017-12-18 16:23:36.691	9675
B779-0000-0307-5461	takeyyyy	2018-02-23 14:42:47.256	98585
1EFC-0000-033F-974C	507039	2018-02-23 14:46:45.145	6965
B033-0000-0331-C187	dellbox2	2017-12-18 15:38:05.231	9306
D8E6-0000-032D-A299	B0neB0y	2018-01-02 08:25:35.565	30783
259F-0000-032E-FD0F	apoc_ze	2018-02-23 15:17:44.13	22574
4DFF-0000-0335-A8DA	mister-jo	2018-02-23 14:44:19.539	151051
5B8D-0000-0307-8F53	TruGameColors	2018-02-23 15:03:14.591	9337
89CB-0000-0336-2923	tai-taiyon	2017-12-18 16:13:03.878	7662
3118-0000-0310-8751	Reflet_Aidoru	2017-12-18 14:54:24.672	9173
4BAE-0000-0359-53E5	adamk7777	2017-12-18 15:10:09.311	125055
D618-0000-0343-D1D2	Penguins236910	2017-12-18 14:56:35.4	2635
4D53-0000-0324-BC8B	laylatarabay	2017-12-18 15:18:00.896	8060
35E2-0000-0377-B638	Nialvica	2017-12-18 15:16:13.93	58801
5540-0000-0310-FC9B	sion7558	2018-03-02 10:21:49.849	13716
B53A-0000-0350-F2CA	Mlg_Playz99	2017-12-18 15:57:19.561	1863
BE04-0000-0338-39CE	chrisb2015	2018-02-23 15:13:32.63	37433
5AB0-0000-0354-A0C4	PapaJoe1974	2017-12-18 16:12:13.095	4168
FF65-0000-0341-6055	Balend	2017-12-18 16:10:44.617	2191
2B65-0000-02FF-BC1E	OH1101	2017-11-16 14:58:00.163	19016
0F37-0000-0340-F025	soutasuki	2017-12-18 15:55:28.714	18200
7E6A-0000-0344-7470	nixerkg	2018-02-23 14:48:18.582	173110
301C-0000-032F-3F23	dellbox2	2018-03-02 10:31:12.298	29596
F768-0000-030C-CDBB	JacobDRutherford	2018-02-23 15:12:27.677	61725
9B96-0000-034F-0072	Doctor_Sarcasm	2018-03-02 09:47:28.868	11822
6EF5-0000-0324-DD20	McKoooll	2018-02-23 15:04:38.383	179250
621E-0000-0363-BDC0	Monkeydelphin173	2018-03-02 09:48:38.701	13452
3620-0000-033B-9716	blitza_mario	2018-02-23 15:05:45.876	218083
3E4A-0000-0348-9E8F	justgettinit	2018-02-23 14:59:16.343	257213
7798-0000-0367-885B	Adrian24be	2018-03-02 10:00:27.965	48248
7D5E-0000-0357-B607	yutamaki0423	2018-03-02 10:31:58.407	112612
51CD-0000-0323-20C0	DubacoGavawe	2017-12-18 15:36:53.733	8270
C58D-0000-0349-63E2	WIIMoustique	2018-02-23 15:04:04.617	7133
E5CD-0000-0320-E796	smile-peace417	2017-12-18 16:03:05.741	49200
00B5-0000-0367-9920	Caz2004	2017-12-18 14:51:00.726	17440
849D-0000-030C-6A10	crown1029	2018-03-02 10:19:22.971	37980
896F-0000-0349-EB22	xochilt123	2018-02-23 14:55:49.133	20502
6151-0000-02FF-978E	landen_hyde	2017-12-18 15:01:33.623	17242
43CE-0000-0301-DAE2	kevinnug	2018-03-02 10:32:08.661	52910
5F4B-0000-034D-DF34	Seika1203	2018-02-23 15:19:42.281	86630
36FD-0000-0331-EFD3	Ver_Tin	2018-03-02 10:17:00.556	25649
FD6F-0000-0338-4D23	jakedj16	2017-12-18 16:02:50.659	41314
5BE4-0000-033F-8CA6	Brinchen90	2017-12-18 16:16:45.629	59660
15C2-0000-0349-E3C5	Master_K00pa	2018-03-02 09:57:59.539	7154
11A7-0000-0321-7C73	uozutoshihide	2018-03-02 10:26:24.298	5633
218A-0000-032E-CC9A	xsta6x	2017-12-18 15:31:34.755	14014
C8D7-0000-0350-7C86	miharamihara0305	2017-12-18 15:41:51.282	20278
689F-0000-0308-D242	joack2006	2018-02-23 15:19:43.611	21129
4689-0000-0329-09E1	elpachekin	2017-12-18 16:24:30.592	7955
1B61-0000-034F-7E5C	Kataru88	2018-03-02 10:27:20.432	24100
DE55-0000-030B-7785	JonnyFive	2017-12-18 15:33:02.659	45433
469B-0000-0360-2366	sirmakesalot	2017-12-18 16:24:50.659	31800
B81F-0000-0334-1B48	JulioMega	2017-11-16 15:58:08.341	141081
F08A-0000-0358-9A92	saki10ayuri	2018-03-02 10:28:19.701	98290
4886-0000-0359-EAD0	JE05RE07ZA24NO	2018-02-23 15:03:27.205	53783
038F-0000-034C-199F	LeoRocks39	2017-11-16 16:25:22.796	44033
44B6-0000-0355-EA77	dellbox2	2017-12-18 16:17:04.704	18184
67F8-0000-035D-7DA0	OwsleyArdor	2018-03-02 10:17:51.356	42839
7F21-0000-035E-C868	sakytz	2017-12-18 15:30:40.558	28160
8497-0000-0355-8B59	Junjun-Gold	2017-12-18 15:52:57.755	70067
5D26-0000-0334-6143	maleflat	2017-12-18 16:21:45.54	11991
8D4C-0000-0348-3023	elmejordelmejor9	2017-12-18 16:27:38.997	110504
5928-0000-030C-40F1	Kutumimano	2017-12-18 16:06:10.627	171090
DED3-0000-0304-B232	chrimsnchaos	2017-12-18 15:34:56.821	20734
36C1-0000-0330-7CC7	DarkFalcon08	2018-03-02 10:15:29.573	3094
81F2-0000-0336-EE4C	Shiba127	2017-12-18 15:42:01.755	33473
B2B5-0000-034F-0BDB	vaivalentinovai4	2018-02-23 15:06:37.685	42345
8EE1-0000-0338-C4AD	chelseamario1	2017-12-18 14:56:17.923	31113
CC54-0000-0331-7F54	revolv23	2017-12-18 15:57:13.024	15316
1A8E-0000-0312-A1D3	carfalt	2017-12-18 15:01:58.544	93701
0646-0000-033F-565E	AldoManquess	2018-02-23 15:05:53.325	8902
A45D-0000-0330-0547	GUYSHY2014	2017-12-18 16:24:09.685	18769
116D-0000-035B-DC67	Nico260104	2018-03-02 10:25:34.53	197040
7E23-0000-0340-2291	blandry420	2018-01-02 07:21:19.61	21751
DE28-0000-034D-C708	dpuetz	2018-02-23 14:45:21.473	12666
7468-0000-0322-962A	Barnio	2017-12-18 16:23:24.306	77945
A109-0000-0334-4D1B	Dennsen1986	2018-03-02 10:16:31.397	11087
8F05-0000-031D-7846	siebesdingetje	2018-02-23 15:21:12.608	63831
9BBA-0000-032F-16CF	lowkeyandbased	2017-12-18 15:50:56.187	44476
DDD6-0000-0331-7325	thehigs	2017-12-18 15:31:00.465	25589
3F1F-0000-0343-D6A2	Shalentir	2018-02-21 16:21:35.393	40050
C3CA-0000-0320-4AF0	sabou32	2018-03-02 09:55:33.677	7644
1A01-0000-0342-9C32	ko1no2u3	2018-03-02 10:20:19.04	11219
9070-0000-033E-B759	stuntman222a	2018-03-02 10:29:27.566	60814
94A5-0000-033E-F26E	MIYUKI.1	2017-12-18 15:21:20.603	144122
B12C-0000-0362-27BC	HasegawaKazuma	2018-03-02 10:00:07.182	77324
FF24-0000-033E-A372	Enzozo.lemoineau	2017-12-18 16:09:49.27	14544
384C-0000-0300-3353	chivodud	2018-03-02 10:23:38.232	120469
CBBD-0000-034A-4B58	marco7394	2018-02-23 14:49:34.757	8585
10A8-0000-0332-34D9	JoseZs	2018-02-23 15:09:44.973	7137
3A06-0000-0342-24FC	mbrown	2017-12-18 15:33:52.904	28635
41A5-0000-0357-B07E	JJDFamily	2018-02-23 15:15:33.671	54250
45C4-0000-0359-F499	andore_san	2018-03-02 09:52:15.87	16909
7535-0000-0331-F4DF	sharionh	2018-03-02 09:47:33.252	35875
C80A-0000-033E-6163	bebiere	2017-11-16 16:03:39.595	10230
E13D-0000-0353-AD2F	nekokanu	2018-03-02 09:58:10.429	11010
3E27-0000-033A-8282	Tylano64	2018-02-23 14:58:22.069	87966
2982-0000-034A-36A0	green420	2018-02-23 14:51:40.074	33637
584B-0000-0360-717A	d1o2h1y6o	2018-03-02 09:47:14.953	45705
B69E-0000-030C-2B95	Mogabi	2017-12-18 16:03:20.122	9797
7839-0000-0390-2E26	lorenabinta	2018-03-03 12:22:17.023	37398
67FC-0000-032F-8CD7	vani-bunny001	2018-03-02 10:17:55.077	156627
97AD-0000-0358-AB4F	juju-mymy	2017-12-18 15:34:36.451	94216
5F6C-0000-0334-A5E7	PadSave	2018-03-01 09:25:01.548	3240
D209-0000-035C-A911	Rachael.Knowles	2018-03-02 10:18:21.065	139116
1DDD-0000-033B-3ADE	B3atFox	2018-02-23 14:40:57.813	6847
0EEC-0000-035B-3DB4	loveradwimps0405	2017-12-18 15:54:35.766	153407
C167-0000-034D-55B2	g0nz3r	2018-03-02 10:31:36.059	9355
4EB4-0000-0363-8CEC	mattone	2017-12-18 15:23:27.029	20612
5588-0000-0316-286C	KOMEIDISATORI333	2018-03-02 10:23:13.822	27150
BBCD-0000-0304-0608	tjabbe19	2018-03-02 10:04:57.414	14160
799E-0000-0334-4F40	GameRichards	2018-03-02 10:11:12.535	38564
4D1B-0000-034E-433C	Snoopy_Jaws	2017-12-18 15:17:09.439	8777
F3CA-0000-032B-4BD3	spyder1117	2018-02-23 14:56:19.986	14990
2C69-0000-033D-F332	dillpickle6	2018-02-23 15:05:37.352	237058
1F3E-0000-0312-72D0	kiku131013	2018-02-23 14:48:00.559	24289
928E-0000-0300-28BA	JStewDude	2018-02-23 14:52:27.658	27948
678C-0000-0352-0FBA	aeblihouse	2018-02-23 15:14:32.686	5297
C531-0000-0367-F269	kingredfalcon	2017-12-20 01:55:54.755	38489
5109-0000-0353-A0B4	georgagreiter	2018-03-12 10:46:21.661	8651
197D-0000-0358-ED57	lavandula_l	2017-12-18 14:56:52.206	20876
60E9-0000-032E-5832	bottom3	2017-12-18 14:59:43.701	16892
A9E7-0000-0324-5B94	rzsop73	2017-12-18 15:11:08.887	70590
7F28-0000-0340-6B02	Norranti	2018-02-23 14:52:13.604	20769
A70C-0000-0306-4FF5	Floorioo	2017-12-18 14:58:38.029	10702
5A1D-0000-0325-8C89	kawa1910	2018-02-23 14:56:41.978	7116
7A3C-0000-0359-4C38	koyama-yutaro	2018-03-02 10:15:23.099	30500
1D46-0000-0335-2DC7	KANITUWWO	2018-02-23 15:23:31.675	43915
4DE6-0000-0350-38E4	RIKIHIRO	2017-12-18 15:20:13.643	8160
2F7C-0000-034E-42C2	Bourbywhisken	2017-12-18 16:25:04.168	53029
955B-0000-0349-6F71	carollanne0205	2018-03-02 10:05:00.552	230113
35AC-0000-033F-1CA8	poi963poi	2018-02-23 15:03:56.92	10881
D1B6-0000-0340-0587	c00lgay64	2018-03-02 10:17:01.455	1820
6936-0000-031C-F38D	lsaacFoster	2018-01-02 07:34:05.523	10847
189C-0000-0300-8F1A	Kiteboii	2018-02-23 15:01:00.562	34623
0964-0000-0308-56AA	xxl2000	2018-03-02 10:34:50.913	34960
4975-0000-0337-658F	Mr.Bogus	2018-03-02 10:10:27.251	27970
5440-0000-0335-B4DC	nandoweb	2018-03-02 10:16:33.807	20416
B1A7-0000-035C-F631	daiTVX	2018-03-11 11:38:47.063	14417
9410-0000-032F-D2DE	HARUMA0405	2017-12-18 15:18:43.233	268835
76BA-0000-031F-8262	takeshi6	2017-12-18 14:55:02.414	62616
A905-0000-0308-B915	yucyos	2018-03-02 10:07:20.351	50323
D64D-0000-02FF-B065	jessepower	2018-03-02 09:51:04.467	10062
D5E9-0000-0339-F8A2	erickgorocica	2017-12-18 14:55:51.985	23539
E8E4-0000-0358-53AB	1224DAI5	2017-12-18 16:15:02.854	17681
F0E2-0000-034B-3CDD	CoolguyDaniB	2017-12-18 15:12:07.16	9665
29BE-0000-0339-5616	bbqfrito	2017-12-18 16:02:48.709	23862
5CFD-0000-034E-B863	superdashrendar	2018-02-23 15:09:29.418	23433
31DE-0000-0324-D46B	Dinfevo	2018-03-02 09:50:10.919	319466
FD82-0000-0337-2CAB	mikugumi123	2017-12-18 16:03:11.116	4340
8599-0000-034A-6CE8	godtap	2017-12-18 15:57:06.42	30984
E13C-0000-0327-6995	A0B1SE	2018-03-02 11:06:21.861	46400
7DEB-0000-035F-F994	longhui933162	2017-12-18 15:25:36.729	9507
A275-0000-0310-8988	alfred1643	2017-12-18 16:17:27.461	38229
3275-0000-0335-623D	Rushia0527	2018-02-23 14:49:22.699	22939
49D3-0000-0341-07E0	Amazeballz123	2017-12-18 15:01:17.507	11174
7B9C-0000-0321-A719	Ninja116116	2018-02-23 15:17:25.543	37157
FA92-0000-033F-6416	oosetsumo	2017-12-18 15:51:42.297	44218
4EBA-0000-0332-5A1F	MakerAlex	2018-03-02 09:48:04.258	12704
EC42-0000-032F-ACA0	CBrackin531	2018-03-02 10:06:44.174	5201
EFE2-0000-0358-3BAD	videojugo	2018-03-02 10:24:42.306	18652
DBD4-0000-0346-AD78	NAO_nozo_y	2018-01-09 14:45:41.483	75869
ACCA-0000-030A-8547	firepirate99	2017-12-18 15:24:02.805	7075
17DE-0000-0328-D1FC	tacos0318	2018-02-23 14:57:41.175	48970
17BB-0000-035C-04FA	theluckymaster1	2017-12-18 16:27:14.738	9076
3AA5-0000-031A-41F1	0201ATNAK	2018-02-23 14:42:38.297	10903
2C0A-0000-0350-5F64	mikan0	2018-02-23 15:04:09.276	29609
64C8-0000-0302-F9F0	gensei0330	2017-12-18 15:17:23.44	14864
790F-0000-0361-92B8	yeremidude	2017-12-18 15:04:43.245	6358
7FFB-0000-032C-A379	Shadowlynk	2017-12-18 15:34:04.113	48382
DC37-0000-035E-6071	HANNDO.5	2017-11-16 16:11:10.042	6734
5176-0000-030D-25E7	yasubuu12345	2017-12-18 15:35:19.839	26159
373A-0000-0322-8D17	Norbert42	2017-12-18 15:22:15.129	151679
8577-0000-0343-138B	jooo123abcd1	2017-12-18 15:56:42.705	110044
9AAF-0000-0320-D9E0	Smashbrawl	2017-11-16 15:46:53.026	125595
9493-0000-030C-9B4F	yami256	2017-12-18 15:20:50.741	27183
B0B4-0000-032E-4230	lucart333	2017-12-18 15:39:53.289	827008
C02E-0000-0310-FE23	SuperDMGA	2017-12-18 15:04:36.137	11479
C153-0000-031C-E8DB	Turki_al_harbi55	2018-02-23 14:44:55.74	19475
B17A-0000-0301-6A98	N-Mario1984	2018-03-02 10:01:45.19	18740
C3D4-0000-0336-3F4C	ShadowLiink	2018-02-23 14:56:30.091	5380
6B69-0000-0358-8DEB	konohana810ture	2018-02-23 14:48:14.243	30150
5BFF-0000-0322-3CD8	geertvervoort68m	2018-03-02 10:06:42.779	11070
427B-0000-0336-D372	yuna866	2018-03-02 10:26:03.018	5456
4A80-0000-0349-4BC3	mpondy3	2018-03-02 10:15:50.515	60437
9A00-0000-0301-80A7	Quique_Bad	2017-12-18 15:43:44.857	10350
2F1C-0000-0341-A643	Tylano64	2018-02-23 15:18:10.915	17659
412E-0000-0351-4DB6	Evan2905	2018-03-02 10:19:03.226	5465
A344-0000-030B-2635	konmo-21	2017-12-18 16:20:09.392	2369
0C06-0000-032F-7DD0	yukitidau	2018-02-23 14:47:28.178	5232
3A52-0000-0331-F65B	RedArchaea	2018-02-23 14:40:51.264	6639
085D-0000-0322-41D7	vichito2010	2018-02-23 15:14:42.819	22017
8117-0000-0364-99BA	toko0931	2018-03-02 10:01:25.62	18850
13D9-0000-0346-7801	Gorfan	2018-02-23 14:39:14.992	17130
FBA0-0000-0346-7319	Dakotabomb	2018-03-02 09:47:06.824	67049
7242-0000-0330-05B6	012345lk	2017-12-18 16:14:45.567	59873
843C-0000-0369-1697	grimbrothers	2018-02-23 15:15:09.305	28942
2A6D-0000-0357-B4EF	jun.o-001	2018-03-02 10:02:58.148	18810
55A9-0000-033D-C698	dragan1502	2018-02-23 15:19:44.928	7883
BFC5-0000-0354-A429	Tylano64	2018-02-23 15:22:39.651	2966
99F7-0000-037D-D471	Fritzef	2018-03-02 10:28:24.728	60133
78E7-0000-0326-561B	mojangothefish	2017-12-18 15:03:50.465	84327
FB67-0000-034C-2AEC	t.haru0228	2017-12-18 15:54:52.248	167261
9F15-0000-033C-774E	Pelzie	2018-03-02 10:05:51.264	33713
9C4B-0000-0324-209D	zspeed2413	2018-03-02 09:51:15.312	19130
ED99-0000-0307-6FB6	amaguri-0929	2018-02-23 15:11:29.12	130453
AFDE-0000-0316-7E83	Spot2009	2018-02-23 14:52:53.327	10698
DE78-0000-0363-7E95	Shadowcat369	2018-03-02 10:32:42.025	9468
2EC1-0000-0304-96CB	iSneakSometimes	2017-12-18 16:22:14.786	113316
C210-0000-033D-F9AB	1418danieL	2018-03-02 11:14:33.104	13654
843A-0000-032C-6D5B	JohnnyPro_01	2018-02-23 15:15:02.94	39385
3A6D-0000-0354-F24F	JIBSpolopo94	2018-03-01 09:16:41.344	24162
C179-0000-0347-4A95	devi0us	2017-11-16 16:01:52.011	21760
0694-0000-032C-6A85	yuuta0123	2018-03-02 10:19:21.648	27209
78C8-0000-033D-48CE	h3tn1a	2018-02-23 15:03:25.403	24115
26F4-0000-0327-1DE5	JJ-713	2018-03-02 11:16:22.765	31786
0531-0000-035F-83FC	Luigibros12	2017-12-18 15:14:28.436	261355
5CAC-0000-031F-E429	eto-taku1783	2018-03-02 10:10:02.774	36482
B829-0000-0334-D00C	tezzr779	2018-02-23 14:46:10.981	26255
2B91-0000-0366-4EDB	enzopakito26	2018-02-23 15:02:10.772	16547
55C1-0000-035B-A301	yyoshim6264	2018-03-02 10:24:13.843	106786
F468-0000-0363-3EA0	fujimoch_u	2018-02-23 14:59:26.796	3169
2F81-0000-0350-8300	Smashbrawl	2018-01-31 15:49:55.088	181360
6DBE-0000-035A-20DD	Coolkidd4	2017-12-18 15:56:32.884	1745
8855-0000-0301-0452	Nelmaninfanite	2018-03-02 09:49:13.55	38754
CFCE-0000-033D-6121	thekirchers	2018-02-23 15:08:15.839	29545
C585-0000-0325-49C0	diamond642	2018-02-23 15:03:47.015	30423
DDC2-0000-0334-427F	DonTheGrizzlyMan	2018-03-02 10:29:01.843	25000
4370-0000-035A-2AC9	jademarie.vitali	2018-02-23 14:39:08.296	168783
4DF4-0000-0367-E3BC	Nicknephi	2018-03-02 10:33:54.851	21015
963E-0000-030A-1C80	arturgouveia1975	2018-03-02 10:08:57.014	39801
D7A9-0000-0361-9B6F	anrintendo	2017-11-16 16:09:22.471	59728
3CFA-0000-0351-7563	MrCobbles	2017-12-18 15:45:47.983	45633
E716-0000-034B-A448	paocreeper	2018-02-23 14:41:06.078	72131
78B4-0000-032C-07D3	Trey0314	2018-02-23 15:03:13.959	52495
CCF3-0000-0340-9C5C	Mr.jhosh	2018-02-23 14:55:14.242	23744
9910-0000-0332-6F87	tanaka.s.aa	2018-02-23 15:22:52.176	23869
DA7F-0000-033B-51F5	AE4WiiU	2018-02-23 15:12:21.345	17500
3438-0000-035E-D961	rider_elgrand	2018-03-02 10:03:14.007	27818
B077-0000-0324-6D50	Bconroy	2018-03-02 09:56:27.533	14466
B0F6-0000-033A-72A2	NATOMIR	2017-12-18 15:41:04.054	8668
8A41-0000-031D-29C3	umecchi	2018-02-23 14:59:27.526	18799
32D4-0000-0316-3830	Flashdragon64	2018-02-23 14:50:59.679	171180
5564-0000-0335-3796	Littlebit99	2017-12-18 15:51:40.627	5551
ECDB-0000-0322-F5F2	Trentonian15	2017-12-18 14:54:13.939	7860
F7BC-0000-0348-EC0E	GID2657	2018-02-23 15:13:57.156	91566
9553-0000-0320-EED5	AE4WiiU	2017-11-16 15:44:59.651	6907
7064-0000-030E-E3B0	dellbox2	2017-12-18 16:07:26.386	9373
C975-0000-030C-DE40	Murlynd	2017-12-18 15:44:24.488	72250
94C0-0000-036A-BA64	toptop111	2018-02-23 15:03:31.513	14490
C7ED-0000-0341-3F9C	syandrews1	2018-02-23 15:16:09.423	22374
2AC9-0000-0333-96D2	Gorfan	2018-02-23 14:58:04.033	28993
1327-0000-0307-E8DA	kazunorimariyuu	2018-03-02 10:34:35.145	6641
9B87-0000-0308-14B4	kotachi0818	2018-03-02 09:47:03.451	62933
3893-0000-0340-6C8D	takumisaiko	2018-02-23 15:17:41.339	7907
A2B8-0000-0309-A927	2306haruki	2018-03-02 10:24:28.33	35029
180B-0000-035E-A8AF	486TAKACHAN462	2018-02-23 14:58:33.216	5409
33A0-0000-0345-5E62	Tylano64	2018-03-02 10:00:06.559	18412
5F7A-0000-0333-1F14	childers6	2017-12-18 14:49:40.245	9772
BBF9-0000-0330-FADB	rivera2005	2018-02-23 15:04:14.969	5098
19D8-0000-0316-B0DB	bamheadshot23	2018-03-02 10:19:22.164	5655
3B39-0000-0300-9662	tonksnk	2017-12-18 15:38:40.116	14620
8F8B-0000-034D-4DE4	hiiro0107	2018-03-02 10:24:53.279	47468
013F-0000-0358-4C10	johnny0727	2017-12-18 14:58:31.777	32735
127B-0000-0344-613A	ruinslbis	2017-12-18 16:08:12.497	8226
C49F-0000-0309-11EF	rdavis67	2017-12-18 15:23:59.921	24518
C728-0000-0343-F8FD	Swagmaistro420	2017-12-18 15:34:38.809	14896
62DF-0000-0356-AFB8	michaelswiiu1	2017-12-18 15:08:25.226	17413
5DEB-0000-0357-365F	Monkeydelphin173	2018-03-02 10:16:44.056	204253
57D8-0000-0358-945C	louisramlam	2017-12-18 16:01:27.65	7618
3635-0000-0327-6C96	wazzup243	2018-03-02 10:12:57.241	21352
DB44-0000-0359-54C3	NOFLYZONE2	2017-12-18 15:20:10.23	2546
94DF-0000-033D-79CC	lugglfgnk	2018-03-02 10:02:51.871	61417
122D-0000-0321-29A8	Pisapon	2018-02-23 15:16:49.895	5020
6778-0000-0355-6CF3	Salomette-miouw2	2018-02-23 15:14:12.438	26525
8AE9-0000-0353-41F8	original_draw	2018-02-23 15:02:30.378	10232
BE7A-0000-0349-FDE1	MrPatNoonan	2017-12-18 14:57:29.2	87323
CD38-0000-0332-1989	dellbox2	2018-03-02 09:53:44.52	14474
2A8C-0000-0323-6344	neoti147	2018-02-23 14:56:54.431	47914
0529-0000-02FF-B34C	DayI0304	2017-12-18 15:14:17.734	24976
1F67-0000-033D-472F	rzsop73	2017-12-18 15:22:45.703	4847
68B2-0000-0342-E785	GEBARA5	2018-02-23 15:19:55.396	26704
69C4-0000-0362-6C90	mt.1661.mtm	2018-02-23 14:40:38.248	36054
8F65-0000-0334-834F	WIIMoustique	2018-02-23 15:22:45.093	28429
1971-0000-032C-94C4	koki-suzu0509	2017-12-18 14:56:38.118	52986
0D33-0000-0333-C40E	marenisu	2017-12-18 15:47:59.616	35983
0EC2-0000-0352-84DE	ChrisK60	2017-12-18 15:53:55.387	90460
2408-0000-0330-984E	dano_1411	2017-12-18 15:39:50.704	33938
5D22-0000-033F-9196	arrowXX	2018-02-23 15:10:19.798	132087
F861-0000-0348-9268	humaid-khalifa	2017-11-16 16:21:30.802	6513
C4E1-0000-033A-2DBD	SkyDeath4u	2018-03-02 10:01:11.335	103016
02D2-0000-033E-09D4	ritzMo	2018-03-02 10:00:41.612	37847
B9EC-0000-0322-5DD5	lorenaf	2018-03-02 09:55:01.372	7020
054B-0000-0368-2C79	EternalWarpuppy	2018-02-20 15:37:36.414	19572
68BE-0000-0327-6664	littleman0712	2018-02-23 15:20:08.419	23944
BC2C-0000-0323-E616	Luigi-is-King	2018-03-02 10:06:29.435	52965
D0FB-0000-0305-2A38	wata0655	2018-02-23 15:14:23.136	50528
2ED8-0000-034C-A075	CorySnedeker	2018-03-02 10:24:42.676	16075
D05C-0000-0308-222D	AE4WiiU	2018-03-05 22:09:03.539	23866
A55B-0000-033F-71E5	Manusho	2018-02-23 14:49:45.382	38601
EF35-0000-0363-FEAD	GoldAldo	2017-12-18 15:05:09.42	44059
0EA3-0000-0315-AAF2	SIMIZU098765	2017-12-18 15:53:32.116	27820
8F6F-0000-0336-8AAB	takuma1141	2018-03-02 10:24:16.799	28711
1098-0000-0301-7C47	Fatami74	2017-12-18 16:00:45.369	5950
3A48-0000-0300-F8BF	west.lake.base	2018-03-02 10:32:40.735	12160
541D-0000-0359-12A4	r0825y	2017-12-18 15:46:51.835	80885
BF35-0000-0327-82C6	yoshi-daisuki104	2018-02-23 15:19:47.304	15170
4CD9-0000-034F-2B8E	ChrisJunior08	2017-12-18 15:15:26.659	6635
147D-0000-031A-DA7D	JanisStuewe123	2018-03-02 09:52:04.308	42324
89B8-0000-035B-E628	yuuandkazuna	2017-12-18 16:12:48.357	122696
91DE-0000-031E-0A68	Danijel.Solo	2018-03-02 09:48:09.64	35706
E145-0000-0362-B1BA	dellbox2	2017-12-18 15:45:39.059	8791
384A-0000-0349-72D7	IsaacEliseo	2018-03-02 10:23:34.424	5995
8738-0000-0337-BB00	Kylehull2	2017-12-18 16:03:07.648	32535
E0EE-0000-034E-29AC	dryuc5r4pdj4	2018-02-23 14:58:06.009	10348
C4B0-0000-0319-861B	NARAKU1	2018-03-02 10:00:06.316	17108
86E8-0000-0340-AA87	josele79	2018-02-23 14:42:42.916	8045
FF2A-0000-035B-261B	Mario1UPkoopa	2018-02-23 15:03:39.296	8918
5288-0000-035B-0FDD	KAMPANAS23	2018-03-02 10:07:31.21	53897
4CE4-0000-0352-06E9	Stythe87	2018-03-02 10:28:20.126	20193
6BA4-0000-0340-AF96	TheBundo	2018-02-23 14:49:15.847	35226
AA29-0000-0311-BE35	Chrischi09	2018-03-02 10:12:19.468	25659
C499-0000-030E-0B43	LotadPlus	2017-12-18 15:23:55.817	8578
F042-0000-032F-B405	Wizduminator	2017-12-18 15:09:36.741	7165
F616-0000-0304-81CF	tezte1220	2018-02-23 15:06:49.541	7644
36F4-0000-0334-4743	AE4WiiU	2018-03-02 10:16:43.363	15966
ED10-0000-0304-7AB2	joker0818	2018-02-23 15:08:32.393	20531
E223-0000-035A-5D84	mickeletto	2018-02-23 15:03:45.455	3099
E2EF-0000-0342-CFA0	AndrewMarenkovic	2018-03-02 10:06:24.745	7475
AE52-0000-0324-C8A1	alexfontmaestre	2018-03-02 11:06:43.362	14166
A5C8-0000-033D-ED3B	tarte-aux-fraise	2018-02-23 14:51:44.936	12866
252C-0000-032B-6A61	jasco08	2018-02-23 15:15:04.356	3664
18F8-0000-0327-2150	arcathis2008	2018-03-02 11:00:22.482	17500
7C32-0000-0333-7812	Tylano64	2018-02-23 15:20:28.39	1416
F4D0-0000-034B-F678	Masterr84	2018-03-02 10:02:00.293	32515
0D44-0000-033E-975A	Khazey	2018-02-23 14:53:45.11	26968
E3E0-0000-0366-022D	mlgmlp	2018-03-02 10:11:45.641	15175
F71B-0000-0325-DC54	88-234-7	2018-03-02 10:14:07.501	20207
32AE-0000-0331-2B19	MAC87WiiU	2017-12-18 15:02:37.504	24200
13AB-0000-0310-12EA	gurekkuru	2018-03-02 09:48:03.179	15734
4905-0000-030F-317F	hakoking	2017-12-18 14:57:05.703	20598
D2D8-0000-0306-A19B	tkms723	2017-12-18 16:21:01.305	15535
9201-0000-033E-A9B4	SaunoBros	2018-02-23 14:50:40.989	8893
78D3-0000-0343-0648	Greg2Good	2017-12-18 15:03:28.208	40527
F72C-0000-0358-EE21	TobiNL	2018-03-02 10:14:32.379	22536
FF93-0000-0350-D0B7	kento.1330	2017-11-16 16:23:56.893	137850
D9C3-0000-0358-E1A5	EthanPrater3302	2018-03-02 10:08:38.625	17062
AD8B-0000-035F-3FFC	kazuo4	2017-12-18 15:27:30.086	41770
A224-0000-034D-FFDF	Geert123	2018-01-05 12:49:14.793	22640
1F41-0000-0326-1ECF	Kirrick	2018-03-02 09:58:27.786	34467
4548-0000-0310-66AC	Angelt0412	2017-12-18 16:19:06.607	6635
5CFC-0000-0326-282C	tomohito_s-1212	2018-03-02 10:11:57.097	10965
7AD5-0000-0329-00BD	saanti	2018-02-23 15:13:53.006	23359
535A-0000-0359-74A6	WIIMoustique	2018-02-23 15:08:21.816	85344
DD3C-0000-0352-CB46	exbx1980	2018-03-02 10:25:41.584	38618
4469-0000-0347-A335	brianjrmccoy	2018-02-23 14:43:35.092	7595
6338-0000-031F-53E3	0826sou	2018-03-02 09:53:49.073	27962
B9B8-0000-034E-4CD4	Pizza3578	2017-12-18 16:16:03.189	23969
