079D-0000-0351-17E2	Nolram
07CD-0000-030D-EA60	わーお(^_^)
07F7-0000-030F-A51B	れんれん
080E-0000-0307-A394	るるか
082F-0000-0358-A218	るぴちゃん
0830-0000-0353-D322	るいかい
0833-0000-0357-690F	りょうたろう　　　　
085F-0000-0364-6DA1	リョウガ
0861-0000-0353-6FC4	りょーと
0873-0000-033C-96A6	りゅうしん
0880-0000-0341-CA17	りゅうき
08AC-0000-0303-AB1D	りっくん
08AF-0000-030D-BD5F	りくっち
090E-0000-0316-8159	qfgh
091D-0000-035D-58F2	ygfcxc
0927-0000-0348-8478	pñlk
0934-0000-034B-65DE	bvv
093A-0000-0358-2EA9	りーちゅん♪
0967-0000-034B-4970	りーちゃん
097B-0000-032D-69C1	ヨッシー
097D-0000-033E-4E04	よしひろ
0983-0000-0351-C92F	よこはま
0992-0000-032D-600C	ゆめか
0994-0000-0322-B63E	ゆっくん
09AC-0000-034B-982B	ゆずき
09B6-0000-034B-4D15	qasd
09ED-0000-033F-B7E1	ゆうと
0A0C-0000-033D-0714	grtg
0A40-0000-0358-A69E	mk
0A4B-0000-030F-42DB	ゆうご
0A60-0000-0306-DFE1	ゆうき
0A6D-0000-0316-9747	ゆうが
0A6E-0000-032F-44A3	ゆう
0A70-0000-0320-E3EE	ユイガマスター
0A84-0000-0339-EBB1	ゆい
0A98-0000-0355-EE81	やまだ
0A9E-0000-0363-810E	やたろう
0AB3-0000-0339-AAF5	やす
0ABE-0000-0308-7103	もやし
0AC3-0000-033B-57A8	もえもえ
0AE8-0000-035C-5971	めぐにゃ
0B14-0000-036A-19FE	めぐ
0B1B-0000-032E-E6F4	ムササビン
0B56-0000-0357-6303	ミラン
0B61-0000-034A-6186	みゆ
0B64-0000-031C-A3B1	みほしゃん
0B69-0000-0324-4E6A	ミットュー
0B74-0000-0333-F9DE	みっちー
0B7E-0000-0308-73B4	みつ
0BA3-0000-035A-2768	ミーツー
0BBD-0000-0338-74EF	まさのり
0BD1-0000-0339-3024	sdffg
0C12-0000-0351-9EDF	まさし
0C32-0000-0334-EDAD	まさき
0C8F-0000-0338-11C1	まさ
0CCF-0000-030B-6C68	まこりん
0CE8-0000-035D-1CD8	まあたん
0CEE-0000-034C-A811	マーヤ
0D04-0000-0361-914D	まーくん
0D18-0000-0331-2A18	まー
0D1F-0000-035C-611C	ほの
0D48-0000-0363-8CC0	ほづき
0DA8-0000-0368-A724	ボーリングのたま
0DB6-0000-033F-429F	ポーくん
0DCA-0000-0312-AD9B	ヘンリー
0DDC-0000-0319-C3A1	へたくそげーまー
0DF3-0000-032D-6360	ぶん
0E23-0000-0345-3E05	フワッティー
0E83-0000-0330-0ECA	ブロッコリーブロリー
0EC4-0000-035B-91F7	プリシア
0F17-0000-0342-5DD9	ぶちころぶちころあ.
0F1E-0000-0340-2001	プクプク
0F6B-0000-034D-DB6E	ぷくたろう
0FE8-0000-02FF-B716	フォレスト
0FEE-0000-0364-19AC	ぶーたろ
103B-0000-033E-70A4	ぷーいけ
1041-0000-0365-F94D	ひろと
1045-0000-033F-49BA	zk gcxvbg
1050-0000-0331-FABB	2eftr67hy
105C-0000-0338-778E	7ytgvf d
1082-0000-0343-B78A	ひろ
10EF-0000-0341-BCCE	ヒロ
1110-0000-030B-D094	ひまじん
1171-0000-0303-C4D9	ひと
11FE-0000-0316-8BEC	ヒデ
120B-0000-0324-F667	ひで
1242-0000-034F-2953	ひっと
1275-0000-0357-157B	ひっか
127B-0000-033A-0CA5	ビーン
1283-0000-0362-2CB6	はるま
1290-0000-032B-AD32	はると
12B9-0000-0344-156E	はるき
12DB-0000-0317-5E04	165vfdv5
12F5-0000-034A-0706	はるき23
1305-0000-0325-7780	769sdvdf
1305-0000-0357-8E36	はやと
1308-0000-0359-B160	ぱぱnn
1323-0000-033E-8A6F	ぱぱa
1330-0000-0357-08E9	ぱぱ
133B-0000-0301-C0F6	はな
1383-0000-0345-3914	バットボーイ
1388-0000-0324-D798	パール
13B8-0000-0326-4696	なり
13D2-0000-0347-B5F1	ながちゃん
13E8-0000-035C-ACEA	ナガ
13F3-0000-0359-B14C	なおやん
1418-0000-032E-D9CF	ないと
143C-0000-0314-6BD7	ドラ
1441-0000-0344-7E8B	65156sdv
1457-0000-031E-137C	とも
1462-0000-0344-E3EF	とだゆうき¶
14C4-0000-033A-0B30	ときや
14CF-0000-034D-87D5	とおりすがりのオタク
150F-0000-0339-F7A8	とあ
1519-0000-0312-530A	てるぼうず♪
152D-0000-0318-6D01	てった
1535-0000-0343-549A	てすと
154C-0000-0352-F3F0	ちょちょP
154F-0000-033F-B3D6	ちゃんじゅに
1550-0000-0322-81B7	ちやんがら
1560-0000-033A-C5DA	たみお
1582-0000-0351-C698	たつや
15A4-0000-0352-30D9	たっくん
15B9-0000-0361-8E07	たつくん
15BC-0000-0348-7D5F	たこやき
15C0-0000-0339-C346	たくや
1602-0000-0331-C155	たくみ
1614-0000-032A-4AC3	たくと
1620-0000-0369-A95F	タカ2
162B-0000-034A-9031	たか
162C-0000-0301-738D	wefwe23re
165A-0000-0306-E577	Burning★IV
165B-0000-0313-97E8	buggy75
167F-0000-030F-51D9	Bryce
1685-0000-0360-353D	BRUNO
169B-0000-0315-062F	Brock
16B2-0000-030E-3F98	BRO
16C8-0000-033D-846C	Brie
16CB-0000-0346-7EB2	Brice
16F1-0000-0356-368B	Brian
170F-0000-0318-603F	Bri
170F-0000-033C-8A05	Brayer
1714-0000-0348-106D	Branson
173C-0000-0320-D5E9	brandon
177A-0000-0332-B59F	Brandon
1782-0000-02FF-8CB7	brandman
17BB-0000-034A-6988	BrainBoy
17E8-0000-0358-A4CE	brady
17FB-0000-0310-B194	bradley
1818-0000-0334-1684	BR☆Markus¿
181A-0000-033F-45E6	Boone
183E-0000-033A-D6DA	bonne
183F-0000-032B-14A5	BONEdog
1862-0000-034F-F099	BobRby
1878-0000-0364-A9CA	Bobbyr
189B-0000-035D-8475	bob
189D-0000-0360-2CEB	Blue Leffe
18A2-0000-033D-736A	BlacKGes
18B4-0000-0339-5AE1	BlackDraco
18BF-0000-0310-9651	binho
18DA-0000-0348-B159	bigeye
18F5-0000-0364-3963	bigdshaw86
18F7-0000-030E-462B	bigcountry
18FC-0000-0336-401E	biel
1976-0000-0347-5068	Bidouchon
1993-0000-0315-841A	drfcvghbjn567
1999-0000-0335-302D	Bibi
199C-0000-0329-C238	bhnjk
19AD-0000-0354-F2F9	Beth
19E6-0000-032F-6011	bernie
1A1F-0000-0351-CA29	Bernardo
1A28-0000-0305-8885	Benjamin
1A34-0000-031F-B26C	Bengamein
1A54-0000-0363-6671	bebe
1A75-0000-0357-E033	bdog
1A8F-0000-0334-145F	Bako
1A90-0000-0339-BAD5	bady boy
1AA2-0000-033F-A493	Bad Wolf
1AB2-0000-030F-CF76	Bach
1AD4-0000-0314-9476	BabyPanda
1AD9-0000-0346-B1F5	B4N4N4
1AEA-0000-0367-B7FC	austin
1B13-0000-035B-3755	aurelia
1B26-0000-0310-75A5	Atticus
1B3A-0000-035B-044A	Arthur
1B3F-0000-032B-3D49	Arjun
1B73-0000-031A-763E	April
1B7E-0000-0361-8EBD	Any
1B80-0000-030A-7D07	Antman
1BC7-0000-033E-8CD1	Annie
1BD1-0000-033F-B00C	ANGELITO
1C00-0000-0362-499C	Angel
1C05-0000-032E-CF86	7dfvfd5vfd58
1C42-0000-0346-F533	Andy
1C54-0000-030A-7339	Andrés
1C59-0000-034F-1C71	AmlcarTmmy
1C69-0000-035A-0E0E	Amari
1C7B-0000-0353-D47D	Alysse
1C7F-0000-0368-9A27	Alhya
1C82-0000-035C-AEE5	alfonso
1C87-0000-030B-5198	alfieboy10
1C8C-0000-0321-DCA8	alexm
1C8D-0000-0342-E711	Alexandre
1C92-0000-02FF-0A54	alex26
1C95-0000-034D-8212	kkfd
1C96-0000-030E-B45F	 vf fdsv
1C9B-0000-030C-21DA	 df fdfvf
1CAD-0000-0355-9649	qwederfc
1CB2-0000-0345-1FC2	Alex
1CE3-0000-0307-7779	Alessandro
1D14-0000-0357-227B	Alef_B_N
1D7C-0000-0304-3E6F	alansito
1D7E-0000-034A-F747	Alan
1D97-0000-034B-9E08	aitorito
1DE2-0000-034B-CE23	aha ahhaa
1DF9-0000-0338-AC98	Adi
1E33-0000-033B-4CA9	Adeadflyy
1E89-0000-031E-1362	Adam69
1E8D-0000-0348-B91C	ADAM
1EC9-0000-0310-0A63	Aaron
1ED4-0000-035A-BC99	2B
1F1A-0000-0344-7991	2109s
1F26-0000-0323-CDDA	1コメさん
1F51-0000-0327-C09F	$^O^$
1F55-0000-0327-7DEB	♪ホイップ♪
1F5C-0000-0356-5076	♪　Anna ♪
1F8A-0000-0351-53E0	☆ひりな☆
1F99-0000-0359-6BB5	☆こうかい☆
1FA7-0000-0367-F3BC	☆かっぺ☆
1FB4-0000-0339-E34F	☆かずは★
1FD4-0000-030A-5B35	☆Sjors☆
1FF6-0000-0305-782C	★Retired★♪
2016-0000-0343-B059	▲★hollyœ†★
2025-0000-0300-3E55	～~кõñвū~～
2029-0000-0311-1A26	<
2055-0000-035D-8B3F	†Pоиo☆ポノォ†
208F-0000-0327-E5B6	#BFF
2093-0000-0333-AB8D	*LN*
2094-0000-0305-EBF9	【ひでちゃん】®
2097-0000-0331-2A21	【OJS】FUJI
20A6-0000-0331-AF30	【ņöà】
20BD-0000-0305-0BD8	【LS】はるとぅーん
20D0-0000-0351-ED13	「  」
20D1-0000-030F-BD60	。。。。。。。。。。
20D6-0000-033A-02C7	。。。
20F6-0000-0306-BB27	......
2110-0000-0324-D79F	?
211F-0000-0337-8FB0	:D
2134-0000-030D-3057	  Mario!  
2142-0000-032B-A984	　　　　　　　　　お
2169-0000-0327-3678	wefrvg
217C-0000-0308-E7C4	8
217D-0000-0332-318D	★Retired★♪
217D-0000-0351-4EC8	▲★hollyœ†★
218D-0000-033E-8A94	～~кõñвū~～
21A3-0000-0365-88A8	<
21BC-0000-0331-1B6A	†Pоиo☆ポノォ†
21C7-0000-0315-0DA9	#BFF
220F-0000-0317-BB3B	*LN*
2230-0000-0359-C751	【ひでちゃん】®
2239-0000-033C-3C55	【OJS】FUJI
223D-0000-034A-C620	【ņöà】
2242-0000-0343-C4B7	【LS】はるとぅーん
224B-0000-0324-9FBB	「  」
2258-0000-0301-0B14	。。。。。。。。。。
225D-0000-036B-4C2D	gameryoshi
229E-0000-031C-CB52	Gabriel
22BF-0000-030A-85C0	Gabriel85632
22EC-0000-0359-C339	gabriel
22F3-0000-036E-11DA	Frank
233E-0000-030C-2F19	francisco
2369-0000-0320-E8B8	Flemming
2389-0000-0329-81E4	first
2397-0000-034F-A427	Firebolt
23A5-0000-0301-0B1B	Finni
23AA-0000-034C-7255	finialfie
23AC-0000-0333-9A2C	filippo
23B1-0000-0340-26A2	Feschwuddl
23C4-0000-0342-D9B2	ferni
2402-0000-0315-B733	fernando
2441-0000-0361-8E86	Felipe
244C-0000-035D-0F1E	fazerlazer
2454-0000-0347-C679	Favrel
245C-0000-032D-4A05	FAFA
247B-0000-0337-8009	Fabs
247B-0000-0360-6DF8	Evil tubby
2499-0000-0345-BC80	Evan Fedex
24A1-0000-0305-6948	evan8632
24D0-0000-0366-1BA8	evan
24F5-0000-035E-8095	Ethunboo
2508-0000-0324-F527	ethan
2523-0000-0360-15F1	Ethan
2526-0000-0313-1125	esequiel
2540-0000-0311-37B1	Enzo
2583-0000-030D-7C0A	Entei
258A-0000-0322-6D7D	emmanuel
258B-0000-0327-E604	Emmalee~
2590-0000-0362-AD89	Emerson
25BC-0000-0313-FD98	eliott
25CB-0000-0330-1EEA	Elijah
25E1-0000-030C-25D4	elias
2605-0000-035B-7411	Eli4521
261C-0000-0353-1142	eli
261E-0000-0349-8280	eli5421
2627-0000-031F-AA97	Eli
262C-0000-033A-D2BA	elfballer
2655-0000-033E-64D9	Edward
2665-0000-0359-C649	Eduardo
2672-0000-035B-003A	edd
2685-0000-034C-0F0F	eAzy
2699-0000-0305-12E2	Earle
26B3-0000-0326-96DC	Eagle
26B6-0000-0319-B2AA	DYLAN
26D8-0000-0331-21CB	dylan
26D9-0000-032F-CC60	Drew
2718-0000-0330-CD13	Drew5467
272B-0000-030C-7C11	Dr. D-Pad
276C-0000-035B-3587	Double A
2798-0000-035A-4545	dormidente
27A5-0000-033A-B03E	Dorian
27B1-0000-0342-2041	Dominic
27C2-0000-035C-E5DB	Domingo
282F-0000-031E-C567	DocKwyjibo
283A-0000-0320-6258	DizzyIzzy★
2879-0000-0334-AC1E	Disgusting
2884-0000-0311-BC97	Dio Brando
2887-0000-0347-5311	Dii
2890-0000-032C-D344	s ddfb kjui
289F-0000-0328-FE29	Diego
28C5-0000-036B-B87C	wad hyhilñ
28C8-0000-035D-8CCD	edcmyjil.
28CA-0000-0338-D798	qaztgbynj
28CC-0000-035D-FD92	diegales
28D0-0000-0328-43EF	Diddy
28E1-0000-0363-FAD1	Devin
28E2-0000-0339-BCC2	DEVEL+ΩΨΩΨ
28F9-0000-0365-B49F	Dejvan
292A-0000-0352-1626	Deity
297A-0000-0357-7B07	Davios
2991-0000-032C-93B1	DaviLuiz
29A2-0000-035A-1CA8	dave
29A6-0000-0368-4CE1	jdfjkdf2fdjkjkd309rgfswewe
2A0E-0000-0321-2F41	Dashboard
2A13-0000-0310-6CCF	Dash1138
2A2C-0000-0363-B6A2	Dash
2A44-0000-035A-A50A	DarthVader
2A4F-0000-0302-7F7E	DarkJake13
2A74-0000-0314-163E	Darhkwing
2A93-0000-0314-710D	Dantay
2AA8-0000-0333-FC02	DANNY
2AF3-0000-0342-7E8E	danny
2B00-0000-033A-0EFC	Daniel6
2B16-0000-0357-98D3	daniel
2B43-0000-0351-E2BE	Dani
2B4C-0000-0307-BB57	daddy
2B55-0000-0306-810D	dad
2B57-0000-0308-38F8	Dad
2B65-0000-02FF-BC1E	nhgf9904945ruivjgfnvjf
2B76-0000-031F-9DD0	Daak_lp
2B80-0000-0330-719A	cuco
2BAA-0000-0336-4771	Csillag
2BD0-0000-0324-ED09	crystal
2BD1-0000-0316-B12B	cristiano
2BDA-0000-0300-267A	Crispy
2BEB-0000-034B-4520	Cpt.Fluffy
2BFB-0000-0306-95D2	connor
2C14-0000-0311-99E5	Cole
2C18-0000-030D-86B0	CLONE
2C1D-0000-0358-B38D	Claude
2C24-0000-034A-D2F1	Claire :)
2C2C-0000-0335-D87A	Chris5445
2C6A-0000-033E-62F5	chris
2C6F-0000-0356-F862	Chris54545
2C80-0000-0302-B127	chino2
2C8D-0000-0324-23CB	Chine
2C93-0000-032F-447F	chilywilly
2C9A-0000-0328-FFDF	chiche
2C9E-0000-030E-E5E3	chi chi
2CC7-0000-0335-D401	Chase
2CC9-0000-0334-541B	Charizard
2CCD-0000-032D-1CD0	Charger
2CD7-0000-035D-8C4D	Chara
2CDF-0000-032E-3616	channing
2CDF-0000-0356-E1CE	chance
2CFA-0000-0343-DC34	Champi
2D07-0000-0365-F9B2	carlos
2D15-0000-0349-81D9	carjdfnvuifdn
2D33-0000-0308-F41D	Carlos
2D4B-0000-0324-4566	callum
2D8E-0000-030D-FE0B	calib9009
2D96-0000-0339-E698	caio
2DBF-0000-0301-EB09	Cain
2DC5-0000-0329-1C9C	c0ld
2DD8-0000-0331-76AC	C.Grimcraf
2DDB-0000-0305-61C6	Burning★IV
2E05-0000-0359-5962	buggy75
2E07-0000-0309-0E91	Bryce
2E07-0000-034B-D53A	BRUNO
2E26-0000-0321-C1F0	Brock
2E6C-0000-035B-7941	BRO
2EBB-0000-0311-B534	Brie
2EDA-0000-0311-059B	Brice
2EE8-0000-0352-1756	Brian
2EE9-0000-0302-C32B	Bri
2F00-0000-0309-B786	Brayer
2F14-0000-0323-7FC4	Branson
2F1F-0000-0316-1A21	brandon
2F3B-0000-034A-71EC	Brandon
2F41-0000-0361-6D32	brandman
2F7C-0000-0336-EA62	BrainBoy
2F8F-0000-0348-0690	brady
2F91-0000-0347-408C	bradley
2F9A-0000-0346-D854	BR☆Markus¿
2FF2-0000-034B-AA46	Boone
3038-0000-0341-69E4	bonne
307F-0000-0349-688C	BONEdog
3089-0000-0357-71E7	BobRby
308A-0000-033D-6101	Bobbyr
30C0-0000-0365-1A75	bob
30C6-0000-0312-529D	Blue Leffe
30E1-0000-0339-E259	BlacKGes
30E1-0000-035B-EA6A	BlackDraco
3137-0000-0330-25B5	binho
316E-0000-0343-7E62	bigeye
3174-0000-033E-A428	bigdshaw86
318C-0000-0300-1CBD	bigcountry
318F-0000-0331-B702	biel
3195-0000-0342-2007	Bidouchon
31B2-0000-032D-53E5	drfcvghbjn567
31E1-0000-0308-F0B3	Bibi
3277-0000-0338-C138	bhnjk
3278-0000-0327-AFCF	Beth
327B-0000-032E-205E	bernie
32B4-0000-034D-0D63	Bernardo
32F3-0000-032D-9E06	Benjamin
32F8-0000-034C-FBEE	Bengamein
32FB-0000-0312-558F	bebe
335B-0000-033E-0633	bdog
3365-0000-032D-5C03	Bako
3380-0000-035A-1CAC	bady boy
3386-0000-0356-FC3E	Bad Wolf
33B3-0000-0308-A8A8	Bach
3444-0000-0367-61FE	BabyPanda
3447-0000-0345-1A59	B4N4N4
344C-0000-031B-E2D1	austin
344C-0000-032A-2BF6	aurelia
345E-0000-0327-1EF4	Atticus
3461-0000-0347-94B4	Arthur
3467-0000-0326-DB6C	Arjun
34A1-0000-0328-8CBB	April
34ED-0000-0323-33C2	Any
3506-0000-0336-EDB5	Antman
3510-0000-0347-949D	Annie
353F-0000-0311-2646	ANGELITO
3541-0000-0351-E48A	Angel
3576-0000-032C-DE8B	7dfvfd5vfd58
357C-0000-0321-A85A	Andy
35BE-0000-030A-8A95	Andrés
35C2-0000-0335-B715	AmlcarTmmy
35F1-0000-0332-22DB	Amari
35F9-0000-033A-D0F1	Alysse
35FE-0000-0323-E15C	Alhya
35FE-0000-0359-117B	alfonso
3608-0000-0320-19DD	alfieboy10
3612-0000-035A-B59B	alexm
3638-0000-0331-7376	Alexandre
366C-0000-0341-A234	alex26
3671-0000-0338-4176	kkfd
3672-0000-033F-0CD5	 vf fdsv
3695-0000-0338-6A8F	 df fdfvf
3697-0000-0360-B509	qwederfc
36AB-0000-034D-7F08	Alex
36BB-0000-0343-1064	Alessandro
36CE-0000-0327-C964	Alef_B_N
36F6-0000-0331-20C5	alansito
3700-0000-0331-7641	Alan
370A-0000-0345-106A	aitorito
3716-0000-0325-77E0	aha ahhaa
3732-0000-0307-FC94	Adi
3733-0000-0347-4DB3	Adeadflyy
374A-0000-0312-4816	Adam69
374D-0000-0308-18F0	ADAM
3762-0000-0336-51A7	Aaron
3778-0000-0311-E5D0	2B
377D-0000-0337-1B80	2109s
378A-0000-0332-04B0	1コメさん
37B3-0000-0368-D5A8	$^O^$
3818-0000-0357-FE59	♪ホイップ♪
381A-0000-035F-5308	♪　Anna ♪
3877-0000-0344-8722	☆ひりな☆
388C-0000-032F-5075	☆こうかい☆
38AE-0000-036A-295D	☆かっぺ☆
38D5-0000-035F-5B96	☆かずは★
38F8-0000-0347-55DE	☆Sjors☆
390A-0000-0316-7976	★Retired★♪
390C-0000-0334-8F0A	▲★hollyœ†★
391D-0000-0345-2811	～~кõñвū~～
3944-0000-0302-97FD	<
3971-0000-035E-505E	†Pоиo☆ポノォ†
3973-0000-0310-6CDB	#BFF
3990-0000-0335-A0EC	*LN*
399D-0000-0321-4204	【ひでちゃん】®
39D3-0000-033A-D5DC	【OJS】FUJI
39E2-0000-0358-C138	【ņöà】
3A35-0000-032E-D98F	★Retired★♪
3A3F-0000-034E-46B3	☆こうかい☆
3A5F-0000-032E-2407	☆かっぺ☆
3A6D-0000-0354-F24F	☆かずは★
3AD2-0000-031B-0B3C	☆Sjors☆
3AEB-0000-0302-ACC3	★Retired★♪
3AF9-0000-035B-7BE0	▲★hollyœ†★
3AFB-0000-0310-2F9B	～~кõñвū~～
3B15-0000-0349-1557	<
3B46-0000-032F-4D82	†Pоиo☆ポノォ†
3B5E-0000-0353-0D11	#BFF
3B65-0000-032F-C126	*LN*
3B67-0000-035A-77ED	【ひでちゃん】®
3B90-0000-0342-1F9B	【OJS】FUJI
3B96-0000-033B-6297	【ņöà】
3B9F-0000-032E-8C94	★Retired★♪
3BAA-0000-0361-8689	nathan
3BB3-0000-030C-7F3D	Nate
3BBB-0000-0358-4A84	nano
3BC6-0000-035E-4998	Nahil
3BD7-0000-0365-0A2A	NAddict00
3C0E-0000-0349-2D62	muranari
3C0E-0000-034B-714E	Muireall
3C3E-0000-034C-90CC	Muffy
3C45-0000-0366-A466	MrsShefski
3C56-0000-030A-603A	mrjqwwwuuu
3C63-0000-0312-7B45	mr.awesome
3C6C-0000-0322-81AF	Mr. Caboor
3C85-0000-031E-AE5E	Mr-Cabral
3C95-0000-034C-82C3	mr poops
3CC1-0000-036A-7F75	Mommy
3CD0-0000-035C-B2F2	Mom
3CEF-0000-035B-76D6	mjkk
3CFB-0000-0349-0495	miralexis
3D06-0000-036B-E2CE	Mirage
3D24-0000-0342-1BFB	min∞Shina
3D31-0000-030C-24E0	Mim
3D41-0000-0339-C69E	MIKE
3D46-0000-030A-9D8D	Mike
3D67-0000-0336-E8EF	Mikal
3D6E-0000-0327-8231	Miguel
3D86-0000-0355-D81B	MichiMorde
3D9B-0000-0342-505D	michaels.
3DCB-0000-032E-CEA5	Michael
3E20-0000-0362-1965	messi
3E3A-0000-033D-01CD	Men 123
3E3D-0000-0356-538A	Men 10
3E8F-0000-0344-DF78	Mel
3E9C-0000-035B-A680	MCW UK
3EB6-0000-0333-3F1E	MaXXXi
3EDB-0000-0341-EED9	Maxime
3EDF-0000-0368-23C6	maxím
3F15-0000-0306-D6C0	Max
3F1F-0000-0348-B811	Matthew
3F26-0000-032D-27A5	matthew
3F55-0000-0301-0B23	Mattew
3F63-0000-031C-95EF	MATSURI★
3F9F-0000-0349-9376	math
3FC5-0000-0362-0118	mat
3FD6-0000-035F-B8E1	mason
3FFC-0000-0318-9DD9	Mario
4003-0000-033D-0442	marek
4018-0000-0332-F4E3	marcel ps
401F-0000-0335-22EA	mar
4023-0000-033F-55B5	manhead
403C-0000-0339-7A34	Manaka
4043-0000-0344-575F	MANA
4044-0000-035F-F6EF	MaMan
4064-0000-0347-BE6A	malek
4072-0000-0310-F45B	Makerpro
407C-0000-0342-640B	Majestra:)
4089-0000-034D-84FD	MAI
4092-0000-0334-07BB	mac
4096-0000-0302-AD57	Mac
40A9-0000-0338-6D9C	maboiweelz
40B9-0000-035A-3499	maa
40C0-0000-035F-15E8	Lulu
40D5-0000-0354-E82D	LukeTerver
40DD-0000-034D-1809	LukeSegn
40E9-0000-031A-9F9D	luke
40F6-0000-0346-477B	Luke
410B-0000-0339-715D	21ctryt565
417D-0000-0367-9142	lukas
41B1-0000-0369-9D39	LuisE242
41B4-0000-032F-5C4E	LUIS ANGEL
41C5-0000-035D-E170	Luis
4206-0000-0307-6912	luis
4218-0000-0328-965D	Luigi
4240-0000-035A-4951	Luciano
4272-0000-033E-668D	luciano
4278-0000-0345-B7E7	lucas2006
428D-0000-0337-4101	lucas
4293-0000-0328-F82D	Lucas
42CA-0000-0354-E74E	213sdf8invgreer
42D1-0000-034F-DE22	Luca
42D8-0000-0319-91EA	ls1
4309-0000-030D-E4AC	Louna
4320-0000-0354-9624	louk viac
4330-0000-0360-2322	lordganon
4352-0000-0331-410E	lokman
436F-0000-033C-E9B2	lokendero
4370-0000-0351-6EDE	Logan
4375-0000-0305-0BFE	lizerd leg
4392-0000-030A-8CF8	Liverwurst
43A6-0000-033C-A919	Lionel
43C3-0000-0331-FDDD	LINK
43CD-0000-035C-6C53	Lingpling
43FC-0000-032C-914A	Lily
4416-0000-034C-329A	Lilli Boo
442A-0000-0346-9740	LILI
4439-0000-0369-27A3	Lil Jay
447B-0000-033A-BF95	Liberated
447C-0000-0364-9FDB	Liam
44D1-0000-0310-41D1	levi
44DD-0000-0363-9091	leuk
44E2-0000-0358-BB1F	LEOTS DIOS
44E5-0000-034C-9F21	Lele
44F5-0000-033D-46BC	Le-le
44FB-0000-0338-7236	Le
44FB-0000-0347-360D	laurigula
4506-0000-035A-B4B1	Laurianne
4508-0000-0306-142D	Lasercorn
450A-0000-0308-95C5	Larina★fs
453F-0000-035D-1977	Lantis
45CF-0000-0323-E47D	Landen
45E1-0000-0306-9A40	lalank
4650-0000-034A-803A	Lady Mara
4665-0000-033E-849E	L
4689-0000-034F-2537	kyran
469A-0000-0348-BAB1	kyo kun
46D0-0000-030A-037F	Kyle792
46D8-0000-035D-3F5A	Kyara
46E7-0000-0332-02E6	kurotora
46EA-0000-035A-0D7F	KURI♪くり!！！
46F4-0000-0333-17CF	Kurayami
46FD-0000-0307-70F7	kristelle
472C-0000-0367-EE37	Kris
4746-0000-034D-25A4	Kotatsu
4763-0000-0313-4524	Kosten
4779-0000-0331-3D12	Konata
4788-0000-0362-B5EC	kingmark
4797-0000-033C-B01B	King Rafa
47B3-0000-02FF-9405	Kinder
47B7-0000-0360-2F8C	kimbob
47D5-0000-032F-9E63	Kevin
47D8-0000-0304-4063	Kelly
47EF-0000-0344-8F56	Keenan
47EF-0000-0368-14B2	kdogg
4823-0000-0337-C9FD	Katz
4836-0000-0363-CD09	Kastrup
4862-0000-0361-8C64	KAR3N
4863-0000-0356-5734	kami
486A-0000-0302-B795	kam
487F-0000-0360-9DDA	Kakashi#BR
48B1-0000-030A-BF97	Kaiyote87
48CB-0000-035B-7CBE	K0U
48D5-0000-0351-C886	k4567
48FF-0000-0314-8543	k
498D-0000-030F-C990	junior
49C6-0000-0358-4338	Jump
49D4-0000-0365-E272	JulioMegax
49EA-0000-0324-964F	juli
49F0-0000-0331-AB21	JuanR
4A00-0000-0307-B39A	Juanki
4A01-0000-0308-A0E1	juan jose
4A3D-0000-031A-438C	Juan
4A42-0000-0357-98A7	juan
4A4A-0000-032B-9F48	jt
4A63-0000-0305-0572	jrx15
4A65-0000-0361-FD36	jroc
4A7C-0000-031C-5E69	jp
4A85-0000-0343-B49B	JP
4ADA-0000-0305-7F67	joshington
4B20-0000-0301-6341	joseph
4B2F-0000-0331-388B	JoseEmilio
4B4A-0000-035B-F027	Joran
4B80-0000-032E-3E43	jonty
4B85-0000-0341-6DF8	Jonathan
4B9C-0000-033E-A21D	Jonas
4BBE-0000-0309-BBD5	s56vddfdf56dfv5656
4BDE-0000-02FF-8749	jollybear
4BFE-0000-0344-61F6	Jojo
4C03-0000-033A-40FF	JohnnyZ
4CCE-0000-0352-FBDF	Johnny
4CD2-0000-0335-AADD	JOHN-john
4CDC-0000-0342-4DF1	john
4D0D-0000-0359-AE75	Johan
4D12-0000-0333-B9B0	jogo-jogos
4D44-0000-0344-8469	Joey
4D4A-0000-0349-94D6	joe
4D4D-0000-0305-6C48	q23gtyi78
4D5D-0000-0332-42B2	joao
4D87-0000-033C-A721	jjjj
4D89-0000-0311-FD05	Jipvh
4D8E-0000-031E-F0B3	4rer4w5b
5B33-0000-0328-6B1B	3g45jyyhnyu
4D91-0000-0310-9126	jimmy
4D94-0000-0301-CBBE	Jesus
4DA3-0000-0363-CCDB	jessica
4DB2-0000-0319-1DCC	Jesse
4DE1-0000-0305-D87C	Jerikob
4DF4-0000-0363-00CB	jeo
4DF7-0000-035D-BC13	Jenn
4E00-0000-034E-64F5	jeanbatman
4E35-0000-031A-6DD1	Javier
4E37-0000-0336-231B	Jason
4E3B-0000-0353-1276	Jameson
4E46-0000-035C-C175	James 
4E90-0000-0345-424A	James
4EA8-0000-030F-B74B	Jade
4ED1-0000-0337-BEB2	jacobis
4F06-0000-031C-76FA	jacob
4F4B-0000-0339-5AFE	Jacob
4F6C-0000-0339-F444	jack
4F6C-0000-0344-E23A	jack5678
4F89-0000-0336-D536	Jack
4F99-0000-033F-AE1D	Ivan
4FA8-0000-0348-ADF6	It
5013-0000-0337-A91A	Isaque
5022-0000-0328-8BE5	Isaac♪
502A-0000-0360-193F	Isaac
503D-0000-035D-FA92	Isa
504B-0000-0350-28C7	inocandy
5054-0000-0357-9CF9	inklink
5062-0000-0339-B9EA	Ilyâs
5069-0000-0303-A6A3	iker
5073-0000-0337-CD40	iiwii
5090-0000-0313-3A19	Ihaadev
50AC-0000-0355-63DE	Igor
50C1-0000-0338-6495	Icy
50C4-0000-0342-FD70	Ian
50D3-0000-0305-E666	hyperflame
50EF-0000-0320-E562	Hunter
5109-0000-0368-1DB9	homosapion
511B-0000-0334-14A3	HipFan
5136-0000-0351-CE92	hihi
5152-0000-034C-A86C	Hevchki
5168-0000-030C-951E	Henza
5193-0000-034C-32F4	Henrique
519D-0000-031D-83D3	Hellen
51A1-0000-033B-B658	Hela,Dゼノ
51A3-0000-035E-8D63	Heitor
51C3-0000-032A-F7DD	heini
51C3-0000-0350-E2AE	HECTOR
51C5-0000-0312-9A42	hayden
51CD-0000-030A-DA69	Hatch
51E0-0000-0324-F5E9	Hasan
51FF-0000-0330-A2B0	harunigiri
5200-0000-030D-F145	Harry
5211-0000-0337-8FC4	harri
5226-0000-0330-0400	harbor
5253-0000-0309-DFC0	Hannah
5257-0000-0308-9962	Handy
526F-0000-035F-8924	hammy
5282-0000-0346-AEBC	Ham
5284-0000-033F-3211	hail
5285-0000-035B-7AF3	Gweneriste
5289-0000-0363-9A11	Guycito
52AC-0000-0309-DD4D	Guto
52AE-0000-0338-36E3	wqxdihjvhovrdh gf
52AF-0000-034A-8634	gustavo
52D4-0000-0359-AAD3	Guille
52DC-0000-034C-CD3E	guilherme
531C-0000-0347-5BB0	Greig
5344-0000-036C-1E90	GreedyDevl
5345-0000-0320-8397	gredo
5363-0000-035F-735B	Gravejigga
5378-0000-034D-15E4	Grant
5379-0000-0310-126C	gouveia
53BF-0000-034E-AB6C	Gonra6333
53C9-0000-030A-D7A2	Goat
53CE-0000-0317-6C3F	GLƒ★Start♪
53F1-0000-0359-B0A9	Gigi Cravo
53F6-0000-0365-A4BB	Gessualdo
53F7-0000-0351-C881	GEORGE
541C-0000-0344-0CB1	Gene
542A-0000-0337-5890	GE☆Leo
548D-0000-0349-F6C6	Gavin
549D-0000-032F-44AC	Gavin741
54BE-0000-0347-BA8A	gameryoshi
54EE-0000-0301-12A1	Gabriel
552A-0000-0335-65F6	Gabriel85632
5544-0000-0308-27FF	gabriel
5544-0000-0315-A8B3	Frank
55C4-0000-0352-1F6A	francisco
55D1-0000-0362-3B27	Flemming
55D2-0000-0367-BFA4	first
55F9-0000-035B-2655	Firebolt
55FB-0000-032E-9E6C	Finni
5625-0000-0361-64FE	finialfie
5657-0000-032C-5B04	Claire :)
565C-0000-0303-7A5E	Chris5445
5684-0000-034D-E0CA	chris
5694-0000-034A-6D19	Chris54545
56B5-0000-0342-CB17	chino2
56BC-0000-0338-B657	Chine
5718-0000-0354-9A38	chilywilly
5728-0000-034C-F039	chiche
5736-0000-031F-AD25	chi chi
573A-0000-0368-2862	Chase
573B-0000-0314-1AE0	Charizard
5747-0000-0343-632A	Charger
575A-0000-0352-1AE9	Chara
5770-0000-0300-3FD9	channing
57AB-0000-0333-AA7C	chance
57AD-0000-031D-98FA	Champi
57D1-0000-0331-845A	carlos
57DD-0000-0346-F120	carjdfnvuifdn
5816-0000-033C-4857	Carlos
582A-0000-0323-2E3F	callum
587E-0000-0304-1F88	calib9009
5891-0000-0320-87E0	caio
58BB-0000-033A-75D5	Cain
5918-0000-0357-0A44	c0ld
5925-0000-031F-6866	C.Grimcraf
5928-0000-0320-CE9E	Burning★IV
594F-0000-02FF-0C9D	buggy75
5977-0000-0346-EF70	Bryce
599B-0000-0329-EFD4	BRUNO
59A4-0000-0308-3135	Brock
59D4-0000-033A-CED0	BRO
59F9-0000-0341-CFC9	Brie
5A02-0000-035E-CC67	Brice
5A1A-0000-032A-3309	Brian
5A1E-0000-031F-57EE	Bri
5A26-0000-0365-367E	Brayer
5A2B-0000-033B-9B65	Branson
5A44-0000-0348-249C	brandon
5A65-0000-0362-FE83	Brandon
5A76-0000-033C-CE20	brandman
5AA7-0000-0360-F80C	BrainBoy
5AB0-0000-02FF-CBE3	brady
5AB1-0000-0368-42D3	bradley
5ABA-0000-0311-E395	BR☆Markus¿
5AE0-0000-0333-9A6B	Boone
5B0D-0000-0324-48B8	bonne
5B87-0000-0350-E5AE	BONEdog
5B94-0000-031F-A025	BobRby
5BC2-0000-031A-7931	Bobbyr
5BC6-0000-0327-B911	bob
5BD9-0000-034E-69A9	Blue Leffe
5BE3-0000-033B-FF80	BlacKGes
5C17-0000-033C-B127	BlackDraco
5C36-0000-0344-D6F0	binho
5C5A-0000-030E-0B27	bigeye
5C5D-0000-0308-9B5F	bigdshaw86
5C6F-0000-032E-522C	bigcountry
5C8F-0000-0314-F4E2	biel
5C9F-0000-0347-3C15	Bidouchon
5CD6-0000-0327-C891	drfcvghbjn567
5CDB-0000-0362-5242	Bibi
5CE4-0000-0366-57ED	bhnjk
5CE7-0000-0359-511F	Beth
5CFC-0000-033A-D5C5	bernie
5D08-0000-031C-F5A3	Bernardo
5D0C-0000-0306-E015	Benjamin
5D12-0000-0322-AAEE	Bengamein
5D3B-0000-0352-8D38	bebe
5D75-0000-033F-4BA0	bdog
5D90-0000-032D-A57F	Bako
5DA8-0000-0311-2790	bady boy
5DBA-0000-0331-1E43	Bad Wolf
5DDE-0000-0332-A7A2	Bach
5DF5-0000-0351-690A	BabyPanda
5E01-0000-0366-5BC4	B4N4N4
5E05-0000-0320-7E08	austin
5E06-0000-0347-458B	aurelia
5E14-0000-0339-FD46	Atticus
5E1A-0000-02FF-9421	Arthur
5E30-0000-0338-753A	Arjun
5E44-0000-035A-7D20	April
5E48-0000-031B-B54D	Any
5E4A-0000-0339-4BD8	Antman
5E55-0000-0362-9A0E	Annie
5E65-0000-0341-B404	ANGELITO
5E6E-0000-0357-EB9A	Angel
5E7C-0000-032F-88C7	7dfvfd5vfd58
5EA0-0000-0300-2670	Andy
5EBE-0000-0309-B108	Andrés
5EBF-0000-0306-BEC9	AmlcarTmmy
5ED1-0000-030D-D731	Amari
5EDA-0000-0356-40FC	Alysse
5EE1-0000-0356-F901	Alhya
5F01-0000-0301-21F9	alfonso
5F02-0000-0362-EDE6	alfieboy10
5F1A-0000-032D-4758	alexm
5F35-0000-0365-C1F4	Alexandre
5F5D-0000-0338-E65F	alex26
5F76-0000-031E-0839	kkfd
5F8F-0000-0346-DDB8	 vf fdsv
5FA5-0000-0341-B904	 df fdfvf
5FB1-0000-034C-80D8	qwederfc
5FDB-0000-035B-CA3B	Alex
5FF8-0000-0334-EB4B	Alessandro
5FFE-0000-031A-4A0D	Alef_B_N
6007-0000-035B-0E02	alansito
600A-0000-032B-1ECF	Alan
600C-0000-0305-1666	aitorito
601F-0000-0358-9FE3	aha ahhaa
602E-0000-0364-576B	Adi
6036-0000-0315-A374	Adeadflyy
604F-0000-030E-D976	Adam69
6069-0000-0312-C3AF	ADAM
6077-0000-031E-DE35	Aaron
6078-0000-0364-B643	2B
609D-0000-0314-142B	2109s
60BC-0000-034E-6F94	1コメさん
60BF-0000-0346-AD60	$^O^$
60FC-0000-0348-0EFD	♪ホイップ♪
60FF-0000-0344-B8B0	♪　Anna ♪
6120-0000-0314-8902	☆ひりな☆
613F-0000-0323-1F74	☆こうかい☆
6148-0000-0331-82DF	☆かっぺ☆
6168-0000-032D-65B3	☆かずは★
616B-0000-0328-6756	☆Sjors☆
6189-0000-034C-1485	★Retired★♪
6196-0000-0319-B285	▲★hollyœ†★
619C-0000-0358-94FA	～~кõñвū~～
61AA-0000-0362-A510	<
61B2-0000-0313-36CD	†Pоиo☆ポノォ†
61FD-0000-030E-23FE	#BFF
6229-0000-030B-7B53	*LN*
6241-0000-032D-4C54	【ひでちゃん】®
6246-0000-0342-1C98	【OJS】FUJI
6263-0000-0366-19FD	1コメさん
626F-0000-0336-2594	$^O^$
6276-0000-0301-2356	♪ホイップ♪
6276-0000-0320-078C	♪　Anna ♪
62BB-0000-0305-7C29	☆ひりな☆
630F-0000-0354-A4D4	☆こうかい☆
631A-0000-0360-E9D2	☆かっぺ☆
6337-0000-035B-3F64	☆かずは★
634F-0000-035A-DA48	☆Sjors☆
635D-0000-030B-CEC4	★Retired★♪
637E-0000-0350-97E5	▲★hollyœ†★
637F-0000-0336-40C9	～~кõñвū~～
63A2-0000-032F-17AC	1コメさん
63BD-0000-0361-BB5A	$^O^$
63D0-0000-0308-713F	♪ホイップ♪
63DD-0000-0323-00F4	♪　Anna ♪
63DD-0000-033A-D985	☆ひりな☆
63E3-0000-0359-6D2D	☆こうかい☆
6428-0000-0363-B6F9	☆かっぺ☆
6459-0000-0335-C743	☆かずは★
6466-0000-033E-5A90	☆Sjors☆
64C8-0000-0319-07C0	★Retired★♪
650A-0000-032C-9D52	▲★hollyœ†★
6540-0000-033D-2B7A	～~кõñвū~～
654A-0000-0309-5C69	<
654E-0000-0366-6417	☆かっぺ☆
6562-0000-0334-A30B	☆かずは★
65F5-0000-0331-EAC4	☆Sjors☆
65F9-0000-035B-4843	★Retired★♪
6623-0000-0329-6ABF	 df fdfvf
6647-0000-032F-47DB	qwederfc
6684-0000-033D-AB0F	Alex
668E-0000-0360-41C6	Alessandro
6694-0000-02FE-F030	Alef_B_N
66A0-0000-031D-80FE	alansito
66DE-0000-034F-B720	Alan
6709-0000-0331-EF50	aitorito
6718-0000-0330-9C39	aha ahhaa
6720-0000-032B-6A69	Adi
6731-0000-0307-B144	Adeadflyy
6754-0000-0312-739D	Adam69
6764-0000-0322-773C	ADAM
6765-0000-035D-8A34	Aaron
6782-0000-0334-AAB3	2B
6782-0000-035A-47BE	2109s
678E-0000-0308-083B	1コメさん
67A2-0000-0321-B0A5	$^O^$
67AC-0000-0350-42F1	 df fdfvf
67BA-0000-034C-2B34	qwederfc
67F2-0000-0332-94CE	Alex
684C-0000-0301-E7C4	Alessandro
685D-0000-033E-0733	Alef_B_N
68A4-0000-030C-99CF	alansito
68D0-0000-0311-E6D6	Alan
68D1-0000-0309-4BF7	aitorito
68D1-0000-030B-5725	aha ahhaa
68D8-0000-034E-6D04	Adi
6913-0000-0357-5B1A	Adeadflyy
6932-0000-0356-FCB2	Adam69
6940-0000-0336-F35A	ADAM
6961-0000-0349-7008	Aaron
6964-0000-0335-BBAE	2B
6966-0000-0303-1556	2109s
6980-0000-0315-1C5C	1コメさん
6982-0000-0348-2FD7	$^O^$
69B8-0000-033B-926A	♪ホイップ♪
69BE-0000-0361-F2AE	♪　Anna ♪
69FA-0000-0324-9615	☆ひりな☆
6A05-0000-0349-0B82	☆こうかい☆
6A26-0000-0305-042F	☆かっぺ☆
