Liverwurst	079D-0000-0351-17E2	F68A-0000-0337-AF4F
Lionel	07CD-0000-030D-EA60	9669-0000-0330-554C
LINK	07F7-0000-030F-A51B	0D1D-0000-0355-DA7A
Lingpling	080E-0000-0307-A394	18E3-0000-032A-27AB
Lily	082F-0000-0358-A218	2C55-0000-0300-854A
Lilli Boo	0830-0000-0353-D322	9CB1-0000-0353-55BE
LILI	0833-0000-0357-690F	F0E4-0000-0349-F6FA
Lil Jay	085F-0000-0364-6DA1	FD33-0000-0346-CC5A
Liberated	0861-0000-0353-6FC4	0D90-0000-0333-9427
Liam	0873-0000-033C-96A6	56A7-0000-0306-A62A
levi	0880-0000-0341-CA17	070F-0000-030C-C604
leuk	08AC-0000-0303-AB1D	169F-0000-034C-E0E4
LEOTS DIOS	08AF-0000-030D-BD5F	CF02-0000-030E-873B
Lele	090E-0000-0316-8159	4B3C-0000-0334-0380
Le-le	091D-0000-035D-58F2	6B50-0000-033D-4140
Le	0927-0000-0348-8478	2E1A-0000-0355-06D7
laurigula	0934-0000-034B-65DE	066F-0000-0306-8C9A
Laurianne	093A-0000-0358-2EA9	4A21-0000-0324-C2AF
Lasercorn	0967-0000-034B-4970	25EF-0000-035B-6523
Larina★fs	097B-0000-032D-69C1	D662-0000-032F-4956
Lantis	097D-0000-033E-4E04	53E5-0000-0339-29C3
Landen	0983-0000-0351-C92F	FA4F-0000-02FF-9350
lalank	0992-0000-032D-600C	AC16-0000-0355-6A84
Lady Mara	0994-0000-0322-B63E	9C32-0000-0358-276E
L	09AC-0000-034B-982B	E41C-0000-0304-FF52
kyran	09B6-0000-034B-4D15	D7E6-0000-036A-0EB9
kyo kun	09ED-0000-033F-B7E1	1718-0000-033F-380F
Kyle792	0A0C-0000-033D-0714	470C-0000-034E-F79A
Kyara	0A40-0000-0358-A69E	E2CF-0000-032A-FBB3
kurotora	0A4B-0000-030F-42DB	894B-0000-0339-9BA9
KURI♪くり!！！	0A60-0000-0306-DFE1	DB23-0000-032D-0B0C
Kurayami	0A6D-0000-0316-9747	69A3-0000-0343-87C3
kristelle	0A6E-0000-032F-44A3	931E-0000-035B-E054
Kris	0A70-0000-0320-E3EE	195B-0000-034A-4DD7
Kotatsu	0A7C-0000-0349-0A58	5A45-0000-0337-220C
Kosten	0A84-0000-0339-EBB1	CF30-0000-0340-28C0
Konata	0A98-0000-0355-EE81	4053-0000-031D-9E3F
kingmark	0A9E-0000-0363-810E	446B-0000-0335-FC69
King Rafa	0AB3-0000-0339-AAF5	C9D4-0000-035A-0F31
Kinder	0ABE-0000-0308-7103	E214-0000-0324-C285
kimbob	0AC3-0000-033B-57A8	9F43-0000-034E-7163
Kevin	0AE8-0000-035C-5971	0677-0000-032E-AD88
Kelly	0B14-0000-036A-19FE	CC01-0000-0344-A184
Keenan	0B1B-0000-032E-E6F4	F14F-0000-0305-2F0D
kdogg	0B56-0000-0357-6303	A46E-0000-0330-A083
Katz	0B61-0000-034A-6186	EBE6-0000-0302-7D70
Kastrup	0B64-0000-031C-A3B1	AA64-0000-032E-B555
KAR3N	0B69-0000-0324-4E6A	95B2-0000-0343-4B5F
kami	0B74-0000-0333-F9DE	2A9A-0000-034F-6B61
kam	0B7E-0000-0308-73B4	9112-0000-0302-AA26
Kakashi#BR	0BA3-0000-035A-2768	FE0E-0000-0313-F6F0
Kaiyote87	0BBD-0000-0338-74EF	745B-0000-030A-3C73
K0U	0BD1-0000-0339-3024	F653-0000-035D-91BF
k4567	0C12-0000-0351-9EDF	E9AF-0000-0325-ED2A
k	0C32-0000-0334-EDAD	D65F-0000-0318-FC9F
junior	0C8F-0000-0338-11C1	1E75-0000-0301-8456
Jump	0CCF-0000-030B-6C68	3375-0000-035A-E401
JulioMegax	0CE8-0000-035D-1CD8	4D5A-0000-031C-20D3
juli	0CEE-0000-034C-A811	C787-0000-0325-449F
JuanR	0D04-0000-0361-914D	EDDA-0000-0325-5278
Juanki	0D18-0000-0331-2A18	D6B3-0000-0347-C68E
juan jose	0D1F-0000-035C-611C	17D6-0000-034D-116A
Juan	0D48-0000-0363-8CC0	2F9A-0000-0346-D854
juan	0DA8-0000-0368-A724	31C5-0000-0338-39F5
jt	0DB6-0000-033F-429F	98AD-0000-0338-180C
jrx15	0DCA-0000-0312-AD9B	B0A3-0000-0357-EBCD
jroc	0DDC-0000-0319-C3A1	FBBF-0000-0311-9472
jp	0DF3-0000-032D-6360	B956-0000-0358-8A4C
JP	0E23-0000-0345-3E05	D10A-0000-0318-5E09
joshington	0E83-0000-0330-0ECA	E0FD-0000-0304-E5A5
joseph	0EC4-0000-035B-91F7	A850-0000-035E-51A5
JoseEmilio	0F17-0000-0342-5DD9	BF20-0000-034C-7434
Joran	0F1E-0000-0340-2001	FC35-0000-0317-C799
jonty	0F6B-0000-034D-DB6E	8A5E-0000-0323-E2CF
Jonathan	0FE8-0000-02FF-B716	5359-0000-035B-C58B
Jonas	0FEE-0000-0364-19AC	D686-0000-0301-E028
s56vddfdf56dfv5656	103B-0000-033E-70A4	EEA8-0000-032D-8EDC
jollybear	1041-0000-0365-F94D	B76E-0000-031D-8241
Jojo	1045-0000-033F-49BA	08AF-0000-0315-8F03
JohnnyZ	1050-0000-0331-FABB	C3EB-0000-035C-50B0
Johnny	105C-0000-0338-778E	776E-0000-0338-2016
JOHN-john	1082-0000-0343-B78A	C0D7-0000-0301-E532
john	10EF-0000-0341-BCCE	C5F5-0000-035E-C41E
Johan	1110-0000-030B-D094	C770-0000-0338-0B95
jogo-jogos	1171-0000-0303-C4D9	EB4B-0000-0358-E5AA
Joey	11FE-0000-0316-8BEC	9BE2-0000-030C-8F13
joe	120B-0000-0324-F667	0A39-0000-030D-E5C8
q23gtyi78	1242-0000-034F-2953	47B6-0000-0313-8FE6
joao	1275-0000-0357-157B	6138-0000-0322-F6E1
jjjj	127B-0000-033A-0CA5	27FC-0000-0339-1BA9
Jipvh	1283-0000-0362-2CB6	BEBA-0000-034B-C366
4rer4w5b	1290-0000-032B-AD32	57C9-0000-0369-DC9B
3g45jyyhnyu	12B9-0000-0344-156E	BEE6-0000-034F-175E
jimmy	12DB-0000-0317-5E04	561F-0000-032A-8C2D
Jesus	12F5-0000-034A-0706	778D-0000-0310-EEF8
jessica	1305-0000-0325-7780	113C-0000-0324-7978
Jesse	1305-0000-0357-8E36	A0F1-0000-0358-9433
Jerikob	1308-0000-0359-B160	042D-0000-0341-42F6
jeo	1323-0000-033E-8A6F	0A9D-0000-0359-3ED7
Jenn	1330-0000-0357-08E9	662F-0000-0342-C4E8
jeanbatman	133B-0000-0301-C0F6	9B09-0000-0358-43C1
Javier	1383-0000-0345-3914	75FD-0000-031C-6175
Jason	1388-0000-0324-D798	97CE-0000-032E-187A
Jameson	13B8-0000-0326-4696	4BE8-0000-0309-C155
James 	13D2-0000-0347-B5F1	70C1-0000-0307-6454
James	13E8-0000-035C-ACEA	4DAC-0000-0351-CFBE
Jade	13F3-0000-0359-B14C	32CE-0000-02FF-8BB9
jacobis	1418-0000-032E-D9CF	67A2-0000-0300-F4EC
jacob	143C-0000-0314-6BD7	9A99-0000-033F-0BE2
Jacob	1441-0000-0344-7E8B	CABB-0000-0327-3699
jack	1457-0000-031E-137C	9905-0000-0368-2C63
jack5678	1462-0000-0344-E3EF	FFBA-0000-0360-6789
Jack	14C4-0000-033A-0B30	0196-0000-0350-EC13
Ivan	14CF-0000-034D-87D5	76AE-0000-0352-ABED
It	150F-0000-0339-F7A8	DA5D-0000-0350-7C6D
Isaque	1519-0000-0312-530A	3B9E-0000-0302-AADA
Isaac♪	152D-0000-0318-6D01	9CC9-0000-0320-076A
Isaac	1535-0000-0343-549A	7199-0000-034D-5022
Isa	154C-0000-0352-F3F0	8C7C-0000-035D-E22A
inocandy	154F-0000-033F-B3D6	9DA8-0000-0357-3440
inklink	1550-0000-0322-81B7	33A2-0000-0333-650E
Ilyâs	1560-0000-033A-C5DA	97C9-0000-0352-093A
iker	1582-0000-0351-C698	590E-0000-0343-2D3B
iiwii	15A4-0000-0352-30D9	2C2E-0000-0364-7781
Ihaadev	15B9-0000-0361-8E07	8C47-0000-0343-C017
Igor	15BC-0000-0348-7D5F	9390-0000-0341-4591
Icy	15C0-0000-0339-C346	7BC4-0000-032E-0F91
Ian	1602-0000-0331-C155	6FEC-0000-0335-2420
hyperflame	1614-0000-032A-4AC3	18A7-0000-030D-D3F9
Hunter	1620-0000-0369-A95F	4818-0000-0306-C2E3
homosapion	162B-0000-034A-9031	0160-0000-0347-432B
HipFan	162C-0000-0301-738D	270C-0000-032B-9639
hihi	165A-0000-0306-E577	37FD-0000-030B-5354
Hevchki	165B-0000-0313-97E8	22ED-0000-02FF-5CC0
Henza	167F-0000-030F-51D9	4200-0000-0344-6E97
Henrique	1685-0000-0360-353D	7B0C-0000-0304-0B96
Hellen	169B-0000-0315-062F	F0A8-0000-0320-7CCD
Hela,Dゼノ	16B2-0000-030E-3F98	0E35-0000-0306-875A
Heitor	16C8-0000-033D-846C	C9AD-0000-02FF-5B74
heini	16CB-0000-0346-7EB2	5D92-0000-031B-BD48
HECTOR	16F1-0000-0356-368B	C13E-0000-0343-BFFA
hayden	170F-0000-0318-603F	13D9-0000-0311-AE1E
Hatch	170F-0000-033C-8A05	4B37-0000-033E-9D33
Hasan	1714-0000-0348-106D	0F42-0000-0314-876F
harunigiri	173C-0000-0320-D5E9	01E2-0000-0358-0345
Harry	177A-0000-0332-B59F	172C-0000-032B-F8DC
harri	1782-0000-02FF-8CB7	31A1-0000-0307-5134
harbor	17BB-0000-034A-6988	CB5C-0000-0303-5987
Hannah	17E8-0000-0358-A4CE	1DF5-0000-0330-85A2
Handy	17FB-0000-0310-B194	295A-0000-030E-C825
hammy	1818-0000-0334-1684	33E0-0000-033C-A10C
Ham	181A-0000-033F-45E6	6893-0000-034D-4498
hail	183E-0000-033A-D6DA	DED3-0000-031E-DC02
Gweneriste	183F-0000-032B-14A5	788F-0000-033C-9C7D
Guycito	1862-0000-034F-F099	AC33-0000-0351-4F54
Guto	1878-0000-0364-A9CA	D875-0000-035E-B3CA
Liverwurst	189B-0000-035D-8475	1450-0000-0346-303C
Lionel	189D-0000-0360-2CEB	B586-0000-034C-19B9
LINK	18A2-0000-033D-736A	B9ED-0000-0305-563F
Lingpling	18B4-0000-0339-5AE1	53A6-0000-0327-A9B2
Lily	18BF-0000-0310-9651	ABBC-0000-0355-60C4
Lilli Boo	18DA-0000-0348-B159	363E-0000-0350-F163
LILI	18F5-0000-0364-3963	79B9-0000-033E-3B78
Lil Jay	18F7-0000-030E-462B	9706-0000-0322-51DE
Liberated	18FC-0000-0336-401E	9FB1-0000-033D-F161
Liam	1976-0000-0347-5068	C180-0000-0314-F7D6
levi	1993-0000-0315-841A	C522-0000-0323-6D05
leuk	1999-0000-0335-302D	182A-0000-0323-D5C0
LEOTS DIOS	199C-0000-0329-C238	2D05-0000-033E-1B7D
Lele	19AD-0000-0354-F2F9	49BF-0000-0341-64A9
Le-le	19E6-0000-032F-6011	C81F-0000-0328-F9C5
Le	1A1F-0000-0351-CA29	EEB3-0000-0345-C2AB
laurigula	1A28-0000-0305-8885	3314-0000-0306-7DCC
Laurianne	1A34-0000-031F-B26C	73CF-0000-0357-B884
Lasercorn	1A54-0000-0363-6671	8B29-0000-0340-E619
Larina★fs	1A75-0000-0357-E033	7F54-0000-0302-8048
Lantis	1A8F-0000-0334-145F	4B3F-0000-0358-7C8D
Landen	1A90-0000-0339-BAD5	1A04-0000-031B-1D10
lalank	1AA2-0000-033F-A493	A57E-0000-0356-BCC7
Lady Mara	1AB2-0000-030F-CF76	535A-0000-0328-A780
L	1AD4-0000-0314-9476	F9AE-0000-0305-598F
kyran	1AD9-0000-0346-B1F5	FAC6-0000-0313-E9E1
kyo kun	1AEA-0000-0367-B7FC	648A-0000-0387-56F5
Kyle792	1B13-0000-035B-3755	67E2-0000-0341-916D
Kyara	1B26-0000-0310-75A5	246A-0000-0331-CA2C
kurotora	1B3A-0000-035B-044A	0996-0000-034F-6381
KURI♪くり!！！	1B3F-0000-032B-3D49	2196-0000-0315-CD71
Kurayami	1B73-0000-031A-763E	08DF-0000-035C-16F8
kristelle	1B7E-0000-0361-8EBD	C0BB-0000-031E-9D8A
Kris	1B80-0000-030A-7D07	4A69-0000-034B-B535
Kotatsu	1BC7-0000-033E-8CD1	C628-0000-0343-5176
Kosten	1BD1-0000-033F-B00C	6C0C-0000-0333-0A28
Konata	1C00-0000-0362-499C	B9DB-0000-0307-AAF6
kingmark	1C05-0000-032E-CF86	1B0F-0000-0352-69C9
King Rafa	1C42-0000-0346-F533	2F56-0000-0315-4A2C
Kinder	1C54-0000-030A-7339	4177-0000-0305-73F7
kimbob	1C59-0000-034F-1C71	9F2C-0000-0303-91C1
Kevin	1C69-0000-035A-0E0E	CD6C-0000-035C-C748
Kelly	1C7B-0000-0353-D47D	30A7-0000-0356-EB14
Keenan	1C7F-0000-0368-9A27	E542-0000-030B-CF38
kdogg	1C82-0000-035C-AEE5	E46B-0000-0309-5608
Katz	1C87-0000-030B-5198	EB82-0000-0329-0261
Kastrup	1C8C-0000-0321-DCA8	BB67-0000-034F-27FC
KAR3N	1C8D-0000-0342-E711	2C4E-0000-032D-0B0B
kami	1C92-0000-02FF-0A54	F4B5-0000-0322-6DFB
kam	1C95-0000-034D-8212	CD27-0000-0301-D60D
Kakashi#BR	1C96-0000-030E-B45F	332A-0000-0300-FE33
Kaiyote87	1C9B-0000-030C-21DA	DF9C-0000-0301-B9FB
K0U	1CAD-0000-0355-9649	F587-0000-032B-1987
k4567	1CB2-0000-0345-1FC2	F196-0000-0325-4CA7
k	1CE3-0000-0307-7779	07F4-0000-0338-D39D
junior	1D14-0000-0357-227B	C045-0000-0301-66E1
Jump	1D7C-0000-0304-3E6F	D8AD-0000-0377-1314
JulioMegax	1D7E-0000-034A-F747	228D-0000-0307-A614
juli	1D97-0000-034B-9E08	3779-0000-0330-9324
JuanR	1DE2-0000-034B-CE23	7D4C-0000-031B-19B9
Juanki	1DF9-0000-0338-AC98	D356-0000-0348-68BC
juan jose	1E33-0000-033B-4CA9	7E3B-0000-0323-828B
Juan	1E89-0000-031E-1362	AF59-0000-035E-499F
juan	1E8D-0000-0348-B91C	5AAF-0000-0302-971B
jt	1EC9-0000-0310-0A63	E4CD-0000-0349-D54A
jrx15	1ED4-0000-035A-BC99	AADD-0000-0335-2F82
jroc	1F1A-0000-0344-7991	A430-0000-0304-3E23
jp	1F26-0000-0323-CDDA	44C7-0000-0303-57B1
JP	1F51-0000-0327-C09F	791D-0000-0312-81AC
joshington	1F55-0000-0327-7DEB	0C8A-0000-0316-FDD2
joseph	1F5C-0000-0356-5076	0EA8-0000-032C-8C8A
JoseEmilio	1F8A-0000-0351-53E0	3FE6-0000-0320-8DFA
Joran	1F99-0000-0359-6BB5	4836-0000-0363-CD09
jonty	1FA7-0000-0367-F3BC	E619-0000-0303-825A
Jonathan	1FB4-0000-0339-E34F	F801-0000-030B-57B3
Jonas	1FD4-0000-030A-5B35	D244-0000-0350-F527
s56vddfdf56dfv5656	1FF6-0000-0305-782C	4DEF-0000-0329-0858
jollybear	2016-0000-0343-B059	A6DE-0000-0348-9A14
Jojo	2025-0000-0300-3E55	D33C-0000-0311-B631
JohnnyZ	2029-0000-0311-1A26	1505-0000-0343-5016
Johnny	2055-0000-035D-8B3F	7038-0000-0358-E730
JOHN-john	208F-0000-0327-E5B6	C06C-0000-0325-A006
john	2093-0000-0333-AB8D	C9A2-0000-0346-98B1
Johan	2094-0000-0305-EBF9	F925-0000-0330-FBB9
jogo-jogos	2097-0000-0331-2A21	4E0E-0000-0301-0302
Joey	20A6-0000-0331-AF30	68C7-0000-030D-EA25
joe	20BD-0000-0305-0BD8	9952-0000-0309-B84F
q23gtyi78	20D0-0000-0351-ED13	75D6-0000-031A-31DC
joao	20D1-0000-030F-BD60	8B85-0000-034C-1B97
jjjj	20D6-0000-033A-02C7	E5EA-0000-0308-2659
Jipvh	20F6-0000-0306-BB27	7B9F-0000-0313-44D3
4rer4w5b	2110-0000-0324-D79F	E18D-0000-0309-5EDB
3g45jyyhnyu	211F-0000-0337-8FB0	37B6-0000-0366-D914
jimmy	2134-0000-030D-3057	B6B3-0000-035A-7713
Jesus	2142-0000-032B-A984	F576-0000-0342-D1CE
jessica	2169-0000-0327-3678	4A68-0000-032C-1ACC
Jesse	217C-0000-0308-E7C4	DC0E-0000-033D-4EDB
Jerikob	217D-0000-0332-318D	1E4F-0000-036C-03BD
jeo	217D-0000-0351-4EC8	48BB-0000-0320-F1E5
Jenn	218D-0000-033E-8A94	E448-0000-0310-F6B6
jeanbatman	21A3-0000-0365-88A8	6D74-0000-0306-CCA7
Javier	21BC-0000-0331-1B6A	F7AE-0000-0312-406C
Jason	21C7-0000-0315-0DA9	72DB-0000-035D-C8A0
Jameson	220F-0000-0317-BB3B	BBB3-0000-035A-1739
James 	2230-0000-0359-C751	769E-0000-0359-96AE
James	2239-0000-033C-3C55	0F05-0000-0342-D3FF
Jade	223D-0000-034A-C620	5475-0000-0351-BFF9
jacobis	2242-0000-0343-C4B7	7B31-0000-0341-D608
jacob	224B-0000-0324-9FBB	09B9-0000-0330-7B97
Jacob	2258-0000-0301-0B14	70A0-0000-031B-1229
jack	225D-0000-036B-4C2D	A9D6-0000-034E-1BE1
jack5678	229E-0000-031C-CB52	EEED-0000-0300-B984
Jack	22BF-0000-030A-85C0	D4C4-0000-0342-0883
Ivan	22EC-0000-0359-C339	5EF3-0000-032F-C4F9
It	22F3-0000-036E-11DA	5F1D-0000-035B-DFF0
Isaque	233E-0000-030C-2F19	3735-0000-0310-F766
Isaac♪	2369-0000-0320-E8B8	8B94-0000-031B-005B
Isaac	2389-0000-0329-81E4	D54F-0000-0321-3DC1
Isa	2397-0000-034F-A427	FDDB-0000-035F-37E3
inocandy	23A5-0000-0301-0B1B	49E8-0000-0301-580D
inklink	23AA-0000-034C-7255	2750-0000-030D-C664
Ilyâs	23AC-0000-0333-9A2C	623C-0000-034F-D62F
iker	23B1-0000-0340-26A2	ED76-0000-030E-D28D
iiwii	23C4-0000-0342-D9B2	FD5E-0000-0361-DB18
Ihaadev	2402-0000-0315-B733	10AA-0000-0336-732D
Igor	2441-0000-0361-8E86	3A25-0000-032D-0C2C
Icy	244C-0000-035D-0F1E	5F82-0000-0355-A933
Ian	2454-0000-0347-C679	2A78-0000-0331-41FF
hyperflame	245C-0000-032D-4A05	8173-0000-0306-B576
Hunter	247B-0000-0337-8009	68F0-0000-0312-5BD8
homosapion	247B-0000-0360-6DF8	D18D-0000-035B-A41E
HipFan	2499-0000-0345-BC80	8FE5-0000-0320-15A4
hihi	24A1-0000-0305-6948	A65B-0000-0323-41B7
Hevchki	24D0-0000-0366-1BA8	D102-0000-033C-A975
Henza	24F5-0000-035E-8095	D948-0000-032E-25C8
Henrique	2508-0000-0324-F527	F704-0000-0336-E379
Hellen	2523-0000-0360-15F1	9024-0000-0348-D215
Hela,Dゼノ	2526-0000-0313-1125	87DC-0000-0304-84A0
Heitor	2540-0000-0311-37B1	C692-0000-034E-A81D
heini	2583-0000-030D-7C0A	DB2A-0000-034F-AD32
HECTOR	258A-0000-0322-6D7D	0D3C-0000-0328-E3C0
hayden	258B-0000-0327-E604	EAE6-0000-032F-FB72
Hatch	2590-0000-0362-AD89	F12D-0000-030B-56B5
Hasan	25BC-0000-0313-FD98	B675-0000-0332-ECD4
harunigiri	25CB-0000-0330-1EEA	DF54-0000-0357-D22F
Harry	25E1-0000-030C-25D4	AAC0-0000-0313-89FC
harri	2605-0000-035B-7411	DD84-0000-0355-C71E
harbor	261C-0000-0353-1142	5B38-0000-0327-AAF0
Hannah	261E-0000-0349-8280	04CF-0000-031E-D914
Handy	2627-0000-031F-AA97	05CB-0000-0357-F154
hammy	262C-0000-033A-D2BA	7201-0000-0320-07C5
Ham	2655-0000-033E-64D9	D91D-0000-036C-47C9
hail	2665-0000-0359-C649	EC32-0000-0359-F976
Gweneriste	2672-0000-035B-003A	111B-0000-034E-A35F
Guycito	2685-0000-034C-0F0F	1F5A-0000-0334-FDE9
Guto	2699-0000-0305-12E2	3195-0000-035E-21F6
wqxdihjvhovrdh gf	26B3-0000-0326-96DC	8DA4-0000-0348-2E82
gustavo	26B6-0000-0319-B2AA	24CE-0000-0351-165C
Guille	26D8-0000-0331-21CB	5866-0000-0333-90B1
gameryoshi	26D9-0000-032F-CC60	21A3-0000-0365-88A8
Gabriel	2718-0000-0330-CD13	556D-0000-035B-357B
Gabriel85632	272B-0000-030C-7C11	71D5-0000-032B-0342
gabriel	276C-0000-035B-3587	70F4-0000-0328-D029
Frank	2798-0000-035A-4545	7C56-0000-031B-9BBF
francisco	27A5-0000-033A-B03E	6564-0000-0338-4A2F
Flemming	27B1-0000-0342-2041	DCBC-0000-0341-FBF8
first	27C2-0000-035C-E5DB	1A45-0000-0306-9CF4
Firebolt	282F-0000-031E-C567	8C7F-0000-0346-84E3
Finni	283A-0000-0320-6258	D1EC-0000-0335-A053
finialfie	2879-0000-0334-AC1E	B365-0000-0317-30FE
filippo	2884-0000-0311-BC97	8AC4-0000-0315-B84D
Feschwuddl	2887-0000-0347-5311	B447-0000-0353-B2BD
ferni	2890-0000-032C-D344	3167-0000-030F-4384
fernando	289F-0000-0328-FE29	5E99-0000-0354-6DBC
Felipe	28C5-0000-036B-B87C	ACE2-0000-034F-BD66
fazerlazer	28C8-0000-035D-8CCD	4DA0-0000-0340-DFB4
Favrel	28CA-0000-0338-D798	F328-0000-034F-82E6
FAFA	28CC-0000-035D-FD92	3823-0000-0333-79CF
Fabs	28D0-0000-0328-43EF	2529-0000-0357-36CD
Evil tubby	28E1-0000-0363-FAD1	5268-0000-0309-B6B1
Evan Fedex	28E2-0000-0339-BCC2	ECC7-0000-0312-6B04
evan8632	28F9-0000-0365-B49F	1F47-0000-030D-3C44
evan	292A-0000-0352-1626	B06D-0000-0313-1BEE
Ethunboo	297A-0000-0357-7B07	D764-0000-0339-FCE9
ethan	2991-0000-032C-93B1	6E4D-0000-0326-3C04
Ethan	29A2-0000-035A-1CA8	5EC2-0000-033D-EF48
esequiel	29A6-0000-0368-4CE1	E2F6-0000-0354-FAAE
Enzo	2A0E-0000-0321-2F41	DBD8-0000-0338-E451
Entei	2A13-0000-0310-6CCF	E379-0000-0343-3DB7
emmanuel	2A2C-0000-0363-B6A2	2B32-0000-0330-2C1C
Emmalee~	2A44-0000-035A-A50A	9158-0000-034E-F536
Emerson	2A4F-0000-0302-7F7E	1D7D-0000-032A-0EC1
eliott	2A74-0000-0314-163E	6E15-0000-0321-AE58
Elijah	2A93-0000-0314-710D	76D4-0000-0351-47A8
elias	2AA8-0000-0333-FC02	77D1-0000-0356-D1A6
Eli4521	2AF3-0000-0342-7E8E	88B9-0000-0306-8CF1
eli	2B00-0000-033A-0EFC	6CAD-0000-0346-D4DE
eli5421	2B16-0000-0357-98D3	BE5D-0000-0378-5FE5
Eli	2B43-0000-0351-E2BE	031B-0000-033E-9119
elfballer	2B4C-0000-0307-BB57	948F-0000-0302-9D73
Edward	2B55-0000-0306-810D	589C-0000-0327-7286
Eduardo	2B57-0000-0308-38F8	6D79-0000-0324-8202
edd	2B65-0000-02FF-BC1E	AC0B-0000-032C-0E5C
eAzy	2B76-0000-031F-9DD0	0C3F-0000-0362-E514
Earle	2B80-0000-0330-719A	A7A3-0000-0365-A3F0
Eagle	2BAA-0000-0336-4771	7BA0-0000-0350-88BF
DYLAN	2BD0-0000-0324-ED09	A340-0000-0358-7C3C
dylan	2BD1-0000-0316-B12B	61AF-0000-0358-7327
Drew	2BDA-0000-0300-267A	70CA-0000-0313-22E7
Drew5467	2BEB-0000-034B-4520	A654-0000-0352-7EBD
Dr. D-Pad	2BFB-0000-0306-95D2	CA16-0000-0320-4F5E
Double A	2C14-0000-0311-99E5	45EC-0000-0305-082D
dormidente	2C18-0000-030D-86B0	F3F9-0000-0352-EA8F
Dorian	2C1D-0000-0358-B38D	5A5A-0000-0317-1B74
Dominic	2C24-0000-034A-D2F1	1EAD-0000-0305-7745
Domingo	2C2C-0000-0335-D87A	B67A-0000-035B-4D70
DocKwyjibo	2C6A-0000-033E-62F5	9735-0000-0357-7054
DizzyIzzy★	2C6F-0000-0356-F862	F4D8-0000-034E-2385
Disgusting	2C80-0000-0302-B127	5A56-0000-0329-4AA4
Dio Brando	2C8D-0000-0324-23CB	EF88-0000-0322-523E
Dii	2C93-0000-032F-447F	1B72-0000-034C-7DA2
s ddfb kjui	2C9A-0000-0328-FFDF	7AB7-0000-033B-1E88
Diego	2C9E-0000-030E-E5E3	EECD-0000-035A-FFE6
wad hyhilñ	2CC7-0000-0335-D401	0EFA-0000-0339-BA54
edcmyjil.	2CC9-0000-0334-541B	A63C-0000-0347-A502
qaztgbynj	2CCD-0000-032D-1CD0	1B04-0000-0334-AB96
diegales	2CD7-0000-035D-8C4D	E704-0000-035A-5E07
Diddy	2CDF-0000-032E-3616	2F99-0000-031B-288F
Devin	2CDF-0000-0356-E1CE	B748-0000-033D-4828
DEVEL+ΩΨΩΨ	2CFA-0000-0343-DC34	06A1-0000-0343-F9F6
Dejvan	2D07-0000-0365-F9B2	6F7B-0000-0330-04B7
Deity	2D15-0000-0349-81D9	D753-0000-034F-F589
Davios	2D33-0000-0308-F41D	F24A-0000-0354-7726
DaviLuiz	2D4B-0000-0324-4566	7D8F-0000-0325-2D4E
dave	2D8E-0000-030D-FE0B	A43E-0000-038C-6BC0
jdfjkdf2fdjkjkd309rgfswewe	2D96-0000-0339-E698	5A1C-0000-034D-E4EE
Dashboard	2DBF-0000-0301-EB09	FF7C-0000-0315-0C70
Dash1138	2DC5-0000-0329-1C9C	3078-0000-0359-B4B2
Dash	2DD8-0000-0331-76AC	A8DA-0000-0363-07EE
DarthVader	2DDB-0000-0305-61C6	8314-0000-034D-BDAF
DarkJake13	2E05-0000-0359-5962	92F0-0000-0319-8A17
Darhkwing	2E07-0000-0309-0E91	A4C3-0000-0340-0163
Dantay	2E07-0000-034B-D53A	D315-0000-0345-A0EF
DANNY	2E26-0000-0321-C1F0	A93F-0000-0358-7DC5
danny	2E6C-0000-035B-7941	CED2-0000-033D-FE59
Daniel6	2EBB-0000-0311-B534	45DC-0000-0337-2968
daniel	2EDA-0000-0311-059B	3047-0000-0323-7A72
Dani	2EE8-0000-0352-1756	10E2-0000-0357-E718
daddy	2EE9-0000-0302-C32B	A5F4-0000-0341-F70B
dad	2F00-0000-0309-B786	C544-0000-0333-DF88
Dad	2F14-0000-0323-7FC4	471F-0000-033D-0050
nhgf9904945ruivjgfnvjf	2F1F-0000-0316-1A21	34E8-0000-0308-FF96
Daak_lp	2F3B-0000-034A-71EC	B993-0000-032B-C93C
cuco	2F41-0000-0361-6D32	EF68-0000-035C-DDDB
Csillag	2F7C-0000-0336-EA62	92C3-0000-0354-FEA3
crystal	2F8F-0000-0348-0690	CA4E-0000-0351-EF35
cristiano	2F91-0000-0347-408C	D399-0000-030C-243E
Crispy	2F9A-0000-0346-D854	2B6C-0000-0324-92AF
Cpt.Fluffy	2FF2-0000-034B-AA46	73B5-0000-034D-5465
connor	3038-0000-0341-69E4	74F4-0000-033D-E4BF
Cole	307F-0000-0349-688C	FCF2-0000-032A-FC1E
CLONE	3089-0000-0357-71E7	2D80-0000-035A-DCA0
Claude	308A-0000-033D-6101	6062-0000-035C-54A4
Claire :)	30C0-0000-0365-1A75	1830-0000-0329-5B8B
Chris5445	30C6-0000-0312-529D	4373-0000-030E-A983
chris	30E1-0000-0339-E259	6AE5-0000-0335-47C5
Chris54545	30E1-0000-035B-EA6A	F05C-0000-0316-8667
chino2	3137-0000-0330-25B5	5FDA-0000-0346-E0B0
Chine	316E-0000-0343-7E62	6469-0000-031A-593D
chilywilly	3174-0000-033E-A428	BF30-0000-035B-D312
chiche	318C-0000-0300-1CBD	9575-0000-033E-19F4
chi chi	318F-0000-0331-B702	42E5-0000-0321-9BB4
Chase	3195-0000-0342-2007	742E-0000-0349-5BF5
Charizard	31B2-0000-032D-53E5	DB4F-0000-0357-ECBE
Charger	31E1-0000-0308-F0B3	CEB4-0000-0323-269F
Chara	3277-0000-0338-C138	AA20-0000-030F-43ED
channing	3278-0000-0327-AFCF	B863-0000-0351-8680
chance	327B-0000-032E-205E	BB59-0000-031B-29BE
Champi	32B4-0000-034D-0D63	480A-0000-033D-ED4D
carlos	32F3-0000-032D-9E06	5EBE-0000-0343-1378
carjdfnvuifdn	32F8-0000-034C-FBEE	7B61-0000-036B-82FC
Carlos	32FB-0000-0312-558F	FF2C-0000-0336-345E
callum	335B-0000-033E-0633	386D-0000-0341-F86B
calib9009	3365-0000-032D-5C03	9607-0000-0346-810B
caio	3380-0000-035A-1CAC	F4A4-0000-032C-CCB0
Cain	3386-0000-0356-FC3E	7105-0000-0344-C263
c0ld	33B3-0000-0308-A8A8	4AC2-0000-0346-8AAF
C.Grimcraf	3444-0000-0367-61FE	8AC0-0000-030D-C765
Burning★IV	3447-0000-0345-1A59	A969-0000-0354-6CBA
buggy75	344C-0000-031B-E2D1	5117-0000-0308-0838
Bryce	344C-0000-032A-2BF6	A452-0000-032C-CABC
BRUNO	345E-0000-0327-1EF4	D15B-0000-0326-E2A3
Brock	3461-0000-0347-94B4	68C6-0000-036A-14A0
BRO	3467-0000-0326-DB6C	1FCB-0000-0343-2349
Brie	34A1-0000-0328-8CBB	4A74-0000-0342-67DE
Brice	34ED-0000-0323-33C2	92F4-0000-0335-6C3B
Brian	3506-0000-0336-EDB5	AB4D-0000-0333-7000
Bri	3510-0000-0347-949D	80CA-0000-0319-B3EE
Brayer	353F-0000-0311-2646	81EA-0000-0337-546A
Branson	3541-0000-0351-E48A	A819-0000-0306-8486
brandon	3576-0000-032C-DE8B	D1A8-0000-0360-7750
Brandon	357C-0000-0321-A85A	F961-0000-0330-0169
brandman	35BE-0000-030A-8A95	E749-0000-0307-C53B
BrainBoy	35C2-0000-0335-B715	F93E-0000-033F-F582
brady	35F1-0000-0332-22DB	5058-0000-0343-BF8A
bradley	35F9-0000-033A-D0F1	9D25-0000-0315-AB3D
BR☆Markus¿	35FE-0000-0323-E15C	DC85-0000-035C-5A6D
Boone	35FE-0000-0359-117B	486C-0000-0320-6C11
bonne	3608-0000-0320-19DD	9902-0000-0308-005B
BONEdog	3612-0000-035A-B59B	AC26-0000-0352-9357
BobRby	3638-0000-0331-7376	AFB8-0000-030D-EA03
Bobbyr	366C-0000-0341-A234	5779-0000-0305-70B3
bob	3671-0000-0338-4176	8699-0000-0324-D8B5
Blue Leffe	3672-0000-033F-0CD5	B96D-0000-0338-10B5
BlacKGes	3695-0000-0338-6A8F	CE57-0000-031B-054D
BlackDraco	3697-0000-0360-B509	7C67-0000-033D-0382
binho	36AB-0000-034D-7F08	33EC-0000-030C-74A6
bigeye	36BB-0000-0343-1064	A930-0000-0344-8275
bigdshaw86	36CE-0000-0327-C964	48CA-0000-0351-F850
bigcountry	36F6-0000-0331-20C5	E122-0000-0346-033E
biel	3700-0000-0331-7641	9639-0000-0345-0DA5
Bidouchon	370A-0000-0345-106A	4643-0000-033F-7471
drfcvghbjn567	3716-0000-0325-77E0	41F6-0000-0363-BB80
Bibi	3732-0000-0307-FC94	57B6-0000-0334-97F7
bhnjk	3733-0000-0347-4DB3	7A84-0000-0327-BC6F
Beth	374A-0000-0312-4816	D492-0000-035B-6B98
bernie	374D-0000-0308-18F0	32EC-0000-033F-4D45
gameryoshi	3762-0000-0336-51A7	A906-0000-0321-9A2D
Gabriel	3778-0000-0311-E5D0	8401-0000-034F-72F0
Gabriel85632	377D-0000-0337-1B80	DFD0-0000-0356-FE35
gabriel	378A-0000-0332-04B0	E105-0000-0358-47A8
Frank	37B3-0000-0368-D5A8	E22F-0000-0336-9B86
francisco	3818-0000-0357-FE59	7E4E-0000-0332-11E5
Flemming	381A-0000-035F-5308	67AC-0000-030D-FDF5
first	3877-0000-0344-8722	5015-0000-0309-2E1B
Firebolt	388C-0000-032F-5075	6E4C-0000-0303-3E81
Finni	38AE-0000-036A-295D	EAF1-0000-0312-9899
finialfie	38D5-0000-035F-5B96	AC97-0000-033A-4587
filippo	38F8-0000-0347-55DE	41AF-0000-0300-9898
Feschwuddl	390A-0000-0316-7976	1C2D-0000-0346-EE49
ferni	390C-0000-0334-8F0A	3741-0000-0359-F82F
fernando	391D-0000-0345-2811	D095-0000-0300-946C
Felipe	3944-0000-0302-97FD	5BF9-0000-0312-5190
fazerlazer	3971-0000-035E-505E	A20B-0000-0330-3430
Favrel	3973-0000-0310-6CDB	C673-0000-0335-A151
FAFA	3990-0000-0335-A0EC	0C78-0000-0338-B253
Fabs	399D-0000-0321-4204	4B69-0000-0341-7810
Evil tubby	39D3-0000-033A-D5DC	573F-0000-0344-0E41
Evan Fedex	39E2-0000-0358-C138	1518-0000-0316-7D5F
evan8632	3A35-0000-032E-D98F	A1D0-0000-033C-2E64
evan	3A3F-0000-034E-46B3	5FBC-0000-0335-FD53
Ethunboo	3A5F-0000-032E-2407	2D2C-0000-0308-1DB2
ethan	3A6D-0000-0354-F24F	B216-0000-0310-991B
Ethan	3AD2-0000-031B-0B3C	A48A-0000-032C-2417
esequiel	3AEB-0000-0302-ACC3	11D6-0000-030C-C4C8
Enzo	3AF9-0000-035B-7BE0	15CA-0000-0350-020A
Entei	3AFB-0000-0310-2F9B	7031-0000-032C-8E3C
emmanuel	3B15-0000-0349-1557	BA80-0000-0342-A59A
Emmalee~	3B46-0000-032F-4D82	01D5-0000-0359-5DB4
Emerson	3B5E-0000-0353-0D11	821A-0000-0345-6EE0
eliott	3B65-0000-032F-C126	1AB0-0000-0351-BEFE
Elijah	3B67-0000-035A-77ED	F125-0000-0328-3C31
elias	3B90-0000-0342-1F9B	3733-0000-0345-6B68
Eli4521	3B96-0000-033B-6297	2AAF-0000-0360-2644
eli	3B9F-0000-032E-8C94	AA83-0000-034F-248F
eli5421	3BAA-0000-0361-8689	FD0C-0000-0312-7347
Eli	3BB3-0000-030C-7F3D	48EF-0000-0350-BF70
elfballer	3BBB-0000-0358-4A84	C5CE-0000-033F-04C7
Edward	3BC6-0000-035E-4998	4EFE-0000-0352-6751
Eduardo	3BD7-0000-0365-0A2A	B4E4-0000-0361-BD30
edd	3C0E-0000-0349-2D62	F140-0000-032D-8D16
eAzy	3C0E-0000-034B-714E	652B-0000-0317-C7CF
Earle	3C3E-0000-034C-90CC	9618-0000-033A-2F51
Eagle	3C45-0000-0366-A466	D32B-0000-030B-517A
DYLAN	3C56-0000-030A-603A	B5D7-0000-0396-CE79
dylan	3C63-0000-0312-7B45	6C56-0000-0319-0BC5
Drew	3C6C-0000-0322-81AF	B730-0000-0342-BEE9
Drew5467	3C85-0000-031E-AE5E	BE9C-0000-030E-E5FA
Dr. D-Pad	3C95-0000-034C-82C3	07B9-0000-033F-5339
Double A	3CC1-0000-036A-7F75	3F1F-0000-035E-B421
dormidente	3CD0-0000-035C-B2F2	201E-0000-0335-12D2
Dorian	3CEF-0000-035B-76D6	225D-0000-030E-1429
Dominic	3CFB-0000-0349-0495	64BB-0000-034B-490E
Domingo	3D06-0000-036B-E2CE	57C0-0000-0304-E9EB
DocKwyjibo	3D24-0000-0342-1BFB	2017-0000-0333-1388
DizzyIzzy★	3D31-0000-030C-24E0	8F9A-0000-032E-33B3
Disgusting	3D41-0000-0339-C69E	ED7A-0000-0306-C0A4
Dio Brando	3D46-0000-030A-9D8D	8D19-0000-0300-25F9
Dii	3D67-0000-0336-E8EF	E190-0000-0341-0E67
s ddfb kjui	3D6E-0000-0327-8231	70EB-0000-0356-202B
Diego	3D86-0000-0355-D81B	C2FD-0000-0317-3356
wad hyhilñ	3D9B-0000-0342-505D	61E2-0000-0343-5CB6
edcmyjil.	3DCB-0000-032E-CEA5	42B3-0000-0335-76EF
qaztgbynj	3E20-0000-0362-1965	4027-0000-0343-456E
diegales	3E3A-0000-033D-01CD	052B-0000-0345-1E42
Diddy	3E3D-0000-0356-538A	0FB7-0000-0317-9F68
Devin	3E8F-0000-0344-DF78	F837-0000-0312-4F2D
DEVEL+ΩΨΩΨ	3E9C-0000-035B-A680	2A18-0000-0303-754C
Dejvan	3EB6-0000-0333-3F1E	590E-0000-0308-E66C
Deity	3EDB-0000-0341-EED9	5769-0000-0327-E26C
Davios	3EDF-0000-0368-23C6	DB3C-0000-035C-BDB8
DaviLuiz	3F15-0000-0306-D6C0	3581-0000-033D-E17C
dave	3F1F-0000-0348-B811	8D56-0000-0326-2896
jdfjkdf2fdjkjkd309rgfswewe	3F26-0000-032D-27A5	AEB8-0000-034F-A9DF
Dashboard	3F55-0000-0301-0B23	BD3F-0000-030F-B2C0
Dash1138	3F63-0000-031C-95EF	FD8B-0000-0349-572D
Dash	3F9F-0000-0349-9376	14B0-0000-0340-3514
DarthVader	3FC5-0000-0362-0118	0C54-0000-031D-68DC
DarkJake13	3FD6-0000-035F-B8E1	100D-0000-0337-400A
Darhkwing	3FFC-0000-0318-9DD9	4D11-0000-0333-AA79
Dantay	4003-0000-033D-0442	62E3-0000-0318-7516
DANNY	4018-0000-0332-F4E3	510D-0000-0325-F2E5
danny	401F-0000-0335-22EA	7C59-0000-0311-A70B
Daniel6	4023-0000-033F-55B5	A368-0000-032E-0A1B
daniel	403C-0000-0339-7A34	1641-0000-033D-F37E
Dani	4043-0000-0344-575F	6B95-0000-031A-C361
daddy	4044-0000-035F-F6EF	0F5B-0000-0340-3497
dad	4064-0000-0347-BE6A	9B07-0000-031A-EE73
Dad	4072-0000-0310-F45B	228A-0000-0300-1AB1
nhgf9904945ruivjgfnvjf	407C-0000-0342-640B	6491-0000-0314-7545
Daak_lp	4089-0000-034D-84FD	FBAB-0000-0311-5A69
cuco	4092-0000-0334-07BB	6473-0000-0302-B302
Csillag	4096-0000-0302-AD57	AD3F-0000-0362-5D54
crystal	40A9-0000-0338-6D9C	F314-0000-033A-8D0E
cristiano	40B9-0000-035A-3499	F791-0000-0320-5D9D
Crispy	40C0-0000-035F-15E8	DD2F-0000-0300-8559
Cpt.Fluffy	40D5-0000-0354-E82D	315F-0000-0323-E251
connor	40DD-0000-034D-1809	4921-0000-0319-C98C
Cole	40E9-0000-031A-9F9D	F36A-0000-0301-7633
CLONE	40F6-0000-0346-477B	E21D-0000-0347-0E20
Claude	410B-0000-0339-715D	E09F-0000-0322-1D72
Claire :)	417D-0000-0367-9142	46F6-0000-032D-84A2
Chris5445	41B1-0000-0369-9D39	2486-0000-0359-974D
chris	41B4-0000-032F-5C4E	7782-0000-0340-7CED
Chris54545	41C5-0000-035D-E170	CFA9-0000-0361-079F
chino2	41FA-0000-031D-87F5	FC54-0000-035D-8D10
Chine	4206-0000-0307-6912	5911-0000-0349-0CA5
chilywilly	4218-0000-0328-965D	3807-0000-0362-104E
chiche	4240-0000-035A-4951	F7A2-0000-035D-C03D
chi chi	4272-0000-033E-668D	FE56-0000-0315-0A7B
gameryoshi	4278-0000-0345-B7E7	AEF6-0000-031E-906A
Gabriel	428D-0000-0337-4101	2285-0000-0360-67FA
Gabriel85632	4293-0000-0328-F82D	29DB-0000-0348-F6DC
gabriel	42CA-0000-0354-E74E	3195-0000-035A-96B4
Frank	42D1-0000-034F-DE22	5D48-0000-0327-6EAD
francisco	42D8-0000-0319-91EA	0B81-0000-032E-B276
Flemming	4309-0000-030D-E4AC	3C15-0000-0302-A001
first	4320-0000-0354-9624	805D-0000-032E-7FC6
Firebolt	4330-0000-0360-2322	2F0D-0000-035D-5F6C
Finni	4352-0000-0331-410E	72AE-0000-0349-9041
finialfie	436F-0000-033C-E9B2	ECDD-0000-0325-B4DB
filippo	4370-0000-0351-6EDE	6DAE-0000-0301-F6F0
Feschwuddl	4375-0000-0305-0BFE	624F-0000-0319-9D79
ferni	4392-0000-030A-8CF8	290B-0000-0359-EBDB
fernando	43A6-0000-033C-A919	6896-0000-0341-8CD1
Felipe	43C3-0000-0331-FDDD	5C53-0000-0340-10FB
fazerlazer	43CD-0000-035C-6C53	5055-0000-033F-9A76
Favrel	43FC-0000-032C-914A	E19C-0000-0301-61EF
FAFA	4416-0000-034C-329A	0164-0000-0380-E7FA
Fabs	442A-0000-0346-9740	207B-0000-0350-7D2E
Evil tubby	4439-0000-0369-27A3	532A-0000-032E-8EE8
Evan Fedex	447B-0000-033A-BF95	8800-0000-0325-537E
evan8632	447C-0000-0364-9FDB	2563-0000-035C-DEE4
evan	44D1-0000-0310-41D1	14CF-0000-031A-683B
Ethunboo	44DD-0000-0363-9091	F210-0000-033F-34EE
ethan	44E2-0000-0358-BB1F	66D8-0000-035E-C6F2
Ethan	44E5-0000-034C-9F21	7FAB-0000-0342-001D
esequiel	44F5-0000-033D-46BC	0D34-0000-033D-5E06
Enzo	44FB-0000-0338-7236	8A55-0000-0325-FE58
Entei	44FB-0000-0347-360D	932A-0000-0364-8953
emmanuel	4506-0000-035A-B4B1	C194-0000-0358-22D5
Emmalee~	4508-0000-0306-142D	B9DC-0000-034E-CF08
Emerson	450A-0000-0308-95C5	6F55-0000-034E-3FFC
eliott	453F-0000-035D-1977	2680-0000-0313-9627
Elijah	45CF-0000-0323-E47D	2B0E-0000-0345-3038
elias	45E1-0000-0306-9A40	A720-0000-0308-4A56
Eli4521	4650-0000-034A-803A	E9F2-0000-0365-B380
eli	4665-0000-033E-849E	EEB7-0000-030A-7E63
eli5421	4689-0000-034F-2537	BDCB-0000-0351-F65A
Eli	469A-0000-0348-BAB1	CFE0-0000-0313-238A
elfballer	46D0-0000-030A-037F	1864-0000-034D-0484
Edward	46D8-0000-035D-3F5A	55D7-0000-0316-9DE9
Eduardo	46E7-0000-0332-02E6	A9EC-0000-0321-526E
edd	46EA-0000-035A-0D7F	4E82-0000-0368-62A5
eAzy	46F4-0000-0333-17CF	C2EE-0000-02FF-90C0
Earle	46FD-0000-0307-70F7	8C3B-0000-0308-21B5
Eagle	472C-0000-0367-EE37	B779-0000-0307-5461
DYLAN	4746-0000-034D-25A4	1EFC-0000-033F-974C
dylan	4763-0000-0313-4524	B033-0000-0331-C187
Drew	4779-0000-0331-3D12	D8E6-0000-032D-A299
Drew5467	4788-0000-0362-B5EC	259F-0000-032E-FD0F
Dr. D-Pad	4797-0000-033C-B01B	4DFF-0000-0335-A8DA
Double A	47B3-0000-02FF-9405	5B8D-0000-0307-8F53
dormidente	47B7-0000-0360-2F8C	89CB-0000-0336-2923
Dorian	47D5-0000-032F-9E63	3118-0000-0310-8751
Dominic	47D8-0000-0304-4063	4BAE-0000-0359-53E5
Domingo	47EF-0000-0344-8F56	D618-0000-0343-D1D2
DocKwyjibo	47EF-0000-0368-14B2	4D53-0000-0324-BC8B
DizzyIzzy★	4823-0000-0337-C9FD	35E2-0000-0377-B638
Disgusting	4836-0000-0363-CD09	5540-0000-0310-FC9B
Dio Brando	4862-0000-0361-8C64	B53A-0000-0350-F2CA
Dii	4863-0000-0356-5734	BE04-0000-0338-39CE
s ddfb kjui	486A-0000-0302-B795	5AB0-0000-0354-A0C4
Diego	487F-0000-0360-9DDA	FF65-0000-0341-6055
wad hyhilñ	48B1-0000-030A-BF97	2B65-0000-02FF-BC1E
edcmyjil.	48CB-0000-035B-7CBE	0F37-0000-0340-F025
qaztgbynj	48D5-0000-0351-C886	7E6A-0000-0344-7470
diegales	48FF-0000-0314-8543	301C-0000-032F-3F23
Diddy	498D-0000-030F-C990	F768-0000-030C-CDBB
Devin	49C6-0000-0358-4338	9B96-0000-034F-0072
DEVEL+ΩΨΩΨ	49D4-0000-0365-E272	6EF5-0000-0324-DD20
Dejvan	49EA-0000-0324-964F	621E-0000-0363-BDC0
Deity	49F0-0000-0331-AB21	3620-0000-033B-9716
Davios	4A00-0000-0307-B39A	3E4A-0000-0348-9E8F
DaviLuiz	4A01-0000-0308-A0E1	7798-0000-0367-885B
dave	4A3D-0000-031A-438C	7D5E-0000-0357-B607
jdfjkdf2fdjkjkd309rgfswewe	4A42-0000-0357-98A7	51CD-0000-0323-20C0
Dashboard	4A4A-0000-032B-9F48	C58D-0000-0349-63E2
Dash1138	4A63-0000-0305-0572	E5CD-0000-0320-E796
Dash	4A65-0000-0361-FD36	00B5-0000-0367-9920
DarthVader	4A7C-0000-031C-5E69	849D-0000-030C-6A10
DarkJake13	4A85-0000-0343-B49B	896F-0000-0349-EB22
Darhkwing	4ADA-0000-0305-7F67	6151-0000-02FF-978E
Dantay	4B20-0000-0301-6341	43CE-0000-0301-DAE2
DANNY	4B2F-0000-0331-388B	5F4B-0000-034D-DF34
danny	4B4A-0000-035B-F027	36FD-0000-0331-EFD3
Daniel6	4B80-0000-032E-3E43	FD6F-0000-0338-4D23
daniel	4B85-0000-0341-6DF8	5BE4-0000-033F-8CA6
Dani	4B9C-0000-033E-A21D	15C2-0000-0349-E3C5
daddy	4BBE-0000-0309-BBD5	11A7-0000-0321-7C73
dad	4BDE-0000-02FF-8749	218A-0000-032E-CC9A
Dad	4BFE-0000-0344-61F6	C8D7-0000-0350-7C86
nhgf9904945ruivjgfnvjf	4C03-0000-033A-40FF	689F-0000-0308-D242
Daak_lp	4CCE-0000-0352-FBDF	4689-0000-0329-09E1
cuco	4CD2-0000-0335-AADD	1B61-0000-034F-7E5C
Csillag	4CDC-0000-0342-4DF1	DE55-0000-030B-7785
crystal	4D0D-0000-0359-AE75	469B-0000-0360-2366
cristiano	4D12-0000-0333-B9B0	B81F-0000-0334-1B48
Crispy	4D44-0000-0344-8469	F08A-0000-0358-9A92
Cpt.Fluffy	4D4A-0000-0349-94D6	4886-0000-0359-EAD0
connor	4D4D-0000-0305-6C48	038F-0000-034C-199F
Cole	4D5D-0000-0332-42B2	44B6-0000-0355-EA77
CLONE	4D87-0000-033C-A721	67F8-0000-035D-7DA0
Claude	4D89-0000-0311-FD05	7F21-0000-035E-C868
Claire :)	4D8E-0000-031E-F0B3	8497-0000-0355-8B59
Chris5445	5B33-0000-0328-6B1B	5D26-0000-0334-6143
chris	4D91-0000-0310-9126	8D4C-0000-0348-3023
Chris54545	4D94-0000-0301-CBBE	5928-0000-030C-40F1
chino2	4DA3-0000-0363-CCDB	DED3-0000-0304-B232
Chine	4DB2-0000-0319-1DCC	36C1-0000-0330-7CC7
chilywilly	4DE1-0000-0305-D87C	81F2-0000-0336-EE4C
chiche	4DF4-0000-0363-00CB	B2B5-0000-034F-0BDB
chi chi	4DF7-0000-035D-BC13	8EE1-0000-0338-C4AD
Chase	4E00-0000-034E-64F5	CC54-0000-0331-7F54
Charizard	4E35-0000-031A-6DD1	1A8E-0000-0312-A1D3
Charger	4E37-0000-0336-231B	0646-0000-033F-565E
Chara	4E3B-0000-0353-1276	A45D-0000-0330-0547
channing	4E46-0000-035C-C175	116D-0000-035B-DC67
chance	4E90-0000-0345-424A	7E23-0000-0340-2291
Champi	4EA8-0000-030F-B74B	DE28-0000-034D-C708
carlos	4ED1-0000-0337-BEB2	7468-0000-0322-962A
carjdfnvuifdn	4F06-0000-031C-76FA	A109-0000-0334-4D1B
Carlos	4F4B-0000-0339-5AFE	8F05-0000-031D-7846
callum	4F6C-0000-0339-F444	9BBA-0000-032F-16CF
calib9009	4F6C-0000-0344-E23A	DDD6-0000-0331-7325
caio	4F89-0000-0336-D536	3F1F-0000-0343-D6A2
Cain	4F99-0000-033F-AE1D	C3CA-0000-0320-4AF0
c0ld	4FA8-0000-0348-ADF6	1A01-0000-0342-9C32
C.Grimcraf	5013-0000-0337-A91A	9070-0000-033E-B759
Burning★IV	5022-0000-0328-8BE5	94A5-0000-033E-F26E
buggy75	502A-0000-0360-193F	B12C-0000-0362-27BC
Bryce	503D-0000-035D-FA92	FF24-0000-033E-A372
BRUNO	504B-0000-0350-28C7	384C-0000-0300-3353
Brock	5054-0000-0357-9CF9	CBBD-0000-034A-4B58
BRO	5062-0000-0339-B9EA	10A8-0000-0332-34D9
Brie	5069-0000-0303-A6A3	3A06-0000-0342-24FC
Brice	5073-0000-0337-CD40	41A5-0000-0357-B07E
Brian	5090-0000-0313-3A19	45C4-0000-0359-F499
Bri	50AC-0000-0355-63DE	7535-0000-0331-F4DF
Brayer	50C1-0000-0338-6495	C80A-0000-033E-6163
Branson	50C4-0000-0342-FD70	E13D-0000-0353-AD2F
brandon	50D3-0000-0305-E666	3E27-0000-033A-8282
Brandon	50EF-0000-0320-E562	2982-0000-034A-36A0
brandman	5109-0000-0368-1DB9	584B-0000-0360-717A
BrainBoy	511B-0000-0334-14A3	B69E-0000-030C-2B95
brady	5136-0000-0351-CE92	7839-0000-0390-2E26
bradley	5152-0000-034C-A86C	67FC-0000-032F-8CD7
BR☆Markus¿	5168-0000-030C-951E	97AD-0000-0358-AB4F
Boone	5193-0000-034C-32F4	5F6C-0000-0334-A5E7
bonne	519D-0000-031D-83D3	D209-0000-035C-A911
BONEdog	51A1-0000-033B-B658	1DDD-0000-033B-3ADE
BobRby	51A3-0000-035E-8D63	0EEC-0000-035B-3DB4
Bobbyr	51C3-0000-032A-F7DD	C167-0000-034D-55B2
bob	51C3-0000-0350-E2AE	4EB4-0000-0363-8CEC
Blue Leffe	51C5-0000-0312-9A42	5588-0000-0316-286C
BlacKGes	51CD-0000-030A-DA69	BBCD-0000-0304-0608
BlackDraco	51E0-0000-0324-F5E9	799E-0000-0334-4F40
binho	51FF-0000-0330-A2B0	4D1B-0000-034E-433C
わーお(^_^)	5200-0000-030D-F145	F3CA-0000-032B-4BD3
わーお(^_^)	5211-0000-0337-8FC4	2C69-0000-033D-F332
わーお(^_^)	5226-0000-0330-0400	1F3E-0000-0312-72D0
わーお(^_^)	5253-0000-0309-DFC0	928E-0000-0300-28BA
わーお(^_^)	5257-0000-0308-9962	678C-0000-0352-0FBA
わーお(^_^)	526F-0000-035F-8924	C531-0000-0367-F269
れんれん	5282-0000-0346-AEBC	5109-0000-0353-A0B4
るるか	5284-0000-033F-3211	197D-0000-0358-ED57
るぴちゃん	5285-0000-035B-7AF3	60E9-0000-032E-5832
るいかい	5289-0000-0363-9A11	A9E7-0000-0324-5B94
りょうたろう　　　　	52AC-0000-0309-DD4D	7F28-0000-0340-6B02
リョウガ	52AE-0000-0338-36E3	A70C-0000-0306-4FF5
りょーと	52AF-0000-034A-8634	5A1D-0000-0325-8C89
りゅうしん	52D4-0000-0359-AAD3	7A3C-0000-0359-4C38
りゅうき	52DC-0000-034C-CD3E	1D46-0000-0335-2DC7
りっくん	531C-0000-0347-5BB0	4DE6-0000-0350-38E4
りくっち	5344-0000-036C-1E90	2F7C-0000-034E-42C2
qfgh	5345-0000-0320-8397	955B-0000-0349-6F71
ygfcxc	5363-0000-035F-735B	35AC-0000-033F-1CA8
pñlk	5378-0000-034D-15E4	D1B6-0000-0340-0587
bvv	5379-0000-0310-126C	6936-0000-031C-F38D
りーちゅん♪	53BF-0000-034E-AB6C	189C-0000-0300-8F1A
りーちゃん	53C9-0000-030A-D7A2	0964-0000-0308-56AA
ヨッシー	53CE-0000-0317-6C3F	4975-0000-0337-658F
よしひろ	53F1-0000-0359-B0A9	5440-0000-0335-B4DC
よこはま	53F6-0000-0365-A4BB	B1A7-0000-035C-F631
ゆめか	53F7-0000-0351-C881	9410-0000-032F-D2DE
ゆっくん	541C-0000-0344-0CB1	76BA-0000-031F-8262
ゆずき	542A-0000-0337-5890	A905-0000-0308-B915
qasd	548D-0000-0349-F6C6	D64D-0000-02FF-B065
ゆうと	549D-0000-032F-44AC	D5E9-0000-0339-F8A2
grtg	54BE-0000-0347-BA8A	E8E4-0000-0358-53AB
mk	54EE-0000-0301-12A1	F0E2-0000-034B-3CDD
ゆうご	552A-0000-0335-65F6	29BE-0000-0339-5616
ゆうき	5544-0000-0308-27FF	5CFD-0000-034E-B863
ゆうが	5544-0000-0315-A8B3	31DE-0000-0324-D46B
ゆう	55C4-0000-0352-1F6A	FD82-0000-0337-2CAB
ユイガマスター	55D1-0000-0362-3B27	8599-0000-034A-6CE8
ゆい	55D2-0000-0367-BFA4	E13C-0000-0327-6995
やまだ	55F9-0000-035B-2655	7DEB-0000-035F-F994
やたろう	55FB-0000-032E-9E6C	A275-0000-0310-8988
やす	5625-0000-0361-64FE	3275-0000-0335-623D
もやし	5657-0000-032C-5B04	49D3-0000-0341-07E0
もえもえ	565C-0000-0303-7A5E	7B9C-0000-0321-A719
めぐにゃ	5684-0000-034D-E0CA	FA92-0000-033F-6416
めぐ	5694-0000-034A-6D19	4EBA-0000-0332-5A1F
ムササビン	56B5-0000-0342-CB17	EC42-0000-032F-ACA0
ミラン	56BC-0000-0338-B657	EFE2-0000-0358-3BAD
みゆ	5718-0000-0354-9A38	DBD4-0000-0346-AD78
みほしゃん	5728-0000-034C-F039	ACCA-0000-030A-8547
ミットュー	5736-0000-031F-AD25	17DE-0000-0328-D1FC
みっちー	573A-0000-0368-2862	17BB-0000-035C-04FA
みつ	573B-0000-0314-1AE0	3AA5-0000-031A-41F1
ミーツー	5747-0000-0343-632A	2C0A-0000-0350-5F64
まさのり	575A-0000-0352-1AE9	64C8-0000-0302-F9F0
sdffg	5770-0000-0300-3FD9	790F-0000-0361-92B8
まさし	57AB-0000-0333-AA7C	7FFB-0000-032C-A379
まさき	57AD-0000-031D-98FA	DC37-0000-035E-6071
まさ	57D1-0000-0331-845A	5176-0000-030D-25E7
まこりん	57DD-0000-0346-F120	373A-0000-0322-8D17
まあたん	5816-0000-033C-4857	8577-0000-0343-138B
マーヤ	582A-0000-0323-2E3F	9AAF-0000-0320-D9E0
まーくん	587E-0000-0304-1F88	9493-0000-030C-9B4F
まー	5891-0000-0320-87E0	B0B4-0000-032E-4230
ほの	58BB-0000-033A-75D5	C02E-0000-0310-FE23
ほづき	5918-0000-0357-0A44	C153-0000-031C-E8DB
ボーリングのたま	5925-0000-031F-6866	B17A-0000-0301-6A98
ポーくん	5928-0000-0320-CE9E	C3D4-0000-0336-3F4C
ヘンリー	594F-0000-02FF-0C9D	6B69-0000-0358-8DEB
へたくそげーまー	5977-0000-0346-EF70	5BFF-0000-0322-3CD8
ぶん	599B-0000-0329-EFD4	427B-0000-0336-D372
フワッティー	59A4-0000-0308-3135	4A80-0000-0349-4BC3
ブロッコリーブロリー	59D4-0000-033A-CED0	9A00-0000-0301-80A7
プリシア	59F9-0000-0341-CFC9	2F1C-0000-0341-A643
ぶちころぶちころあ.	5A02-0000-035E-CC67	412E-0000-0351-4DB6
プクプク	5A1A-0000-032A-3309	A344-0000-030B-2635
ぷくたろう	5A1E-0000-031F-57EE	0C06-0000-032F-7DD0
フォレスト	5A26-0000-0365-367E	3A52-0000-0331-F65B
ぶーたろ	5A2B-0000-033B-9B65	085D-0000-0322-41D7
ぷーいけ	5A44-0000-0348-249C	8117-0000-0364-99BA
ひろと	5A65-0000-0362-FE83	13D9-0000-0346-7801
zk gcxvbg	5A76-0000-033C-CE20	FBA0-0000-0346-7319
2eftr67hy	5AA7-0000-0360-F80C	7242-0000-0330-05B6
7ytgvf d	5AB0-0000-02FF-CBE3	843C-0000-0369-1697
ひろ	5AB1-0000-0368-42D3	2A6D-0000-0357-B4EF
ヒロ	5ABA-0000-0311-E395	55A9-0000-033D-C698
ひまじん	5AE0-0000-0333-9A6B	BFC5-0000-0354-A429
ひと	5B0D-0000-0324-48B8	99F7-0000-037D-D471
ヒデ	5B87-0000-0350-E5AE	78E7-0000-0326-561B
ひで	5B94-0000-031F-A025	FB67-0000-034C-2AEC
ひっと	5BC2-0000-031A-7931	9F15-0000-033C-774E
ひっか	5BC6-0000-0327-B911	9C4B-0000-0324-209D
ビーン	5BD9-0000-034E-69A9	ED99-0000-0307-6FB6
はるま	5BE3-0000-033B-FF80	AFDE-0000-0316-7E83
はると	5C17-0000-033C-B127	DE78-0000-0363-7E95
はるき	5C36-0000-0344-D6F0	2EC1-0000-0304-96CB
165vfdv5	5C5A-0000-030E-0B27	C210-0000-033D-F9AB
はるき23	5C5D-0000-0308-9B5F	843A-0000-032C-6D5B
769sdvdf	5C6F-0000-032E-522C	3A6D-0000-0354-F24F
はやと	5C8F-0000-0314-F4E2	C179-0000-0347-4A95
ぱぱnn	5C9F-0000-0347-3C15	0694-0000-032C-6A85
ぱぱa	5CD6-0000-0327-C891	78C8-0000-033D-48CE
ぱぱ	5CDB-0000-0362-5242	26F4-0000-0327-1DE5
はな	5CE4-0000-0366-57ED	0531-0000-035F-83FC
バットボーイ	5CE7-0000-0359-511F	5CAC-0000-031F-E429
パール	5CFC-0000-033A-D5C5	B829-0000-0334-D00C
なり	5D08-0000-031C-F5A3	2B91-0000-0366-4EDB
ながちゃん	5D0C-0000-0306-E015	55C1-0000-035B-A301
ナガ	5D12-0000-0322-AAEE	F468-0000-0363-3EA0
なおやん	5D3B-0000-0352-8D38	2F81-0000-0350-8300
ないと	5D75-0000-033F-4BA0	6DBE-0000-035A-20DD
ドラ	5D90-0000-032D-A57F	8855-0000-0301-0452
65156sdv	5DA8-0000-0311-2790	CFCE-0000-033D-6121
とも	5DBA-0000-0331-1E43	C585-0000-0325-49C0
とだゆうき¶	5DDE-0000-0332-A7A2	DDC2-0000-0334-427F
ときや	5DF5-0000-0351-690A	4370-0000-035A-2AC9
とおりすがりのオタク	5E01-0000-0366-5BC4	4DF4-0000-0367-E3BC
とあ	5E05-0000-0320-7E08	963E-0000-030A-1C80
てるぼうず♪	5E06-0000-0347-458B	D7A9-0000-0361-9B6F
てった	5E14-0000-0339-FD46	3CFA-0000-0351-7563
てすと	5E1A-0000-02FF-9421	E716-0000-034B-A448
ちょちょP	5E30-0000-0338-753A	78B4-0000-032C-07D3
ちゃんじゅに	5E44-0000-035A-7D20	CCF3-0000-0340-9C5C
ちやんがら	5E48-0000-031B-B54D	9910-0000-0332-6F87
たみお	5E4A-0000-0339-4BD8	DA7F-0000-033B-51F5
たつや	5E55-0000-0362-9A0E	3438-0000-035E-D961
たっくん	5E65-0000-0341-B404	B077-0000-0324-6D50
たつくん	5E6E-0000-0357-EB9A	B0F6-0000-033A-72A2
たこやき	5E7C-0000-032F-88C7	8A41-0000-031D-29C3
たくや	5EA0-0000-0300-2670	32D4-0000-0316-3830
たくみ	5EBE-0000-0309-B108	5564-0000-0335-3796
たくと	5EBF-0000-0306-BEC9	ECDB-0000-0322-F5F2
タカ2	5ED1-0000-030D-D731	F7BC-0000-0348-EC0E
たか	5EDA-0000-0356-40FC	9553-0000-0320-EED5
wefwe23re	5EE1-0000-0356-F901	7064-0000-030E-E3B0
だいちゃん	5F01-0000-0301-21F9	C975-0000-030C-DE40
だいき	5F02-0000-0362-EDE6	94C0-0000-036A-BA64
FBGTY532	5F1A-0000-032D-4758	C7ED-0000-0341-3F9C
AQDG	5F35-0000-0365-C1F4	2AC9-0000-0333-96D2
タイ	5F5D-0000-0338-E65F	1327-0000-0307-E8DA
そのひぐらし	5F76-0000-031E-0839	9B87-0000-0308-14B4
そうたqvbnj	5F8F-0000-0346-DDB8	3893-0000-0340-6C8D
そうたasdas	5FA5-0000-0341-B904	A2B8-0000-0309-A927
そうた	5FB1-0000-034C-80D8	180B-0000-035E-A8AF
そう	5FDB-0000-035B-CA3B	33A0-0000-0345-5E62
ぜん	5FF8-0000-0334-EB4B	5F7A-0000-0333-1F14
せな とき こと	5FFE-0000-031A-4A0D	BBF9-0000-0330-FADB
せいや	6007-0000-035B-0E02	19D8-0000-0316-B0DB
スピラン:V.V.V	600A-0000-032B-1ECF	3B39-0000-0300-9662
スタチュー	600C-0000-0305-1666	8F8B-0000-034D-4DE4
ズームイン	601F-0000-0358-9FE3	013F-0000-0358-4C10
スーパーソウル	602E-0000-0364-576B	127B-0000-0344-613A
じんめんなめこ	6036-0000-0315-A374	C49F-0000-0309-11EF
しんたろう	604F-0000-030E-D976	C728-0000-0343-F8FD
ジンタ	6069-0000-0312-C3AF	62DF-0000-0356-AFB8
じんせいはいちどきり	6077-0000-031E-DE35	5DEB-0000-0357-365F
しんさく	6078-0000-0364-B643	57D8-0000-0358-945C
じんくん	609D-0000-0314-142B	3635-0000-0327-6C96
じんいちろう	60BC-0000-034E-6F94	DB44-0000-0359-54C3
しようと	60BF-0000-0346-AD60	94DF-0000-033D-79CC
しょうじ	60FC-0000-0348-0EFD	122D-0000-0321-29A8
じょういち	60FF-0000-0344-B8B0	6778-0000-0355-6CF3
しょう　きんた	6120-0000-0314-8902	8AE9-0000-0353-41F8
しゅん	613F-0000-0323-1F74	BE7A-0000-0349-FDE1
しゆーせ	6148-0000-0331-82DF	CD38-0000-0332-1989
しげる	6168-0000-032D-65B3	2A8C-0000-0323-6344
しげ	616B-0000-0328-6756	0529-0000-02FF-B34C
さやか	6189-0000-034C-1485	1F67-0000-033D-472F
さな	6196-0000-0319-B285	68B2-0000-0342-E785
さくさく♪	619C-0000-0358-94FA	69C4-0000-0362-6C90
さいきょう	61AA-0000-0362-A510	8F65-0000-0334-834F
こまち(#´∀`#)	61B2-0000-0313-36CD	1971-0000-032C-94C4
ことほのまき	61FD-0000-030E-23FE	0D33-0000-0333-C40E
こてっちゃん	6229-0000-030B-7B53	0EC2-0000-0352-84DE
こうちゃん	6241-0000-032D-4C54	2408-0000-0330-984E
こうた	6246-0000-0342-1C98	5D22-0000-033F-9196
BFG2345	6263-0000-0366-19FD	F861-0000-0348-9268
こうせい.	626F-0000-0336-2594	C4E1-0000-033A-2DBD
こうすけ	6276-0000-0301-2356	02D2-0000-033E-09D4
こうき	6276-0000-0320-078C	B9EC-0000-0322-5DD5
FDVERF44	62BB-0000-0305-7C29	054B-0000-0368-2C79
けんとぅー	630F-0000-0354-A4D4	68BE-0000-0327-6664
けん	631A-0000-0360-E9D2	BC2C-0000-0323-E616
けいと	6337-0000-035B-3F64	D0FB-0000-0305-2A38
98ed237jvfSD	634F-0000-035A-DA48	2ED8-0000-034C-A075
21cdt4er34t54g5t7u78	635D-0000-030B-CEC4	D05C-0000-0308-222D
クラッシュ	637E-0000-0350-97E5	A55B-0000-033F-71E5
くっちゃん	637F-0000-0336-40C9	EF35-0000-0363-FEAD
くつした	63A2-0000-032F-17AC	0EA3-0000-0315-AAF2
グール.KY	63BD-0000-0361-BB5A	8F6F-0000-0336-8AAB
くーちゃん:	63D0-0000-0308-713F	1098-0000-0301-7C47
クーゲルシュライバー	63DD-0000-0323-00F4	3A48-0000-0300-F8BF
きらと	63DD-0000-033A-D985	541D-0000-0359-12A4
きら	63E3-0000-0359-6D2D	BF35-0000-0327-82C6
きよまさ	6428-0000-0363-B6F9	4CD9-0000-034F-2B8E
きむにぃ	6459-0000-0335-C743	147D-0000-031A-DA7D
キッカム	6466-0000-033E-5A90	89B8-0000-035B-E628
きうく	64C8-0000-0319-07C0	91DE-0000-031E-0A68
きいちろう	650A-0000-032C-9D52	E145-0000-0362-B1BA
かんた	6540-0000-033D-2B7A	384A-0000-0349-72D7
かんた1232	654A-0000-0309-5C69	8738-0000-0337-BB00
かんじ	654E-0000-0366-6417	E0EE-0000-034E-29AC
かるま	6562-0000-0334-A30B	C4B0-0000-0319-861B
かよう	65F5-0000-0331-EAC4	86E8-0000-0340-AA87
かなと	65F9-0000-035B-4843	FF2A-0000-035B-261B
かつどん	6623-0000-0329-6ABF	5288-0000-035B-0FDD
ガッツミラー	6647-0000-032F-47DB	4CE4-0000-0352-06E9
かつあき	6684-0000-033D-AB0F	6BA4-0000-0340-AF96
かぜのとき	668E-0000-0360-41C6	AA29-0000-0311-BE35
かずひこ	6694-0000-02FE-F030	C499-0000-030E-0B43
かず	66A0-0000-031D-80FE	F042-0000-032F-B405
かおり	66DE-0000-034F-B720	F616-0000-0304-81CF
かいと2345	6709-0000-0331-EF50	36F4-0000-0334-4743
かいと	6718-0000-0330-9C39	ED10-0000-0304-7AB2
カイト	6720-0000-032B-6A69	E223-0000-035A-5D84
かい	6731-0000-0307-B144	E2EF-0000-0342-CFA0
おれきんぐ	6754-0000-0312-739D	AE52-0000-0324-C8A1
オムライス	6764-0000-0322-773C	A5C8-0000-033D-ED3B
おたイカ	6765-0000-035D-8A34	252C-0000-032B-6A61
おくパーのおっとっと	6782-0000-0334-AAB3	18F8-0000-0327-2150
オオカミ	6782-0000-035A-47BE	7C32-0000-0333-7812
えいしょ	678E-0000-0308-083B	F4D0-0000-034B-F678
ウエムー	67A2-0000-0321-B0A5	0D44-0000-033E-975A
いぶき	67AC-0000-0350-42F1	E3E0-0000-0366-022D
イカしたイカ!	67BA-0000-034C-2B34	F71B-0000-0325-DC54
あらいでーす	67F2-0000-0332-94CE	32AE-0000-0331-2B19
あゆむ	684C-0000-0301-E7C4	13AB-0000-0310-12EA
アツモリ	685D-0000-033E-0733	4905-0000-030F-317F
あつひと	68A4-0000-030C-99CF	D2D8-0000-0306-A19B
アッスーくん	68D0-0000-0311-E6D6	9201-0000-033E-A9B4
あっくん	68D1-0000-0309-4BF7	78D3-0000-0343-0648
アシュリー	68D1-0000-030B-5725	F72C-0000-0358-EE21
あさひ	68D8-0000-034E-6D04	FF93-0000-0350-D0B7
あくま	6913-0000-0357-5B1A	D9C3-0000-0358-E1A5
あかね	6932-0000-0356-FCB2	AD8B-0000-035F-3FFC
あおりいかせんぱい	6940-0000-0336-F35A	A224-0000-034D-FFDF
あおい	6961-0000-0349-7008	1F41-0000-0326-1ECF
あいうえおかきくけこ	6964-0000-0335-BBAE	4548-0000-0310-66AC
アッスーくん	6966-0000-0303-1556	5CFC-0000-0326-282C
あっくん	6980-0000-0315-1C5C	7AD5-0000-0329-00BD
アシュリー	6982-0000-0348-2FD7	535A-0000-0359-74A6
あさひ	69B8-0000-033B-926A	DD3C-0000-0352-CB46
あくま	69BE-0000-0361-F2AE	4469-0000-0347-A335
あかね	69FA-0000-0324-9615	6338-0000-031F-53E3
あかね	6A05-0000-0349-0B82	B9B8-0000-034E-4CD4
