わーお(^_^)	079D-0000-0351-17E2
れんれん	07CD-0000-030D-EA60
るるか	07F7-0000-030F-A51B
るぴちゃん	080E-0000-0307-A394
るいかい	082F-0000-0358-A218
りょうたろう　　　　	0830-0000-0353-D322
リョウガ	0833-0000-0357-690F
りょーと	085F-0000-0364-6DA1
りゅうしん	0861-0000-0353-6FC4
りゅうき	0873-0000-033C-96A6
りっくん	0880-0000-0341-CA17
りくっち	08AC-0000-0303-AB1D
qfgh	08AF-0000-030D-BD5F
ygfcxc	090E-0000-0316-8159
pñlk	091D-0000-035D-58F2
bvv	0927-0000-0348-8478
りーちゅん♪	0934-0000-034B-65DE
りーちゃん	093A-0000-0358-2EA9
ヨッシー	0967-0000-034B-4970
よしひろ	097B-0000-032D-69C1
よこはま	097D-0000-033E-4E04
ゆめか	0983-0000-0351-C92F
ゆっくん	0992-0000-032D-600C
ゆずき	0994-0000-0322-B63E
qasd	09AC-0000-034B-982B
ゆうと	09B6-0000-034B-4D15
grtg	09ED-0000-033F-B7E1
mk	0A0C-0000-033D-0714
ゆうご	0A40-0000-0358-A69E
ゆうき	0A4B-0000-030F-42DB
ゆうが	0A60-0000-0306-DFE1
ゆう	0A6D-0000-0316-9747
ユイガマスター	0A6E-0000-032F-44A3
ゆい	0A70-0000-0320-E3EE
やまだ	0A7C-0000-0349-0A58
やたろう	0A84-0000-0339-EBB1
やす	0A98-0000-0355-EE81
もやし	0A9E-0000-0363-810E
もえもえ	0AB3-0000-0339-AAF5
めぐにゃ	0ABE-0000-0308-7103
めぐ	0AC3-0000-033B-57A8
ムササビン	0AE8-0000-035C-5971
ミラン	0B14-0000-036A-19FE
みゆ	0B1B-0000-032E-E6F4
みほしゃん	0B56-0000-0357-6303
ミットュー	0B61-0000-034A-6186
みっちー	0B64-0000-031C-A3B1
みつ	0B69-0000-0324-4E6A
ミーツー	0B74-0000-0333-F9DE
まさのり	0B7E-0000-0308-73B4
sdffg	0BA3-0000-035A-2768
まさし	0BBD-0000-0338-74EF
まさき	0BD1-0000-0339-3024
まさ	0C12-0000-0351-9EDF
まこりん	0C32-0000-0334-EDAD
まあたん	0C8F-0000-0338-11C1
マーヤ	0CCF-0000-030B-6C68
まーくん	0CE8-0000-035D-1CD8
まー	0CEE-0000-034C-A811
ほの	0D04-0000-0361-914D
ほづき	0D18-0000-0331-2A18
ボーリングのたま	0D1F-0000-035C-611C
ポーくん	0D48-0000-0363-8CC0
ヘンリー	0DA8-0000-0368-A724
へたくそげーまー	0DB6-0000-033F-429F
ぶん	0DCA-0000-0312-AD9B
フワッティー	0DDC-0000-0319-C3A1
ブロッコリーブロリー	0DF3-0000-032D-6360
プリシア	0E23-0000-0345-3E05
ぶちころぶちころあ.	0E83-0000-0330-0ECA
プクプク	0EC4-0000-035B-91F7
ぷくたろう	0F17-0000-0342-5DD9
フォレスト	0F1E-0000-0340-2001
ぶーたろ	0F6B-0000-034D-DB6E
ぷーいけ	0FE8-0000-02FF-B716
ひろと	0FEE-0000-0364-19AC
zk gcxvbg	103B-0000-033E-70A4
2eftr67hy	1041-0000-0365-F94D
7ytgvf d	1045-0000-033F-49BA
ひろ	1050-0000-0331-FABB
ヒロ	105C-0000-0338-778E
ひまじん	1082-0000-0343-B78A
ひと	10EF-0000-0341-BCCE
ヒデ	1110-0000-030B-D094
ひで	1171-0000-0303-C4D9
ひっと	11FE-0000-0316-8BEC
ひっか	120B-0000-0324-F667
ビーン	1242-0000-034F-2953
はるま	1275-0000-0357-157B
はると	127B-0000-033A-0CA5
はるき	1283-0000-0362-2CB6
165vfdv5	1290-0000-032B-AD32
はるき23	12B9-0000-0344-156E
769sdvdf	12DB-0000-0317-5E04
はやと	12F5-0000-034A-0706
ぱぱnn	1305-0000-0325-7780
ぱぱa	1305-0000-0357-8E36
ぱぱ	1308-0000-0359-B160
はな	1323-0000-033E-8A6F
バットボーイ	1330-0000-0357-08E9
パール	133B-0000-0301-C0F6
なり	1383-0000-0345-3914
ながちゃん	1388-0000-0324-D798
ナガ	13B8-0000-0326-4696
なおやん	13D2-0000-0347-B5F1
ないと	13E8-0000-035C-ACEA
ドラ	13F3-0000-0359-B14C
65156sdv	1418-0000-032E-D9CF
とも	143C-0000-0314-6BD7
とだゆうき¶	1441-0000-0344-7E8B
ときや	1457-0000-031E-137C
とおりすがりのオタク	1462-0000-0344-E3EF
とあ	14C4-0000-033A-0B30
てるぼうず♪	14CF-0000-034D-87D5
てった	150F-0000-0339-F7A8
てすと	1519-0000-0312-530A
ちょちょP	152D-0000-0318-6D01
ちゃんじゅに	1535-0000-0343-549A
ちやんがら	154C-0000-0352-F3F0
たみお	154F-0000-033F-B3D6
たつや	1550-0000-0322-81B7
たっくん	1560-0000-033A-C5DA
たつくん	1582-0000-0351-C698
たこやき	15A4-0000-0352-30D9
たくや	15B9-0000-0361-8E07
たくみ	15BC-0000-0348-7D5F
たくと	15C0-0000-0339-C346
タカ2	1602-0000-0331-C155
たか	1614-0000-032A-4AC3
wefwe23re	1620-0000-0369-A95F
だいちゃん	162B-0000-034A-9031
だいき	162C-0000-0301-738D
FBGTY532	165A-0000-0306-E577
AQDG	165B-0000-0313-97E8
タイ	167F-0000-030F-51D9
そのひぐらし	1685-0000-0360-353D
そうたqvbnj	169B-0000-0315-062F
そうたasdas	16B2-0000-030E-3F98
そうた	16C8-0000-033D-846C
そう	16CB-0000-0346-7EB2
ぜん	16F1-0000-0356-368B
せな とき こと	170F-0000-0318-603F
せいや	170F-0000-033C-8A05
スピラン:V.V.V	1714-0000-0348-106D
スタチュー	173C-0000-0320-D5E9
ズームイン	177A-0000-0332-B59F
スーパーソウル	1782-0000-02FF-8CB7
じんめんなめこ	17BB-0000-034A-6988
しんたろう	17E8-0000-0358-A4CE
ジンタ	17FB-0000-0310-B194
じんせいはいちどきり	1818-0000-0334-1684
しんさく	181A-0000-033F-45E6
じんくん	183E-0000-033A-D6DA
じんいちろう	183F-0000-032B-14A5
しようと	1862-0000-034F-F099
しょうじ	1878-0000-0364-A9CA
じょういち	189B-0000-035D-8475
しょう　きんた	189D-0000-0360-2CEB
しゅん	18A2-0000-033D-736A
しゆーせ	18B4-0000-0339-5AE1
しげる	18BF-0000-0310-9651
しげ	18DA-0000-0348-B159
さやか	18F5-0000-0364-3963
さな	18F7-0000-030E-462B
さくさく♪	18FC-0000-0336-401E
さいきょう	1976-0000-0347-5068
こまち(#´∀`#)	1993-0000-0315-841A
ことほのまき	1999-0000-0335-302D
こてっちゃん	199C-0000-0329-C238
こうちゃん	19AD-0000-0354-F2F9
こうた	19E6-0000-032F-6011
BFG2345	1A1F-0000-0351-CA29
こうせい.	1A28-0000-0305-8885
こうすけ	1A34-0000-031F-B26C
こうき	1A54-0000-0363-6671
FDVERF44	1A75-0000-0357-E033
けんとぅー	1A8F-0000-0334-145F
けん	1A90-0000-0339-BAD5
けいと	1AA2-0000-033F-A493
98ed237jvfSD	1AB2-0000-030F-CF76
21cdt4er34t54g5t7u78	1AD4-0000-0314-9476
クラッシュ	1AD9-0000-0346-B1F5
くっちゃん	1AEA-0000-0367-B7FC
くつした	1B13-0000-035B-3755
グール.KY	1B26-0000-0310-75A5
くーちゃん:	1B3A-0000-035B-044A
クーゲルシュライバー	1B3F-0000-032B-3D49
きらと	1B73-0000-031A-763E
きら	1B7E-0000-0361-8EBD
きよまさ	1B80-0000-030A-7D07
きむにぃ	1BC7-0000-033E-8CD1
キッカム	1BD1-0000-033F-B00C
きうく	1C00-0000-0362-499C
きいちろう	1C05-0000-032E-CF86
かんた	1C42-0000-0346-F533
かんた1232	1C54-0000-030A-7339
かんじ	1C59-0000-034F-1C71
かるま	1C69-0000-035A-0E0E
かよう	1C7B-0000-0353-D47D
かなと	1C7F-0000-0368-9A27
かつどん	1C82-0000-035C-AEE5
ガッツミラー	1C87-0000-030B-5198
かつあき	1C8C-0000-0321-DCA8
かぜのとき	1C8D-0000-0342-E711
かずひこ	1C92-0000-02FF-0A54
かず	1C95-0000-034D-8212
かおり	1C96-0000-030E-B45F
かいと2345	1C9B-0000-030C-21DA
かいと	1CAD-0000-0355-9649
カイト	1CB2-0000-0345-1FC2
かい	1CE3-0000-0307-7779
おれきんぐ	1D14-0000-0357-227B
オムライス	1D7C-0000-0304-3E6F
おたイカ	1D7E-0000-034A-F747
おくパーのおっとっと	1D97-0000-034B-9E08
オオカミ	1DE2-0000-034B-CE23
えいしょ	1DF9-0000-0338-AC98
ウエムー	1E33-0000-033B-4CA9
いぶき	1E89-0000-031E-1362
イカしたイカ!	1E8D-0000-0348-B91C
あらいでーす	1EC9-0000-0310-0A63
あゆむ	1ED4-0000-035A-BC99
アツモリ	1F1A-0000-0344-7991
あつひと	1F26-0000-0323-CDDA
アッスーくん	1F51-0000-0327-C09F
あっくん	1F55-0000-0327-7DEB
アシュリー	1F5C-0000-0356-5076
あさひ	1F8A-0000-0351-53E0
あくま	1F99-0000-0359-6BB5
あかね	1FA7-0000-0367-F3BC
あおりいかせんぱい	1FB4-0000-0339-E34F
あおい	1FD4-0000-030A-5B35
わーお(^_^)	1FF6-0000-0305-782C
れんれん	2016-0000-0343-B059
るるか	2025-0000-0300-3E55
るぴちゃん	2029-0000-0311-1A26
るいかい	2055-0000-035D-8B3F
りょうたろう　　　　	208F-0000-0327-E5B6
リョウガ	2093-0000-0333-AB8D
りょーと	2094-0000-0305-EBF9
りゅうしん	2097-0000-0331-2A21
りゅうき	20A6-0000-0331-AF30
りっくん	20BD-0000-0305-0BD8
りくっち	20D0-0000-0351-ED13
qfgh	20D1-0000-030F-BD60
ygfcxc	20D6-0000-033A-02C7
pñlk	20F6-0000-0306-BB27
bvv	2110-0000-0324-D79F
りーちゅん♪	211F-0000-0337-8FB0
りーちゃん	2134-0000-030D-3057
ヨッシー	2142-0000-032B-A984
よしひろ	2169-0000-0327-3678
よこはま	217C-0000-0308-E7C4
ゆめか	217D-0000-0332-318D
ゆっくん	217D-0000-0351-4EC8
ゆずき	218D-0000-033E-8A94
qasd	21A3-0000-0365-88A8
ゆうと	21BC-0000-0331-1B6A
grtg	21C7-0000-0315-0DA9
mk	220F-0000-0317-BB3B
ゆうご	2230-0000-0359-C751
ゆうき	2239-0000-033C-3C55
ゆうが	223D-0000-034A-C620
ゆう	2242-0000-0343-C4B7
ユイガマスター	224B-0000-0324-9FBB
ゆい	2258-0000-0301-0B14
やまだ	225D-0000-036B-4C2D
やたろう	229E-0000-031C-CB52
やす	22BF-0000-030A-85C0
もやし	22EC-0000-0359-C339
もえもえ	22F3-0000-036E-11DA
めぐにゃ	233E-0000-030C-2F19
めぐ	2369-0000-0320-E8B8
ムササビン	2389-0000-0329-81E4
ミラン	2397-0000-034F-A427
みゆ	23A5-0000-0301-0B1B
みほしゃん	23AA-0000-034C-7255
ミットュー	23AC-0000-0333-9A2C
みっちー	23B1-0000-0340-26A2
みつ	23C4-0000-0342-D9B2
ミーツー	2402-0000-0315-B733
まさのり	2441-0000-0361-8E86
sdffg	244C-0000-035D-0F1E
まさし	2454-0000-0347-C679
まさき	245C-0000-032D-4A05
まさ	247B-0000-0337-8009
まこりん	247B-0000-0360-6DF8
まあたん	2499-0000-0345-BC80
マーヤ	24A1-0000-0305-6948
まーくん	24D0-0000-0366-1BA8
まー	24F5-0000-035E-8095
ほの	2508-0000-0324-F527
ほづき	2523-0000-0360-15F1
ボーリングのたま	2526-0000-0313-1125
ポーくん	2540-0000-0311-37B1
ヘンリー	2583-0000-030D-7C0A
へたくそげーまー	258A-0000-0322-6D7D
ぶん	258B-0000-0327-E604
フワッティー	2590-0000-0362-AD89
ブロッコリーブロリー	25BC-0000-0313-FD98
プリシア	25CB-0000-0330-1EEA
ぶちころぶちころあ.	25E1-0000-030C-25D4
プクプク	2605-0000-035B-7411
ぷくたろう	261C-0000-0353-1142
フォレスト	261E-0000-0349-8280
ぶーたろ	2627-0000-031F-AA97
ぷーいけ	262C-0000-033A-D2BA
ひろと	2655-0000-033E-64D9
zk gcxvbg	2665-0000-0359-C649
2eftr67hy	2672-0000-035B-003A
7ytgvf d	2685-0000-034C-0F0F
ひろ	2699-0000-0305-12E2
ヒロ	26B3-0000-0326-96DC
ひまじん	26B6-0000-0319-B2AA
ひと	26D8-0000-0331-21CB
ヒデ	26D9-0000-032F-CC60
ひで	2718-0000-0330-CD13
ひっと	272B-0000-030C-7C11
ひっか	276C-0000-035B-3587
ビーン	2798-0000-035A-4545
はるま	27A5-0000-033A-B03E
はると	27B1-0000-0342-2041
はるき	27C2-0000-035C-E5DB
165vfdv5	282F-0000-031E-C567
はるき23	283A-0000-0320-6258
769sdvdf	2879-0000-0334-AC1E
はやと	2884-0000-0311-BC97
ぱぱnn	2887-0000-0347-5311
ぱぱa	2890-0000-032C-D344
ぱぱ	289F-0000-0328-FE29
はな	28C5-0000-036B-B87C
バットボーイ	28C8-0000-035D-8CCD
パール	28CA-0000-0338-D798
なり	28CC-0000-035D-FD92
ながちゃん	28D0-0000-0328-43EF
ナガ	28E1-0000-0363-FAD1
なおやん	28E2-0000-0339-BCC2
ないと	28F9-0000-0365-B49F
ドラ	292A-0000-0352-1626
65156sdv	297A-0000-0357-7B07
とも	2991-0000-032C-93B1
とだゆうき¶	29A2-0000-035A-1CA8
ときや	29A6-0000-0368-4CE1
とおりすがりのオタク	2A0E-0000-0321-2F41
とあ	2A13-0000-0310-6CCF
てるぼうず♪	2A2C-0000-0363-B6A2
てった	2A44-0000-035A-A50A
てすと	2A4F-0000-0302-7F7E
ちょちょP	2A74-0000-0314-163E
ちゃんじゅに	2A93-0000-0314-710D
ちやんがら	2AA8-0000-0333-FC02
たみお	2AF3-0000-0342-7E8E
たつや	2B00-0000-033A-0EFC
たっくん	2B16-0000-0357-98D3
たつくん	2B43-0000-0351-E2BE
たこやき	2B4C-0000-0307-BB57
たくや	2B55-0000-0306-810D
たくみ	2B57-0000-0308-38F8
たくと	2B65-0000-02FF-BC1E
タカ2	2B76-0000-031F-9DD0
たか	2B80-0000-0330-719A
wefwe23re	2BAA-0000-0336-4771
だいちゃん	2BD0-0000-0324-ED09
だいき	2BD1-0000-0316-B12B
FBGTY532	2BDA-0000-0300-267A
AQDG	2BEB-0000-034B-4520
タイ	2BFB-0000-0306-95D2
そのひぐらし	2C14-0000-0311-99E5
そうたqvbnj	2C18-0000-030D-86B0
そうたasdas	2C1D-0000-0358-B38D
そうた	2C24-0000-034A-D2F1
そう	2C2C-0000-0335-D87A
ぜん	2C6A-0000-033E-62F5
せな とき こと	2C6F-0000-0356-F862
せいや	2C80-0000-0302-B127
スピラン:V.V.V	2C8D-0000-0324-23CB
スタチュー	2C93-0000-032F-447F
ズームイン	2C9A-0000-0328-FFDF
スーパーソウル	2C9E-0000-030E-E5E3
じんめんなめこ	2CC7-0000-0335-D401
しんたろう	2CC9-0000-0334-541B
ジンタ	2CCD-0000-032D-1CD0
じんせいはいちどきり	2CD7-0000-035D-8C4D
しんさく	2CDF-0000-032E-3616
じんくん	2CDF-0000-0356-E1CE
じんいちろう	2CFA-0000-0343-DC34
しようと	2D07-0000-0365-F9B2
しょうじ	2D15-0000-0349-81D9
じょういち	2D33-0000-0308-F41D
しょう　きんた	2D4B-0000-0324-4566
しゅん	2D8E-0000-030D-FE0B
しゆーせ	2D96-0000-0339-E698
しげる	2DBF-0000-0301-EB09
しげ	2DC5-0000-0329-1C9C
さやか	2DD8-0000-0331-76AC
さな	2DDB-0000-0305-61C6
さくさく♪	2E05-0000-0359-5962
さいきょう	2E07-0000-0309-0E91
こまち(#´∀`#)	2E07-0000-034B-D53A
ことほのまき	2E26-0000-0321-C1F0
こてっちゃん	2E6C-0000-035B-7941
こうちゃん	2EBB-0000-0311-B534
こうた	2EDA-0000-0311-059B
BFG2345	2EE8-0000-0352-1756
こうせい.	2EE9-0000-0302-C32B
こうすけ	2F00-0000-0309-B786
こうき	2F14-0000-0323-7FC4
FDVERF44	2F1F-0000-0316-1A21
けんとぅー	2F3B-0000-034A-71EC
けん	2F41-0000-0361-6D32
けいと	2F7C-0000-0336-EA62
98ed237jvfSD	2F8F-0000-0348-0690
21cdt4er34t54g5t7u78	2F91-0000-0347-408C
クラッシュ	2F9A-0000-0346-D854
くっちゃん	2FF2-0000-034B-AA46
くつした	3038-0000-0341-69E4
グール.KY	307F-0000-0349-688C
くーちゃん:	3089-0000-0357-71E7
クーゲルシュライバー	308A-0000-033D-6101
きらと	30C0-0000-0365-1A75
きら	30C6-0000-0312-529D
きよまさ	30E1-0000-0339-E259
きむにぃ	30E1-0000-035B-EA6A
キッカム	3137-0000-0330-25B5
きうく	316E-0000-0343-7E62
きいちろう	3174-0000-033E-A428
かんた	318C-0000-0300-1CBD
かんた1232	318F-0000-0331-B702
かんじ	3195-0000-0342-2007
かるま	31B2-0000-032D-53E5
かよう	31E1-0000-0308-F0B3
かなと	3277-0000-0338-C138
かつどん	3278-0000-0327-AFCF
ガッツミラー	327B-0000-032E-205E
かつあき	32B4-0000-034D-0D63
かぜのとき	32F3-0000-032D-9E06
かずひこ	32F8-0000-034C-FBEE
かず	32FB-0000-0312-558F
かおり	335B-0000-033E-0633
かいと2345	3365-0000-032D-5C03
かいと	3380-0000-035A-1CAC
カイト	3386-0000-0356-FC3E
かい	33B3-0000-0308-A8A8
おれきんぐ	3444-0000-0367-61FE
オムライス	3447-0000-0345-1A59
おたイカ	344C-0000-031B-E2D1
おくパーのおっとっと	344C-0000-032A-2BF6
オオカミ	345E-0000-0327-1EF4
えいしょ	3461-0000-0347-94B4
ウエムー	3467-0000-0326-DB6C
いぶき	34A1-0000-0328-8CBB
イカしたイカ!	34ED-0000-0323-33C2
あらいでーす	3506-0000-0336-EDB5
あゆむ	3510-0000-0347-949D
アツモリ	353F-0000-0311-2646
あつひと	3541-0000-0351-E48A
アッスーくん	3576-0000-032C-DE8B
あっくん	357C-0000-0321-A85A
アシュリー	35BE-0000-030A-8A95
あさひ	35C2-0000-0335-B715
あくま	35F1-0000-0332-22DB
あかね	35F9-0000-033A-D0F1
あおりいかせんぱい	35FE-0000-0323-E15C
あおい	35FE-0000-0359-117B
あいうえおかきくけこ	3608-0000-0320-19DD
あーはい、えーはい、	3612-0000-035A-B59B
あ	3638-0000-0331-7376
Крутой	366C-0000-0341-A234
ρгσ☆Jαкε♂♪	3671-0000-0338-4176
ΔΨΔΖΩ	3672-0000-033F-0CD5
βόόдϊё	3695-0000-0338-6A8F
ZYX:しょうとら	3697-0000-0360-B509
Zudomon	36AB-0000-034D-7F08
Zoey	36BB-0000-0343-1064
Zizzy boy.	36CE-0000-0327-C964
zekrom	36F6-0000-0331-20C5
Zebazone	3700-0000-0331-7641
zayi	370A-0000-0345-106A
zak	3716-0000-0325-77E0
Zadiee	3732-0000-0307-FC94
Zack	3733-0000-0347-4DB3
z man	374A-0000-0312-4816
Yuki	374D-0000-0308-18F0
Yudi	3762-0000-0336-51A7
YT: LGZ	3778-0000-0311-E5D0
YT_BlueX2	377D-0000-0337-1B80
YouTubeDE	378A-0000-0332-04B0
yoshi678	37B3-0000-0368-D5A8
yassy	3818-0000-0357-FE59
Yann	381A-0000-035F-5308
yang～	3877-0000-0344-8722
yampi	388C-0000-032F-5075
XIXILI	38AE-0000-036A-295D
Xirus5305	38D5-0000-035F-5B96
Xeze	38F8-0000-0347-55DE
XelonGamer	390A-0000-0316-7976
xander	390C-0000-0334-8F0A
Xakrom	391D-0000-0345-2811
WW★Wiz	3944-0000-0302-97FD
würstli	3971-0000-035E-505E
wtylp?onz	3973-0000-0310-6CDB
WoodBottle	3990-0000-0335-A0EC
Wolf	399D-0000-0321-4204
Wisplisp	39D3-0000-033A-D5DC
WillianFOX	39E2-0000-0358-C138
William	3A35-0000-032E-D98F
3qnjreuieriuenvrnjeioiojwefnie	3A3F-0000-034E-46B3
WiLLiAM	3A5F-0000-032E-2407
Williamrtyui	3A6D-0000-0354-F24F
Willa	3AD2-0000-031B-0B3C
WiLL	3AEB-0000-0302-ACC3
Waverunner	3AF9-0000-035B-7BE0
violetta	3AFB-0000-0310-2F9B
Vince	3B15-0000-0349-1557
victor	3B46-0000-032F-4D82
vicente	3B5E-0000-0353-0D11
uyi	3B65-0000-032F-C126
Usiel04	3B67-0000-035A-77ED
unknown???	3B90-0000-0342-1F9B
un men mas	3B96-0000-033B-6297
Nicholas5678	3B9F-0000-032E-8C94
Nevio	3BAA-0000-0361-8689
Nei	3BB3-0000-030C-7F3D
Nathan	3BBB-0000-0358-4A84
nathan1234	3BC6-0000-035E-4998
nathan	3BD7-0000-0365-0A2A
Nate	3C0E-0000-0349-2D62
nano	3C0E-0000-034B-714E
Nahil	3C3E-0000-034C-90CC
NAddict00	3C45-0000-0366-A466
muranari	3C56-0000-030A-603A
Muireall	3C63-0000-0312-7B45
Muffy	3C6C-0000-0322-81AF
MrsShefski	3C85-0000-031E-AE5E
mrjqwwwuuu	3C95-0000-034C-82C3
mr.awesome	3CC1-0000-036A-7F75
Mr. Caboor	3CD0-0000-035C-B2F2
Mr-Cabral	3CEF-0000-035B-76D6
mr poops	3CFB-0000-0349-0495
Mommy	3D06-0000-036B-E2CE
Mom	3D24-0000-0342-1BFB
mjkk	3D31-0000-030C-24E0
miralexis	3D41-0000-0339-C69E
Mirage	3D46-0000-030A-9D8D
min∞Shina	3D67-0000-0336-E8EF
Mim	3D6E-0000-0327-8231
MIKE	3D86-0000-0355-D81B
Mike	3D9B-0000-0342-505D
Mikal	3DCB-0000-032E-CEA5
Miguel	3E20-0000-0362-1965
MichiMorde	3E3A-0000-033D-01CD
michaels.	3E3D-0000-0356-538A
Michael	3E8F-0000-0344-DF78
messi	3E9C-0000-035B-A680
Men 123	3EB6-0000-0333-3F1E
Men 10	3EDB-0000-0341-EED9
Mel	3EDF-0000-0368-23C6
MCW UK	3F15-0000-0306-D6C0
MaXXXi	3F1F-0000-0348-B811
Maxime	3F26-0000-032D-27A5
maxím	3F55-0000-0301-0B23
Max	3F63-0000-031C-95EF
Matthew	3F9F-0000-0349-9376
matthew	3FC5-0000-0362-0118
Mattew	3FD6-0000-035F-B8E1
MATSURI★	3FFC-0000-0318-9DD9
math	4003-0000-033D-0442
mat	4018-0000-0332-F4E3
mason	401F-0000-0335-22EA
Mario	4023-0000-033F-55B5
marek	403C-0000-0339-7A34
marcel ps	4043-0000-0344-575F
mar	4044-0000-035F-F6EF
manhead	4064-0000-0347-BE6A
Manaka	4072-0000-0310-F45B
MANA	407C-0000-0342-640B
MaMan	4089-0000-034D-84FD
malek	4092-0000-0334-07BB
Makerpro	4096-0000-0302-AD57
Majestra:)	40A9-0000-0338-6D9C
MAI	40B9-0000-035A-3499
mac	40C0-0000-035F-15E8
Mac	40D5-0000-0354-E82D
maboiweelz	40DD-0000-034D-1809
maa	40E9-0000-031A-9F9D
Lulu	40F6-0000-0346-477B
LukeTerver	410B-0000-0339-715D
LukeSegn	417D-0000-0367-9142
luke	41B1-0000-0369-9D39
Luke	41B4-0000-032F-5C4E
21ctryt565	41C5-0000-035D-E170
lukas	41FA-0000-031D-87F5
LuisE242	4206-0000-0307-6912
LUIS ANGEL	4218-0000-0328-965D
Luis	4240-0000-035A-4951
luis	4272-0000-033E-668D
Luigi	4278-0000-0345-B7E7
Luciano	428D-0000-0337-4101
luciano	4293-0000-0328-F82D
lucas2006	42CA-0000-0354-E74E
lucas	42D1-0000-034F-DE22
Lucas	42D8-0000-0319-91EA
213sdf8invgreer	4309-0000-030D-E4AC
Luca	4320-0000-0354-9624
ls1	4330-0000-0360-2322
Louna	4352-0000-0331-410E
louk viac	436F-0000-033C-E9B2
lordganon	4370-0000-0351-6EDE
lokman	4375-0000-0305-0BFE
lokendero	4392-0000-030A-8CF8
Logan	43A6-0000-033C-A919
lizerd leg	43C3-0000-0331-FDDD
Liverwurst	43CD-0000-035C-6C53
Lionel	43FC-0000-032C-914A
LINK	4416-0000-034C-329A
Lingpling	442A-0000-0346-9740
Lily	4439-0000-0369-27A3
Lilli Boo	447B-0000-033A-BF95
LILI	447C-0000-0364-9FDB
Lil Jay	44D1-0000-0310-41D1
Liberated	44DD-0000-0363-9091
Liam	44E2-0000-0358-BB1F
levi	44E5-0000-034C-9F21
leuk	44F5-0000-033D-46BC
LEOTS DIOS	44FB-0000-0338-7236
Lele	44FB-0000-0347-360D
Le-le	4506-0000-035A-B4B1
Le	4508-0000-0306-142D
laurigula	450A-0000-0308-95C5
Nicholas5678	453F-0000-035D-1977
Nevio	45CF-0000-0323-E47D
Nei	45E1-0000-0306-9A40
Nathan	4650-0000-034A-803A
nathan1234	4665-0000-033E-849E
nathan	4689-0000-034F-2537
Nate	469A-0000-0348-BAB1
nano	46D0-0000-030A-037F
Nahil	46D8-0000-035D-3F5A
NAddict00	46E7-0000-0332-02E6
muranari	46EA-0000-035A-0D7F
Muireall	46F4-0000-0333-17CF
Muffy	46FD-0000-0307-70F7
MrsShefski	472C-0000-0367-EE37
mrjqwwwuuu	4746-0000-034D-25A4
mr.awesome	4763-0000-0313-4524
Mr. Caboor	4779-0000-0331-3D12
Mr-Cabral	4788-0000-0362-B5EC
mr poops	4797-0000-033C-B01B
Mommy	47B3-0000-02FF-9405
Mom	47B7-0000-0360-2F8C
mjkk	47D5-0000-032F-9E63
miralexis	47D8-0000-0304-4063
Mirage	47EF-0000-0344-8F56
min∞Shina	47EF-0000-0368-14B2
Mim	4823-0000-0337-C9FD
MIKE	4836-0000-0363-CD09
Mike	4862-0000-0361-8C64
Mikal	4863-0000-0356-5734
Miguel	486A-0000-0302-B795
MichiMorde	487F-0000-0360-9DDA
michaels.	48B1-0000-030A-BF97
Michael	48CB-0000-035B-7CBE
messi	48D5-0000-0351-C886
Men 123	48FF-0000-0314-8543
Men 10	498D-0000-030F-C990
Mel	49C6-0000-0358-4338
MCW UK	49D4-0000-0365-E272
MaXXXi	49EA-0000-0324-964F
Maxime	49F0-0000-0331-AB21
maxím	4A00-0000-0307-B39A
Max	4A01-0000-0308-A0E1
Matthew	4A3D-0000-031A-438C
matthew	4A42-0000-0357-98A7
Mattew	4A4A-0000-032B-9F48
MATSURI★	4A63-0000-0305-0572
math	4A65-0000-0361-FD36
mat	4A7C-0000-031C-5E69
mason	4A85-0000-0343-B49B
Mario	4ADA-0000-0305-7F67
marek	4B20-0000-0301-6341
marcel ps	4B2F-0000-0331-388B
mar	4B4A-0000-035B-F027
manhead	4B80-0000-032E-3E43
Manaka	4B85-0000-0341-6DF8
MANA	4B9C-0000-033E-A21D
MaMan	4BBE-0000-0309-BBD5
malek	4BDE-0000-02FF-8749
Makerpro	4BFE-0000-0344-61F6
Majestra:)	4C03-0000-033A-40FF
MAI	4CCE-0000-0352-FBDF
mac	4CD2-0000-0335-AADD
Mac	4CDC-0000-0342-4DF1
maboiweelz	4D0D-0000-0359-AE75
maa	4D12-0000-0333-B9B0
Lulu	4D44-0000-0344-8469
LukeTerver	4D4A-0000-0349-94D6
LukeSegn	4D4D-0000-0305-6C48
luke	4D5D-0000-0332-42B2
Luke	4D87-0000-033C-A721
21ctryt565	4D89-0000-0311-FD05
lukas	4D8E-0000-031E-F0B3
LuisE242	5B33-0000-0328-6B1B
LUIS ANGEL	4D91-0000-0310-9126
Luis	4D94-0000-0301-CBBE
luis	4DA3-0000-0363-CCDB
Luigi	4DB2-0000-0319-1DCC
Luciano	4DE1-0000-0305-D87C
luciano	4DF4-0000-0363-00CB
lucas2006	4DF7-0000-035D-BC13
lucas	4E00-0000-034E-64F5
Lucas	4E35-0000-031A-6DD1
213sdf8invgreer	4E37-0000-0336-231B
Luca	4E3B-0000-0353-1276
ls1	4E46-0000-035C-C175
Louna	4E90-0000-0345-424A
louk viac	4EA8-0000-030F-B74B
lordganon	4ED1-0000-0337-BEB2
lokman	4F06-0000-031C-76FA
lokendero	4F4B-0000-0339-5AFE
Logan	4F6C-0000-0339-F444
lizerd leg	4F6C-0000-0344-E23A
Liverwurst	4F89-0000-0336-D536
Lionel	4F99-0000-033F-AE1D
LINK	4FA8-0000-0348-ADF6
Lingpling	5013-0000-0337-A91A
Lily	5022-0000-0328-8BE5
Lilli Boo	502A-0000-0360-193F
LILI	503D-0000-035D-FA92
Lil Jay	504B-0000-0350-28C7
Liberated	5054-0000-0357-9CF9
Liam	5062-0000-0339-B9EA
levi	5069-0000-0303-A6A3
leuk	5073-0000-0337-CD40
LEOTS DIOS	5090-0000-0313-3A19
Lele	50AC-0000-0355-63DE
Le-le	50C1-0000-0338-6495
Le	50C4-0000-0342-FD70
laurigula	50D3-0000-0305-E666
Laurianne	50EF-0000-0320-E562
Lasercorn	5109-0000-0368-1DB9
Larina★fs	511B-0000-0334-14A3
Lantis	5136-0000-0351-CE92
Landen	5152-0000-034C-A86C
lalank	5168-0000-030C-951E
Lady Mara	5193-0000-034C-32F4
L	519D-0000-031D-83D3
kyran	51A1-0000-033B-B658
kyo kun	51A3-0000-035E-8D63
Kyle792	51C3-0000-032A-F7DD
Kyara	51C3-0000-0350-E2AE
kurotora	51C5-0000-0312-9A42
KURI♪くり!！！	51CD-0000-030A-DA69
Kurayami	51E0-0000-0324-F5E9
kristelle	51FF-0000-0330-A2B0
Nicholas5678	5200-0000-030D-F145
Nevio	5211-0000-0337-8FC4
Nei	5226-0000-0330-0400
Nathan	5253-0000-0309-DFC0
nathan1234	5257-0000-0308-9962
nathan	526F-0000-035F-8924
Nate	5282-0000-0346-AEBC
nano	5284-0000-033F-3211
Nahil	5285-0000-035B-7AF3
NAddict00	5289-0000-0363-9A11
muranari	52AC-0000-0309-DD4D
Muireall	52AE-0000-0338-36E3
Muffy	52AF-0000-034A-8634
MrsShefski	52D4-0000-0359-AAD3
mrjqwwwuuu	52DC-0000-034C-CD3E
mr.awesome	531C-0000-0347-5BB0
Mr. Caboor	5344-0000-036C-1E90
Mr-Cabral	5345-0000-0320-8397
mr poops	5363-0000-035F-735B
Mommy	5378-0000-034D-15E4
Mom	5379-0000-0310-126C
mjkk	53BF-0000-034E-AB6C
miralexis	53C9-0000-030A-D7A2
Mirage	53CE-0000-0317-6C3F
min∞Shina	53F1-0000-0359-B0A9
Mim	53F6-0000-0365-A4BB
MIKE	53F7-0000-0351-C881
Mike	541C-0000-0344-0CB1
Mikal	542A-0000-0337-5890
Miguel	548D-0000-0349-F6C6
MichiMorde	549D-0000-032F-44AC
michaels.	54BE-0000-0347-BA8A
Michael	54EE-0000-0301-12A1
messi	552A-0000-0335-65F6
Men 123	5544-0000-0308-27FF
Men 10	5544-0000-0315-A8B3
Mel	55C4-0000-0352-1F6A
MCW UK	55D1-0000-0362-3B27
MaXXXi	55D2-0000-0367-BFA4
Maxime	55F9-0000-035B-2655
maxím	55FB-0000-032E-9E6C
Max	5625-0000-0361-64FE
Matthew	5657-0000-032C-5B04
matthew	565C-0000-0303-7A5E
Mattew	5684-0000-034D-E0CA
MATSURI★	5694-0000-034A-6D19
math	56B5-0000-0342-CB17
mat	56BC-0000-0338-B657
mason	5718-0000-0354-9A38
Mario	5728-0000-034C-F039
marek	5736-0000-031F-AD25
marcel ps	573A-0000-0368-2862
mar	573B-0000-0314-1AE0
manhead	5747-0000-0343-632A
Manaka	575A-0000-0352-1AE9
MANA	5770-0000-0300-3FD9
MaMan	57AB-0000-0333-AA7C
malek	57AD-0000-031D-98FA
Makerpro	57D1-0000-0331-845A
Majestra:)	57DD-0000-0346-F120
MAI	5816-0000-033C-4857
mac	582A-0000-0323-2E3F
Mac	587E-0000-0304-1F88
maboiweelz	5891-0000-0320-87E0
maa	58BB-0000-033A-75D5
Lulu	5918-0000-0357-0A44
LukeTerver	5925-0000-031F-6866
LukeSegn	5928-0000-0320-CE9E
luke	594F-0000-02FF-0C9D
Luke	5977-0000-0346-EF70
21ctryt565	599B-0000-0329-EFD4
lukas	59A4-0000-0308-3135
LuisE242	59D4-0000-033A-CED0
LUIS ANGEL	59F9-0000-0341-CFC9
Luis	5A02-0000-035E-CC67
luis	5A1A-0000-032A-3309
Luigi	5A1E-0000-031F-57EE
Luciano	5A26-0000-0365-367E
luciano	5A2B-0000-033B-9B65
lucas2006	5A44-0000-0348-249C
lucas	5A65-0000-0362-FE83
Lucas	5A76-0000-033C-CE20
213sdf8invgreer	5AA7-0000-0360-F80C
Luca	5AB0-0000-02FF-CBE3
ls1	5AB1-0000-0368-42D3
Louna	5ABA-0000-0311-E395
louk viac	5AE0-0000-0333-9A6B
lordganon	5B0D-0000-0324-48B8
lokman	5B87-0000-0350-E5AE
lokendero	5B94-0000-031F-A025
Logan	5BC2-0000-031A-7931
lizerd leg	5BC6-0000-0327-B911
Liverwurst	5BD9-0000-034E-69A9
Lionel	5BE3-0000-033B-FF80
LINK	5C17-0000-033C-B127
Lingpling	5C36-0000-0344-D6F0
Lily	5C5A-0000-030E-0B27
Lilli Boo	5C5D-0000-0308-9B5F
LILI	5C6F-0000-032E-522C
Lil Jay	5C8F-0000-0314-F4E2
Liberated	5C9F-0000-0347-3C15
Liam	5CD6-0000-0327-C891
levi	5CDB-0000-0362-5242
leuk	5CE4-0000-0366-57ED
LEOTS DIOS	5CE7-0000-0359-511F
Lele	5CFC-0000-033A-D5C5
Le-le	5D08-0000-031C-F5A3
Le	5D0C-0000-0306-E015
laurigula	5D12-0000-0322-AAEE
Laurianne	5D3B-0000-0352-8D38
Lasercorn	5D75-0000-033F-4BA0
Larina★fs	5D90-0000-032D-A57F
Lantis	5DA8-0000-0311-2790
Landen	5DBA-0000-0331-1E43
Nicholas5678	5DDE-0000-0332-A7A2
Nevio	5DF5-0000-0351-690A
Nei	5E01-0000-0366-5BC4
Nathan	5E05-0000-0320-7E08
nathan1234	5E06-0000-0347-458B
nathan	5E14-0000-0339-FD46
Nate	5E1A-0000-02FF-9421
nano	5E30-0000-0338-753A
Nahil	5E44-0000-035A-7D20
NAddict00	5E48-0000-031B-B54D
muranari	5E4A-0000-0339-4BD8
Muireall	5E55-0000-0362-9A0E
Muffy	5E65-0000-0341-B404
MrsShefski	5E6E-0000-0357-EB9A
mrjqwwwuuu	5E7C-0000-032F-88C7
mr.awesome	5EA0-0000-0300-2670
Mr. Caboor	5EBE-0000-0309-B108
Mr-Cabral	5EBF-0000-0306-BEC9
mr poops	5ED1-0000-030D-D731
Mommy	5EDA-0000-0356-40FC
Mom	5EE1-0000-0356-F901
mjkk	5F01-0000-0301-21F9
miralexis	5F02-0000-0362-EDE6
Mirage	5F1A-0000-032D-4758
min∞Shina	5F35-0000-0365-C1F4
Mim	5F5D-0000-0338-E65F
MIKE	5F76-0000-031E-0839
Mike	5F8F-0000-0346-DDB8
Mikal	5FA5-0000-0341-B904
Miguel	5FB1-0000-034C-80D8
MichiMorde	5FDB-0000-035B-CA3B
michaels.	5FF8-0000-0334-EB4B
Michael	5FFE-0000-031A-4A0D
messi	6007-0000-035B-0E02
Men 123	600A-0000-032B-1ECF
Men 10	600C-0000-0305-1666
Mel	601F-0000-0358-9FE3
MCW UK	602E-0000-0364-576B
MaXXXi	6036-0000-0315-A374
Maxime	604F-0000-030E-D976
maxím	6069-0000-0312-C3AF
Max	6077-0000-031E-DE35
Matthew	6078-0000-0364-B643
matthew	609D-0000-0314-142B
Mattew	60BC-0000-034E-6F94
MATSURI★	60BF-0000-0346-AD60
math	60FC-0000-0348-0EFD
mat	60FF-0000-0344-B8B0
mason	6120-0000-0314-8902
Mario	613F-0000-0323-1F74
marek	6148-0000-0331-82DF
marcel ps	6168-0000-032D-65B3
mar	616B-0000-0328-6756
manhead	6189-0000-034C-1485
Manaka	6196-0000-0319-B285
MANA	619C-0000-0358-94FA
MaMan	61AA-0000-0362-A510
malek	61B2-0000-0313-36CD
Makerpro	61FD-0000-030E-23FE
Majestra:)	6229-0000-030B-7B53
MAI	6241-0000-032D-4C54
mac	6246-0000-0342-1C98
Mac	6263-0000-0366-19FD
maboiweelz	626F-0000-0336-2594
maa	6276-0000-0301-2356
Lulu	6276-0000-0320-078C
LukeTerver	62BB-0000-0305-7C29
LukeSegn	630F-0000-0354-A4D4
luke	631A-0000-0360-E9D2
Luke	6337-0000-035B-3F64
21ctryt565	634F-0000-035A-DA48
lukas	635D-0000-030B-CEC4
LuisE242	637E-0000-0350-97E5
LUIS ANGEL	637F-0000-0336-40C9
Luis	63A2-0000-032F-17AC
luis	63BD-0000-0361-BB5A
Luigi	63D0-0000-0308-713F
Luciano	63DD-0000-0323-00F4
luciano	63DD-0000-033A-D985
lucas2006	63E3-0000-0359-6D2D
lucas	6428-0000-0363-B6F9
Lucas	6459-0000-0335-C743
213sdf8invgreer	6466-0000-033E-5A90
Luca	64C8-0000-0319-07C0
ls1	650A-0000-032C-9D52
Louna	6540-0000-033D-2B7A
louk viac	654A-0000-0309-5C69
lordganon	654E-0000-0366-6417
lokman	6562-0000-0334-A30B
lokendero	65F5-0000-0331-EAC4
Logan	65F9-0000-035B-4843
lizerd leg	6623-0000-0329-6ABF
Liverwurst	6647-0000-032F-47DB
Lionel	6684-0000-033D-AB0F
LINK	668E-0000-0360-41C6
Lingpling	6694-0000-02FE-F030
Lily	66A0-0000-031D-80FE
Lilli Boo	66DE-0000-034F-B720
LILI	6709-0000-0331-EF50
Lil Jay	6718-0000-0330-9C39
Liberated	6720-0000-032B-6A69
Liam	6731-0000-0307-B144
levi	6754-0000-0312-739D
leuk	6764-0000-0322-773C
LEOTS DIOS	6765-0000-035D-8A34
Lele	6782-0000-0334-AAB3
Le-le	6782-0000-035A-47BE
Le	678E-0000-0308-083B
laurigula	67A2-0000-0321-B0A5
Laurianne	67AC-0000-0350-42F1
Lasercorn	67BA-0000-034C-2B34
Larina★fs	67F2-0000-0332-94CE
Lantis	684C-0000-0301-E7C4
Landen	685D-0000-033E-0733
lalank	68A4-0000-030C-99CF
Lady Mara	68D0-0000-0311-E6D6
L	68D1-0000-0309-4BF7
kyran	68D1-0000-030B-5725
kyo kun	68D8-0000-034E-6D04
Kyle792	6913-0000-0357-5B1A
Kyara	6932-0000-0356-FCB2
kurotora	6940-0000-0336-F35A
KURI♪くり!！！	6961-0000-0349-7008
Kurayami	6964-0000-0335-BBAE
kristelle	6966-0000-0303-1556
Kris	6980-0000-0315-1C5C
Kotatsu	6982-0000-0348-2FD7
Kosten	69B8-0000-033B-926A
Konata	69BE-0000-0361-F2AE
kingmark	69FA-0000-0324-9615
kingmark	6A05-0000-0349-0B82
kingmark	6A26-0000-0305-042F
