079D-0000-0351-17E2		1	0	2	58	3.44
07CD-0000-030D-EA60		1	0	2	120	1.66
07F7-0000-030F-A51B		9	0	7	903	0.77
080E-0000-0307-A394		2	0	4	93	4.3
082F-0000-0358-A218		1	0	2	19	10.52
0830-0000-0353-D322		1	0	6	45	13.33
0833-0000-0357-690F		2	0	10	26	38.46
085F-0000-0364-6DA1		1	0	5	26	19.23
0861-0000-0353-6FC4		2	0	16	50	32
0873-0000-033C-96A6		1	0	9	47	19.14
0880-0000-0341-CA17		1	0	8	53	15.09
08AC-0000-0303-AB1D		2	0	20	29	68.96
08AF-0000-030D-BD5F		1	0	21	73	28.76
090E-0000-0316-8159		1	0	16	59	27.11
091D-0000-035D-58F2		1	0	3	59	5.08
0934-0000-034B-65DE	Costume	104	0	130	1601	8.11
093A-0000-0358-2EA9		2	0	12	82	14.63
0967-0000-034B-4970		3	0	23	31	74.19
097B-0000-032D-69C1		1	0	3	80	3.75
097D-0000-033E-4E04	Traditional	6	0	3	235	1.27
0983-0000-0351-C92F		2	0	15	121	12.39
0992-0000-032D-600C		2	0	8	54	14.81
0994-0000-0322-B63E	Traditional	15	0	20	474	4.21
09AC-0000-034B-982B		2	0	15	143	10.48
09B6-0000-034B-4D15		1	0	2	54	3.7
09ED-0000-033F-B7E1		4	0	3	65	4.61
0A0C-0000-033D-0714		3	0	13	49	26.53
0A40-0000-0358-A69E		2	0	3	37	8.1
0A4B-0000-030F-42DB		3	0	14	160	8.75
0A60-0000-0306-DFE1		2	0	4	164	2.43
0A6D-0000-0316-9747		2	0	2	145	1.37
0A6E-0000-032F-44A3		2	0	15	80	18.75
0A70-0000-0320-E3EE		4	0	32	118	27.11
0A84-0000-0339-EBB1	Puzzle	125	0	109	3091	3.52
0AB3-0000-0339-AAF5		1	0	16	23	69.56
0ABE-0000-0308-7103		4	0	21	60	35
0AC3-0000-033B-57A8		2	0	9	69	13.04
0AE8-0000-035C-5971		3	0	3	114	2.63
0B14-0000-036A-19FE		4	0	11	22	50
0B1B-0000-032E-E6F4	Dash	3	1	5	163	3.06
0B56-0000-0357-6303		1	0	2	35	5.71
0B61-0000-034A-6186		5	0	18	78	23.07
0B64-0000-031C-A3B1		2	0	3	117	2.56
0B69-0000-0324-4E6A	Traditional	13	0	34	247	13.76
0B74-0000-0333-F9DE		3	0	6	78	7.69
0B7E-0000-0308-73B4		6	0	40	203	19.7
0BA3-0000-035A-2768		3	0	33	185	17.83
0BBD-0000-0338-74EF		5	0	5	180	2.77
0BD1-0000-0339-3024		1	0	7	70	10
0C12-0000-0351-9EDF		1	0	6	36	16.66
0C32-0000-0334-EDAD		1	0	3	144	2.08
0C8F-0000-0338-11C1		1	0	13	97	13.4
0CCF-0000-030B-6C68		2	0	19	107	17.75
0CE8-0000-035D-1CD8		5	0	20	77	25.97
0CEE-0000-034C-A811		2	0	7	85	8.23
0D04-0000-0361-914D		1	0	13	29	44.82
0D18-0000-0331-2A18	Traditional	19	0	53	207	25.6
0D1F-0000-035C-611C		1	0	5	37	13.51
0D48-0000-0363-8CC0		2	0	8	17	47.05
0DA8-0000-0368-A724		1	0	6	68	8.82
0DB6-0000-033F-429F		1	0	4	42	9.52
0DCA-0000-0312-AD9B		5	0	8	160	5
0DDC-0000-0319-C3A1		2	0	7	75	9.33
0DF3-0000-032D-6360		1	0	15	49	30.61
0E23-0000-0345-3E05		1	0	6	88	6.81
0E83-0000-0330-0ECA		20	0	21	1356	1.54
0EC4-0000-035B-91F7		3	0	0	192	0
0F17-0000-0342-5DD9		2	0	3	112	2.67
0F1E-0000-0340-2001	Autoscroll	11	0	12	192	6.25
0F6B-0000-034D-DB6E		1	0	4	53	7.54
0FE8-0000-02FF-B716		2	0	25	44	56.81
0FEE-0000-0364-19AC		2	0	9	55	16.36
103B-0000-033E-70A4	Theme	17	0	28	258	10.85
1041-0000-0365-F94D		3	0	10	73	13.69
1045-0000-033F-49BA		2	0	4	272	1.47
1050-0000-0331-FABB		1	0	6	13	46.15
105C-0000-0338-778E		5	0	17	73	23.28
1082-0000-0343-B78A		1	0	4	39	10.25
10EF-0000-0341-BCCE		1	0	5	64	7.81
1110-0000-030B-D094		1	0	10	78	12.82
1171-0000-0303-C4D9		1	0	8	91	8.79
11FE-0000-0316-8BEC		8	0	28	449	6.23
120B-0000-0324-F667		2	0	6	22	27.27
1242-0000-034F-2953	Costume	73	0	73	1557	4.68
1275-0000-0357-157B		1	0	1	35	2.85
127B-0000-033A-0CA5		2	0	2	55	3.63
1283-0000-0362-2CB6		11	0	21	961	2.18
1290-0000-032B-AD32		18	0	80	941	8.5
12B9-0000-0344-156E		3	0	11	142	7.74
12DB-0000-0317-5E04	Dash	4	0	6	190	3.15
12F5-0000-034A-0706		1	0	10	27	37.03
1305-0000-0325-7780		3	0	12	45	26.66
1305-0000-0357-8E36		6	0	5	194	2.57
1308-0000-0359-B160		2	0	5	50	10
1323-0000-033E-8A6F		2	0	13	18	72.22
1330-0000-0357-08E9		6	0	3	74	4.05
133B-0000-0301-C0F6		9	0	25	327	7.64
1383-0000-0345-3914		5	0	7	162	4.32
1388-0000-0324-D798		2	0	4	99	4.04
13B8-0000-0326-4696	Traditional	64	0	42	1483	2.83
13D2-0000-0347-B5F1		8	0	22	154	14.28
13E8-0000-035C-ACEA		3	0	14	57	24.56
13F3-0000-0359-B14C		1	0	8	34	23.52
1418-0000-032E-D9CF		1	0	13	33	39.39
143C-0000-0314-6BD7		11	0	46	450	10.22
1441-0000-0344-7E8B		3	0	13	127	10.23
1457-0000-031E-137C		1	0	3	76	3.94
1462-0000-0344-E3EF	Traditional	13	0	16	50	32
14C4-0000-033A-0B30	Traditional	12	0	20	376	5.31
14CF-0000-034D-87D5		2	0	6	79	7.59
150F-0000-0339-F7A8		2	0	8	97	8.24
1519-0000-0312-530A		1	0	7	79	8.86
152D-0000-0318-6D01		3	0	17	142	11.97
1535-0000-0343-549A		2	0	8	72	11.11
154C-0000-0352-F3F0		1	0	8	65	12.3
154F-0000-033F-B3D6		2	0	23	29	79.31
1550-0000-0322-81B7		3	0	14	124	11.29
1560-0000-033A-C5DA		1	0	20	61	32.78
1582-0000-0351-C698		1	0	2	49	4.08
15A4-0000-0352-30D9		2	0	6	90	6.66
15B9-0000-0361-8E07		2	0	2	81	2.46
15BC-0000-0348-7D5F		1	0	13	64	20.31
15C0-0000-0339-C346	Traditional	24	0	62	277	22.38
1602-0000-0331-C155		1	0	22	40	55
1614-0000-032A-4AC3		3	0	18	130	13.84
1620-0000-0369-A95F		2	0	3	26	11.53
162B-0000-034A-9031		1	0	3	21	14.28
162C-0000-0301-738D		1	0	14	77	18.18
165A-0000-0306-E577		8	0	9	305	2.95
165B-0000-0313-97E8		4	0	44	181	24.3
167F-0000-030F-51D9		12	0	63	346	18.2
1685-0000-0360-353D		2	0	14	17	82.35
169B-0000-0315-062F		3	0	17	121	14.04
16B2-0000-030E-3F98		3	0	26	106	24.52
16C8-0000-033D-846C		1	0	7	63	11.11
16CB-0000-0346-7EB2		27	0	24	2010	1.19
16F1-0000-0356-368B		2	0	2	39	5.12
170F-0000-0318-603F		4	0	5	105	4.76
170F-0000-033C-8A05	Theme	6	0	3	151	1.98
1714-0000-0348-106D		4	0	12	115	10.43
173C-0000-0320-D5E9		2	0	6	184	3.26
177A-0000-0332-B59F		1	0	10	137	7.29
1782-0000-02FF-8CB7		2	0	7	125	5.6
17BB-0000-034A-6988		1	0	3	27	11.11
17E8-0000-0358-A4CE		1	0	4	71	5.63
17FB-0000-0310-B194	Traditional	10	0	11	156	7.05
1818-0000-0334-1684		8	0	26	195	13.33
181A-0000-033F-45E6	Gimmick	4	0	3	41	7.31
183E-0000-033A-D6DA		1	0	2	65	3.07
183F-0000-032B-14A5		2	0	22	110	20
1862-0000-034F-F099		1	0	2	23	8.69
1878-0000-0364-A9CA		1	0	8	62	12.9
189B-0000-035D-8475	Costume	25	0	52	126	41.26
189D-0000-0360-2CEB		1	0	6	87	6.89
18A2-0000-033D-736A	Traditional	31	1	171	903	18.93
18B4-0000-0339-5AE1		1	0	9	73	12.32
18BF-0000-0310-9651		9	0	7	907	0.77
18DA-0000-0348-B159		4	0	51	51	100
18F5-0000-0364-3963		6	0	23	136	16.91
18F7-0000-030E-462B	Traditional	3	0	7	144	4.86
18FC-0000-0336-401E	Puzzle	10	0	7	263	2.66
1976-0000-0347-5068		2	0	11	95	11.57
1993-0000-0315-841A		10	0	47	403	11.66
1999-0000-0335-302D		2	0	12	30	40
199C-0000-0329-C238		1	0	8	99	8.08
19AD-0000-0354-F2F9		2	0	13	37	35.13
19E6-0000-032F-6011		1	0	8	76	10.52
1A1F-0000-0351-CA29		1	0	2	42	4.76
1A28-0000-0305-8885		5	0	24	209	11.48
1A34-0000-031F-B26C		11	0	24	198	12.12
1A54-0000-0363-6671		3	0	16	43	37.2
1A75-0000-0357-E033		5	0	7	53	13.2
1A8F-0000-0334-145F		4	0	21	115	18.26
1A90-0000-0339-BAD5		2	0	1	78	1.28
1AA2-0000-033F-A493		2	0	17	27	62.96
1AB2-0000-030F-CF76	Theme	31	0	33	953	3.46
1AD4-0000-0314-9476		10	0	59	609	9.68
1AD9-0000-0346-B1F5		6	0	36	307	11.72
1AEA-0000-0367-B7FC		1	0	10	45	22.22
1B13-0000-035B-3755		1	0	2	95	2.1
1B26-0000-0310-75A5		10	0	22	512	4.29
1B3A-0000-035B-044A		7	0	8	158	5.06
1B3F-0000-032B-3D49	Speedrun	7	0	9	201	4.47
1B73-0000-031A-763E		4	0	35	83	42.16
1B7E-0000-0361-8EBD		5	0	4	128	3.12
1B80-0000-030A-7D07		1	0	14	51	27.45
1BC7-0000-033E-8CD1		3	0	25	54	46.29
1BD1-0000-033F-B00C		9	0	28	393	7.12
1C00-0000-0362-499C	Traditional	10	0	14	127	11.02
1C05-0000-032E-CF86		3	0	2	348	0.57
1C42-0000-0346-F533		1	0	14	33	42.42
1C54-0000-030A-7339		5	0	3	119	2.52
1C59-0000-034F-1C71		2	0	2	49	4.08
1C69-0000-035A-0E0E		4	0	23	31	74.19
1C7B-0000-0353-D47D		2	0	15	153	9.8
1C7F-0000-0368-9A27		2	0	19	57	33.33
1C82-0000-035C-AEE5		1	0	12	49	24.48
1C87-0000-030B-5198		3	0	5	133	3.75
1C8C-0000-0321-DCA8		24	0	32	531	6.02
1C8D-0000-0342-E711		1	0	27	33	81.81
1C92-0000-02FF-0A54	Puzzle	11	0	7	1170	0.59
1C95-0000-034D-8212	Theme	51	0	50	2396	2.08
1C96-0000-030E-B45F		5	0	32	108	29.62
1C9B-0000-030C-21DA		3	0	35	48	72.91
1CAD-0000-0355-9649		1	0	3	62	4.83
1CB2-0000-0345-1FC2	Gimmick	9	0	10	229	4.36
1CE3-0000-0307-7779		2	0	40	49	81.63
1D14-0000-0357-227B		16	0	15	355	4.22
1D7C-0000-0304-3E6F	Traditional	28	0	98	662	14.8
1D7E-0000-034A-F747		3	0	10	89	11.23
1D97-0000-034B-9E08		1	0	4	73	5.47
1DE2-0000-034B-CE23		9	0	26	164	15.85
1DF9-0000-0338-AC98		1	0	23	34	67.64
1E33-0000-033B-4CA9		15	0	47	302	15.56
1E89-0000-031E-1362		1	0	10	89	11.23
1E8D-0000-0348-B91C		2	0	28	89	31.46
1EC9-0000-0310-0A63		2	0	15	47	31.91
1ED4-0000-035A-BC99	Traditional	7	0	9	125	7.2
1F1A-0000-0344-7991		2	0	14	25	56
1F26-0000-0323-CDDA		1	0	7	55	12.72
1F51-0000-0327-C09F		1	0	1	190	0.52
1F55-0000-0327-7DEB		3	0	2	200	1
1F5C-0000-0356-5076		3	0	13	80	16.25
1F8A-0000-0351-53E0		5	0	6	111	5.4
1F99-0000-0359-6BB5	Traditional	3	0	15	110	13.63
1FA7-0000-0367-F3BC	Traditional	4	0	14	14	100
1FB4-0000-0339-E34F		2	0	7	38	18.42
1FD4-0000-030A-5B35	Dash	14	0	7	1133	0.61
1FF6-0000-0305-782C		2	0	2	144	1.38
2016-0000-0343-B059		5	0	15	151	9.93
2025-0000-0300-3E55		10	0	18	127	14.17
2029-0000-0311-1A26		1	0	27	91	29.67
2055-0000-035D-8B3F		4	0	10	121	8.26
208F-0000-0327-E5B6		10	0	43	452	9.51
2093-0000-0333-AB8D		2	0	14	257	5.44
2094-0000-0305-EBF9		2	0	23	70	32.85
2097-0000-0331-2A21	Traditional	8	0	12	140	8.57
20A6-0000-0331-AF30		2	0	20	90	22.22
20BD-0000-0305-0BD8		2	0	4	99	4.04
20D0-0000-0351-ED13		5	0	25	46	54.34
20D1-0000-030F-BD60		1	0	2	41	4.87
20D6-0000-033A-02C7	Theme	80	0	78	4261	1.83
20F6-0000-0306-BB27	Yoshi	2	0	92	343	26.82
2110-0000-0324-D79F		1	0	5	116	4.31
211F-0000-0337-8FB0	Theme	18	0	12	658	1.82
2134-0000-030D-3057		3	0	5	90	5.55
2142-0000-032B-A984	Gimmick	19	0	25	1980	1.26
2169-0000-0327-3678		1	0	10	36	27.77
217C-0000-0308-E7C4		1	0	16	19	84.21
217D-0000-0332-318D		1	0	10	30	33.33
217D-0000-0351-4EC8		11	0	55	503	10.93
218D-0000-033E-8A94		1	0	10	16	62.5
21A3-0000-0365-88A8		1	0	2	52	3.84
21BC-0000-0331-1B6A		2	0	11	115	9.56
21C7-0000-0315-0DA9		1	0	10	55	18.18
220F-0000-0317-BB3B		3	0	8	203	3.94
2230-0000-0359-C751		3	0	7	87	8.04
2239-0000-033C-3C55		2	0	2	61	3.27
223D-0000-034A-C620		2	0	5	67	7.46
2242-0000-0343-C4B7	Puzzle	3	0	2	71	2.81
224B-0000-0324-9FBB		4	0	24	83	28.91
2258-0000-0301-0B14		2	0	34	93	36.55
225D-0000-036B-4C2D		5	0	16	43	37.2
229E-0000-031C-CB52		1	0	10	22	45.45
22BF-0000-030A-85C0		3	0	21	29	72.41
22EC-0000-0359-C339		1	0	5	72	6.94
22F3-0000-036E-11DA		3	0	25	49	51.02
233E-0000-030C-2F19		2	0	3	94	3.19
2369-0000-0320-E8B8		11	0	7	148	4.72
2389-0000-0329-81E4		1	0	16	63	25.39
2397-0000-034F-A427		1	0	1	106	0.94
23A5-0000-0301-0B1B		1	0	16	32	50
23AA-0000-034C-7255	Traditional	35	0	22	1662	1.32
23AC-0000-0333-9A2C		2	0	23	31	74.19
23B1-0000-0340-26A2		4	0	16	197	8.12
23C4-0000-0342-D9B2		15	0	54	125	43.2
2402-0000-0315-B733	Traditional	60	0	27	1588	1.7
2441-0000-0361-8E86		2	0	2	50	4
244C-0000-035D-0F1E		9	0	8	305	2.62
2454-0000-0347-C679		1	0	8	75	10.66
245C-0000-032D-4A05		1	0	3	37	8.1
247B-0000-0337-8009		2	0	10	121	8.26
247B-0000-0360-6DF8		1	0	14	17	82.35
2499-0000-0345-BC80		4	0	7	82	8.53
24A1-0000-0305-6948	Speedrun	18	0	61	1011	6.03
24D0-0000-0366-1BA8		1	0	9	42	21.42
24F5-0000-035E-8095		1	0	8	61	13.11
2508-0000-0324-F527		2	0	16	36	44.44
2523-0000-0360-15F1		3	0	12	132	9.09
2526-0000-0313-1125		1	0	26	36	72.22
2540-0000-0311-37B1		7	0	8	305	2.62
2583-0000-030D-7C0A	Traditional	8	0	11	116	9.48
258A-0000-0322-6D7D		11	0	13	492	2.64
258B-0000-0327-E604		4	0	10	142	7.04
2590-0000-0362-AD89		1	0	3	64	4.68
25BC-0000-0313-FD98		1	0	9	54	16.66
25CB-0000-0330-1EEA		3	0	11	189	5.82
25E1-0000-030C-25D4		14	0	44	60	73.33
2605-0000-035B-7411		2	0	14	16	87.5
261C-0000-0353-1142		2	0	16	53	30.18
261E-0000-0349-8280		1	0	17	17	100
2627-0000-031F-AA97		1	0	7	34	20.58
262C-0000-033A-D2BA		2	0	12	86	13.95
2655-0000-033E-64D9		11	0	91	382	23.82
2665-0000-0359-C649		1	0	13	23	56.52
2672-0000-035B-003A		1	0	4	48	8.33
2685-0000-034C-0F0F		3	0	15	109	13.76
2699-0000-0305-12E2		2	0	22	33	66.66
26B3-0000-0326-96DC		6	0	51	178	28.65
26B6-0000-0319-B2AA		1	0	1	184	0.54
26D8-0000-0331-21CB		8	0	46	98	46.93
26D9-0000-032F-CC60	Speedrun	36	0	24	5268	0.45
2718-0000-0330-CD13		1	0	4	82	4.87
272B-0000-030C-7C11		1	0	2	75	2.66
276C-0000-035B-3587		2	0	13	18	72.22
2798-0000-035A-4545		2	0	10	59	16.94
27A5-0000-033A-B03E		3	0	19	30	63.33
27B1-0000-0342-2041		1	0	15	16	93.75
27C2-0000-035C-E5DB		2	0	14	41	34.14
282F-0000-031E-C567		1	0	3	76	3.94
283A-0000-0320-6258		10	0	70	306	22.87
2879-0000-0334-AC1E		5	0	28	28	100
2884-0000-0311-BC97	Speedrun	17	0	5	2843	0.17
2887-0000-0347-5311		1	0	5	19	26.31
2890-0000-032C-D344		9	0	58	312	18.58
289F-0000-0328-FE29		1	0	2	104	1.92
28C5-0000-036B-B87C	Remix	7	0	11	79	13.92
28C8-0000-035D-8CCD		3	0	8	150	5.33
28CA-0000-0338-D798		4	0	8	93	8.6
28CC-0000-035D-FD92		1	0	3	58	5.17
28D0-0000-0328-43EF		2	0	16	66	24.24
28E1-0000-0363-FAD1		7	0	12	89	13.48
28E2-0000-0339-BCC2		4	0	24	38	63.15
28F9-0000-0365-B49F		1	0	9	47	19.14
292A-0000-0352-1626		1	0	9	63	14.28
297A-0000-0357-7B07	Speedrun	7	0	13	513	2.53
2991-0000-032C-93B1		3	0	11	142	7.74
29A2-0000-035A-1CA8		4	0	17	105	16.19
29A6-0000-0368-4CE1		3	0	12	57	21.05
2A0E-0000-0321-2F41		1	0	5	89	5.61
2A13-0000-0310-6CCF	Gimmick	24	0	30	224	13.39
2A2C-0000-0363-B6A2		1	0	6	28	21.42
2A44-0000-035A-A50A		1	0	1	87	1.14
2A4F-0000-0302-7F7E		6	0	58	60	96.66
2A74-0000-0314-163E		2	0	12	64	18.75
2A93-0000-0314-710D		6	0	35	78	44.87
2AA8-0000-0333-FC02		6	0	18	176	10.22
2AF3-0000-0342-7E8E		2	0	9	134	6.71
2B00-0000-033A-0EFC		6	0	10	132	7.57
2B16-0000-0357-98D3	Theme	3	0	16	33	48.48
2B43-0000-0351-E2BE		1	0	5	74	6.75
2B4C-0000-0307-BB57		2	0	4	78	5.12
2B55-0000-0306-810D		5	0	45	50	90
2B57-0000-0308-38F8	Speedrun	17	0	75	262	28.62
2B65-0000-02FF-BC1E		1	0	14	149	9.39
2B76-0000-031F-9DD0		7	0	3	723	0.41
2B80-0000-0330-719A		1	0	9	29	31.03
2BAA-0000-0336-4771		3	0	18	54	33.33
2BD0-0000-0324-ED09		1	0	2	37	5.4
2BD1-0000-0316-B12B		3	0	21	116	18.1
2BDA-0000-0300-267A	Theme	8	0	5	237	2.1
2BEB-0000-034B-4520		1	0	2	65	3.07
2BFB-0000-0306-95D2		6	0	38	69	55.07
2C14-0000-0311-99E5		6	0	18	153	11.76
2C18-0000-030D-86B0	Traditional	9	0	7	250	2.8
2C1D-0000-0358-B38D		2	0	8	94	8.51
2C24-0000-034A-D2F1		2	0	4	52	7.69
2C2C-0000-0335-D87A		2	0	7	135	5.18
2C6A-0000-033E-62F5		13	0	32	160	20
2C6F-0000-0356-F862		2	0	4	55	7.27
2C80-0000-0302-B127		2	0	8	193	4.14
2C8D-0000-0324-23CB		2	0	30	49	61.22
2C93-0000-032F-447F		1	0	3	69	4.34
2C9A-0000-0328-FFDF		1	0	11	27	40.74
2C9E-0000-030E-E5E3		5	0	17	188	9.04
2CC7-0000-0335-D401	Remix	21	0	34	353	9.63
2CC9-0000-0334-541B		2	0	24	82	29.26
2CCD-0000-032D-1CD0	Traditional	20	0	16	697	2.29
2CD7-0000-035D-8C4D		3	0	14	29	48.27
2CDF-0000-032E-3616		1	0	12	12	100
2CDF-0000-0356-E1CE		1	0	1	135	0.74
2CFA-0000-0343-DC34		1	0	1	32	3.12
2D07-0000-0365-F9B2		1	0	3	100	3
2D15-0000-0349-81D9		1	0	11	19	57.89
2D33-0000-0308-F41D	Gimmick	6	0	30	78	38.46
2D4B-0000-0324-4566	Traditional	6	0	10	180	5.55
2D8E-0000-030D-FE0B		1	0	1	31	3.22
2D96-0000-0339-E698	Theme	10	0	6	158	3.79
2DBF-0000-0301-EB09		1	0	14	42	33.33
2DC5-0000-0329-1C9C		1	0	13	29	44.82
2DD8-0000-0331-76AC		2	0	13	84	15.47
2DDB-0000-0305-61C6		2	0	5	45	11.11
2E05-0000-0359-5962		5	0	8	255	3.13
2E07-0000-0309-0E91	Traditional	34	0	63	666	9.45
2E07-0000-034B-D53A		1	0	7	61	11.47
2E26-0000-0321-C1F0		4	0	21	295	7.11
2E6C-0000-035B-7941		1	0	15	52	28.84
2EBB-0000-0311-B534		2	0	3	166	1.8
2EDA-0000-0311-059B		9	0	72	281	25.62
2EE8-0000-0352-1756		1	0	12	63	19.04
2EE9-0000-0302-C32B		2	0	7	47	14.89
2F00-0000-0309-B786		10	0	18	377	4.77
2F14-0000-0323-7FC4		3	0	15	62	24.19
2F1F-0000-0316-1A21	Theme	13	0	15	528	2.84
2F3B-0000-034A-71EC		1	0	9	13	69.23
2F41-0000-0361-6D32		15	0	21	77	27.27
2F7C-0000-0336-EA62	Traditional	19	0	45	374	12.03
2F8F-0000-0348-0690		1	0	12	19	63.15
2F91-0000-0347-408C		2	0	3	51	5.88
2F9A-0000-0346-D854		4	0	32	123	26.01
2FF2-0000-034B-AA46		1	0	6	36	16.66
3038-0000-0341-69E4		1	0	2	138	1.44
307F-0000-0349-688C		2	0	5	66	7.57
3089-0000-0357-71E7	Speedrun	15	0	32	58	55.17
308A-0000-033D-6101		2	0	9	13	69.23
30C0-0000-0365-1A75		1	0	10	115	8.69
30C6-0000-0312-529D		2	0	15	135	11.11
30E1-0000-0339-E259		1	0	9	46	19.56
30E1-0000-035B-EA6A		4	0	5	107	4.67
3137-0000-0330-25B5		1	0	5	52	9.61
316E-0000-0343-7E62		3	0	9	116	7.75
3174-0000-033E-A428		2	0	20	106	18.86
318C-0000-0300-1CBD		4	0	55	151	36.42
318F-0000-0331-B702		1	0	5	41	12.19
3195-0000-0342-2007	Puzzle	5	0	5	61	8.19
31B2-0000-032D-53E5		3	0	13	151	8.6
31E1-0000-0308-F0B3	Traditional	36	0	62	1009	6.14
3277-0000-0338-C138		6	0	13	396	3.28
3278-0000-0327-AFCF		8	0	54	129	41.86
327B-0000-032E-205E		1	0	12	14	85.71
32B4-0000-034D-0D63		16	0	67	358	18.71
32F3-0000-032D-9E06		1	0	7	72	9.72
32F8-0000-034C-FBEE		2	0	13	51	25.49
32FB-0000-0312-558F		10	0	75	368	20.38
335B-0000-033E-0633		1	0	7	46	15.21
3365-0000-032D-5C03		2	0	2	70	2.85
3380-0000-035A-1CAC		1	0	1	39	2.56
3386-0000-0356-FC3E		1	0	8	30	26.66
33B3-0000-0308-A8A8		1	0	2	92	2.17
3444-0000-0367-61FE		6	0	14	49	28.57
3447-0000-0345-1A59		1	0	1	205	0.48
344C-0000-031B-E2D1		2	0	7	104	6.73
344C-0000-032A-2BF6		6	0	24	169	14.2
345E-0000-0327-1EF4		2	0	19	59	32.2
3461-0000-0347-94B4		1	0	13	23	56.52
3467-0000-0326-DB6C		1	0	16	16	100
34A1-0000-0328-8CBB		1	0	10	38	26.31
34ED-0000-0323-33C2		2	0	1	136	0.73
3506-0000-0336-EDB5		6	0	3	597	0.5
3510-0000-0347-949D		2	0	8	26	30.76
353F-0000-0311-2646		7	0	43	192	22.39
3541-0000-0351-E48A		2	0	18	26	69.23
3576-0000-032C-DE8B		3	0	8	90	8.88
357C-0000-0321-A85A		7	0	5	173	2.89
35BE-0000-030A-8A95		2	0	2	238	0.84
35C2-0000-0335-B715		1	0	7	32	21.87
35F1-0000-0332-22DB		4	0	31	97	31.95
35F9-0000-033A-D0F1		1	0	13	14	92.85
35FE-0000-0323-E15C		3	0	25	45	55.55
35FE-0000-0359-117B	Music	127	0	144	11628	1.23
3608-0000-0320-19DD		6	0	1	255	0.39
3612-0000-035A-B59B	Speedrun	1	1	4	348	1.14
3638-0000-0331-7376		6	0	35	127	27.55
366C-0000-0341-A234		1	0	5	120	4.16
3671-0000-0338-4176		16	0	7	1124	0.62
3672-0000-033F-0CD5		6	0	58	149	38.92
3695-0000-0338-6A8F		4	0	16	160	10
3697-0000-0360-B509		5	0	9	109	8.25
36AB-0000-034D-7F08		3	0	32	37	86.48
36BB-0000-0343-1064		3	0	26	97	26.8
36CE-0000-0327-C964		2	0	18	21	85.71
36F6-0000-0331-20C5		2	0	1	125	0.8
3700-0000-0331-7641		2	0	24	46	52.17
370A-0000-0345-106A	Theme	15	0	13	200	6.5
3716-0000-0325-77E0		1	0	2	25	8
3732-0000-0307-FC94		10	0	18	217	8.29
3733-0000-0347-4DB3		5	0	24	134	17.91
374A-0000-0312-4816		2	0	29	75	38.66
374D-0000-0308-18F0		2	0	0	111	0
3762-0000-0336-51A7		2	0	8	121	6.61
3778-0000-0311-E5D0		19	0	17	751	2.26
377D-0000-0337-1B80	Speedrun	6	0	1	1011	0.09
378A-0000-0332-04B0		2	0	11	27	40.74
37B3-0000-0368-D5A8	Remix	20	0	24	111	21.62
3818-0000-0357-FE59		12	0	10	172	5.81
381A-0000-035F-5308		3	0	1	144	0.69
3877-0000-0344-8722		2	0	2	108	1.85
388C-0000-032F-5075		2	0	8	93	8.6
38AE-0000-036A-295D	Remix	10	0	9	142	6.33
38D5-0000-035F-5B96		2	0	6	82	7.31
38F8-0000-0347-55DE		1	0	7	55	12.72
390A-0000-0316-7976	Speedrun	69	0	59	6526	0.9
390C-0000-0334-8F0A		1	0	6	58	10.34
391D-0000-0345-2811		1	0	8	78	10.25
3944-0000-0302-97FD		2	0	22	131	16.79
3971-0000-035E-505E		1	0	9	52	17.3
3973-0000-0310-6CDB	Dash	22	0	5	5611	0.08
3990-0000-0335-A0EC		28	0	112	1040	10.76
399D-0000-0321-4204		12	0	7	293	2.38
39D3-0000-033A-D5DC		4	0	5	385	1.29
39E2-0000-0358-C138	Traditional	11	0	13	127	10.23
3A35-0000-032E-D98F		2	0	5	62	8.06
3A3F-0000-034E-46B3		1	0	2	97	2.06
3A5F-0000-032E-2407		3	0	21	42	50
3A6D-0000-0354-F24F		3	0	8	115	6.95
3AD2-0000-031B-0B3C		10	0	11	629	1.74
3AEB-0000-0302-ACC3	Traditional	9	0	8	172	4.65
3AF9-0000-035B-7BE0		1	0	12	20	60
3AFB-0000-0310-2F9B		1	0	4	81	4.93
3B15-0000-0349-1557		5	0	49	122	40.16
3B46-0000-032F-4D82		4	0	3	155	1.93
3B5E-0000-0353-0D11		5	0	6	92	6.52
3B65-0000-032F-C126	Traditional	63	0	58	3052	1.9
3B67-0000-035A-77ED		1	0	9	39	23.07
3B90-0000-0342-1F9B		1	0	18	18	100
3B96-0000-033B-6297		4	0	28	58	48.27
3B9F-0000-032E-8C94		3	0	11	18	61.11
3BAA-0000-0361-8689		8	0	24	24	100
3BB3-0000-030C-7F3D	Puzzle	2	0	4	124	3.22
3BBB-0000-0358-4A84		1	0	3	28	10.71
3BC6-0000-035E-4998		4	0	20	108	18.51
3BD7-0000-0365-0A2A		1	0	6	64	9.37
3C0E-0000-0349-2D62	Puzzle	6	0	1	123	0.81
3C0E-0000-034B-714E	Traditional	10	0	14	169	8.28
3C3E-0000-034C-90CC		1	0	1	37	2.7
3C45-0000-0366-A466		1	0	12	22	54.54
3C56-0000-030A-603A		3	0	28	116	24.13
3C63-0000-0312-7B45		1	0	14	21	66.66
3C6C-0000-0322-81AF		2	0	10	56	17.85
3C85-0000-031E-AE5E	Theme	5	0	3	243	1.23
3C95-0000-034C-82C3		1	0	1	47	2.12
3CC1-0000-036A-7F75		2	0	8	57	14.03
3CD0-0000-035C-B2F2		2	0	14	19	73.68
3CEF-0000-035B-76D6		2	0	2	109	1.83
3CFB-0000-0349-0495		2	0	3	175	1.71
3D06-0000-036B-E2CE	Remix	9	0	9	67	13.43
3D24-0000-0342-1BFB		1	0	2	60	3.33
3D31-0000-030C-24E0		1	0	15	52	28.84
3D41-0000-0339-C69E		1	0	4	41	9.75
3D46-0000-030A-9D8D		1	0	2	76	2.63
3D67-0000-0336-E8EF		2	0	4	38	10.52
3D6E-0000-0327-8231		1	0	8	19	42.1
3D86-0000-0355-D81B		2	0	6	88	6.81
3D9B-0000-0342-505D		1	0	3	54	5.55
3DCB-0000-032E-CEA5		1	0	12	27	44.44
3E20-0000-0362-1965		1	0	5	57	8.77
3E3A-0000-033D-01CD		4	0	4	151	2.64
3E3D-0000-0356-538A		1	0	12	18	66.66
3E8F-0000-0344-DF78		1	0	7	117	5.98
3E9C-0000-035B-A680		1	0	3	24	12.5
3EB6-0000-0333-3F1E		4	0	37	201	18.4
3EDB-0000-0341-EED9		1	0	13	14	92.85
3EDF-0000-0368-23C6		1	0	1	45	2.22
3F15-0000-0306-D6C0		1	0	11	140	7.85
3F1F-0000-0348-B811		1	0	7	77	9.09
3F26-0000-032D-27A5		3	0	10	109	9.17
3F55-0000-0301-0B23		3	0	15	25	60
3F63-0000-031C-95EF	Remix	25	0	61	593	10.28
3F9F-0000-0349-9376		3	0	31	133	23.3
3FC5-0000-0362-0118		2	0	4	79	5.06
3FD6-0000-035F-B8E1		3	0	4	93	4.3
3FFC-0000-0318-9DD9		2	0	6	172	3.48
4003-0000-033D-0442		8	0	27	266	10.15
4018-0000-0332-F4E3		1	0	14	30	46.66
401F-0000-0335-22EA		1	0	5	132	3.78
4023-0000-033F-55B5		1	0	6	44	13.63
403C-0000-0339-7A34	Traditional	20	0	72	570	12.63
4043-0000-0344-575F		1	0	7	16	43.75
4044-0000-035F-F6EF		1	0	4	45	8.88
4064-0000-0347-BE6A	Remix	5	0	28	69	40.57
4072-0000-0310-F45B		4	0	24	192	12.5
407C-0000-0342-640B		2	0	20	58	34.48
4089-0000-034D-84FD		4	0	8	446	1.79
4092-0000-0334-07BB		2	0	16	44	36.36
4096-0000-0302-AD57		1	0	1	29	3.44
40A9-0000-0338-6D9C		6	0	12	83	14.45
40B9-0000-035A-3499		3	0	14	38	36.84
40C0-0000-035F-15E8		12	0	8	850	0.94
40D5-0000-0354-E82D		2	0	13	15	86.66
40DD-0000-034D-1809		1	0	15	21	71.42
40E9-0000-031A-9F9D	Speedrun	32	0	49	3949	1.24
40F6-0000-0346-477B		7	0	8	302	2.64
410B-0000-0339-715D		2	0	20	106	18.86
417D-0000-0367-9142		1	0	3	40	7.5
41B1-0000-0369-9D39		29	0	25	982	2.54
41B4-0000-032F-5C4E		3	0	1	89	1.12
41C5-0000-035D-E170		1	0	3	32	9.37
41FA-0000-031D-87F5		1	0	14	51	27.45
4206-0000-0307-6912		20	0	9	3595	0.25
4218-0000-0328-965D		2	0	10	127	7.87
4272-0000-033E-668D	Theme	21	0	26	262	9.92
4278-0000-0345-B7E7		17	0	57	267	21.34
428D-0000-0337-4101	Remix	24	0	37	410	9.02
4293-0000-0328-F82D		2	0	8	102	7.84
42CA-0000-0354-E74E		2	0	17	20	85
42D1-0000-034F-DE22		9	0	31	144	21.52
42D8-0000-0319-91EA		2	0	24	134	17.91
4309-0000-030D-E4AC		1	0	3	34	8.82
4320-0000-0354-9624		1	0	2	54	3.7
4330-0000-0360-2322		1	0	3	46	6.52
4352-0000-0331-410E		1	0	3	63	4.76
436F-0000-033C-E9B2		2	0	6	147	4.08
4370-0000-0351-6EDE	Shoot-'em-up	53	0	39	1471	2.65
4375-0000-0305-0BFE		1	0	2	74	2.7
4392-0000-030A-8CF8		1	0	7	70	10
43A6-0000-033C-A919		1	0	16	58	27.58
43C3-0000-0331-FDDD		2	0	4	40	10
43FC-0000-032C-914A		1	0	7	47	14.89
4416-0000-034C-329A		1	0	3	50	6
442A-0000-0346-9740		2	0	4	72	5.55
4439-0000-0369-27A3		3	0	11	33	33.33
447C-0000-0364-9FDB		3	0	7	24	29.16
44D1-0000-0310-41D1		1	0	8	82	9.75
44DD-0000-0363-9091		1	0	10	25	40
44E2-0000-0358-BB1F	Traditional	7	0	3	224	1.33
44E5-0000-034C-9F21		1	0	8	39	20.51
44F5-0000-033D-46BC		1	0	11	27	40.74
44FB-0000-0338-7236		5	0	8	108	7.4
44FB-0000-0347-360D		2	0	7	40	17.5
4506-0000-035A-B4B1		1	0	1	269	0.37
4508-0000-0306-142D		10	0	12	556	2.15
450A-0000-0308-95C5		1	0	5	58	8.62
453F-0000-035D-1977		1	0	6	110	5.45
45CF-0000-0323-E47D		1	0	3	29	10.34
45E1-0000-0306-9A40		1	0	17	32	53.12
4650-0000-034A-803A		4	0	16	36	44.44
4665-0000-033E-849E	Music	73	0	27	9018	0.29
4689-0000-034F-2537		7	0	24	256	9.37
469A-0000-0348-BAB1		2	0	10	108	9.25
46D0-0000-030A-037F	Yoshi	31	0	25	1271	1.96
46D8-0000-035D-3F5A		1	0	2	44	4.54
46E7-0000-0332-02E6		3	0	9	164	5.48
46EA-0000-035A-0D7F		7	0	23	193	11.91
46F4-0000-0333-17CF		1	0	15	25	60
46FD-0000-0307-70F7		1	0	17	36	47.22
472C-0000-0367-EE37		2	0	4	121	3.3
4746-0000-034D-25A4	Dash	17	0	4	11766	0.03
4763-0000-0313-4524		6	0	3	205	1.46
4779-0000-0331-3D12		3	0	24	66	36.36
4788-0000-0362-B5EC		1	0	10	10	100
4797-0000-033C-B01B		3	0	6	107	5.6
47B3-0000-02FF-9405		1	0	19	83	22.89
47B7-0000-0360-2F8C		2	0	4	112	3.57
47D5-0000-032F-9E63		5	0	30	118	25.42
47D8-0000-0304-4063		3	0	26	71	36.61
47EF-0000-0344-8F56	Automatic	7	0	7	462	1.51
47EF-0000-0368-14B2		4	0	5	60	8.33
4823-0000-0337-C9FD		1	0	3	53	5.66
4836-0000-0363-CD09		1	0	2	46	4.34
4862-0000-0361-8C64	Traditional	22	0	43	218	19.72
4863-0000-0356-5734		5	0	5	104	4.8
486A-0000-0302-B795		2	0	8	203	3.94
487F-0000-0360-9DDA	Puzzle	4	0	3	57	5.26
48B1-0000-030A-BF97		2	0	6	74	8.1
48CB-0000-035B-7CBE		1	0	9	31	29.03
48D5-0000-0351-C886	Traditional	9	0	22	213	10.32
48FF-0000-0314-8543		8	0	67	194	34.53
498D-0000-030F-C990		3	0	14	142	9.85
49C6-0000-0358-4338		1	0	7	15	46.66
49D4-0000-0365-E272		5	0	3	67	4.47
49EA-0000-0324-964F		3	0	13	158	8.22
49F0-0000-0331-AB21		1	0	5	34	14.7
4A00-0000-0307-B39A		2	0	28	28	100
4A01-0000-0308-A0E1	Traditional	29	0	114	763	14.94
4A3D-0000-031A-438C		1	0	1	294	0.34
4A42-0000-0357-98A7	Theme	2	0	5	43	11.62
4A4A-0000-032B-9F48	Traditional	20	0	20	343	5.83
4A63-0000-0305-0572		4	0	30	30	100
4A65-0000-0361-FD36		3	0	4	90	4.44
4A7C-0000-031C-5E69		6	0	35	152	23.02
4A85-0000-0343-B49B		1	0	14	48	29.16
4ADA-0000-0305-7F67		22	0	97	377	25.72
4B20-0000-0301-6341		1	0	3	29	10.34
4B2F-0000-0331-388B		1	0	8	34	23.52
4B4A-0000-035B-F027		1	0	6	69	8.69
4B80-0000-032E-3E43	Theme	8	1	10	191	5.23
4B85-0000-0341-6DF8		1	0	24	24	100
4B9C-0000-033E-A21D	Traditional	36	0	156	469	33.26
4BBE-0000-0309-BBD5		26	0	44	1524	2.88
4BDE-0000-02FF-8749		1	0	12	30	40
4BFE-0000-0344-61F6		1	0	12	25	48
4C03-0000-033A-40FF	Theme	8	0	3	134	2.23
4CCE-0000-0352-FBDF		2	0	15	96	15.62
4CD2-0000-0335-AADD		3	0	20	28	71.42
4CDC-0000-0342-4DF1		2	0	16	168	9.52
4D0D-0000-0359-AE75		6	0	13	258	5.03
4D12-0000-0333-B9B0		5	0	9	105	8.57
4D44-0000-0344-8469		3	0	8	115	6.95
4D4A-0000-0349-94D6		2	0	10	115	8.69
4D4D-0000-0305-6C48		3	0	37	172	21.51
4D5D-0000-0332-42B2		2	0	7	141	4.96
4D87-0000-033C-A721		13	0	17	296	5.74
4D89-0000-0311-FD05		1	0	3	51	5.88
4D8E-0000-031E-F0B3		1	0	11	14	78.57
4D91-0000-0310-9126	Yoshi	35	0	47	1154	4.07
4D94-0000-0301-CBBE		2	0	2	73	2.73
4DA3-0000-0363-CCDB		3	0	10	70	14.28
4DB2-0000-0319-1DCC	Dash	45	0	14	10066	0.13
4DE1-0000-0305-D87C		5	0	13	133	9.77
4DF4-0000-0363-00CB		2	0	14	30	46.66
4DF7-0000-035D-BC13		5	0	14	37	37.83
4E00-0000-034E-64F5		1	0	7	102	6.86
4E35-0000-031A-6DD1	Speedrun	13	0	33	121	27.27
4E37-0000-0336-231B		1	0	22	23	95.65
4E3B-0000-0353-1276	Remix	9	0	23	151	15.23
4E46-0000-035C-C175		3	0	2	74	2.7
4E90-0000-0345-424A		2	0	14	25	56
4EA8-0000-030F-B74B		2	0	13	45	28.88
4ED1-0000-0337-BEB2		3	0	23	93	24.73
4F06-0000-031C-76FA	Remix	10	0	7	205	3.41
4F4B-0000-0339-5AFE		1	0	6	56	10.71
4F6C-0000-0339-F444		2	0	23	147	15.64
4F6C-0000-0344-E23A		2	0	9	108	8.33
4F89-0000-0336-D536		2	0	3	43	6.97
4F99-0000-033F-AE1D		2	0	5	68	7.35
4FA8-0000-0348-ADF6		1	0	11	26	42.3
5013-0000-0337-A91A		10	0	2	4640	0.04
5022-0000-0328-8BE5		1	0	1	46	2.17
502A-0000-0360-193F		2	0	12	20	60
503D-0000-035D-FA92		1	0	13	60	21.66
504B-0000-0350-28C7		1	0	5	51	9.8
5054-0000-0357-9CF9	Speedrun	3	0	32	97	32.98
5062-0000-0339-B9EA		1	0	13	25	52
5069-0000-0303-A6A3		10	0	41	195	21.02
5073-0000-0337-CD40		2	0	4	355	1.12
5090-0000-0313-3A19	Theme	21	0	19	644	2.95
50AC-0000-0355-63DE		1	0	6	30	20
50C1-0000-0338-6495		2	0	9	76	11.84
50C4-0000-0342-FD70		6	0	8	146	5.47
50D3-0000-0305-E666	Dash	16	0	4	1636	0.24
50EF-0000-0320-E562		2	0	8	80	10
5109-0000-0368-1DB9		0	0	3	46	6.52
511B-0000-0334-14A3		1	0	14	93	15.05
5136-0000-0351-CE92		18	0	13	3582	0.36
5152-0000-034C-A86C		6	0	8	186	4.3
5168-0000-030C-951E	Traditional	23	0	56	393	14.24
5193-0000-034C-32F4		3	0	29	72	40.27
519D-0000-031D-83D3		15	0	68	879	7.73
51A1-0000-033B-B658		12	0	41	150	27.33
51A3-0000-035E-8D63		2	0	8	111	7.2
51C3-0000-032A-F7DD		6	0	6	178	3.37
51C3-0000-0350-E2AE		1	0	3	40	7.5
51C5-0000-0312-9A42		2	0	2	133	1.5
51CD-0000-030A-DA69		2	0	11	79	13.92
51E0-0000-0324-F5E9		4	0	28	135	20.74
51FF-0000-0330-A2B0		5	0	35	224	15.62
5200-0000-030D-F145		7	0	39	79	49.36
5211-0000-0337-8FC4	Theme	17	0	24	292	8.21
5226-0000-0330-0400		8	0	67	94	71.27
5253-0000-0309-DFC0		3	0	9	155	5.8
5257-0000-0308-9962		7	0	13	260	5
526F-0000-035F-8924		3	0	5	88	5.68
5282-0000-0346-AEBC		1	0	1	36	2.77
5284-0000-033F-3211		2	0	11	118	9.32
5285-0000-035B-7AF3	Puzzle	6	0	8	191	4.18
5289-0000-0363-9A11		1	0	5	24	20.83
52AC-0000-0309-DD4D		1	0	7	74	9.45
52AE-0000-0338-36E3		1	0	6	57	10.52
52AF-0000-034A-8634		1	0	6	44	13.63
52D4-0000-0359-AAD3		1	0	3	65	4.61
52DC-0000-034C-CD3E		4	0	8	362	2.2
531C-0000-0347-5BB0		3	0	13	27	48.14
5344-0000-036C-1E90		3	0	5	65	7.69
5345-0000-0320-8397		17	0	78	86	90.69
5363-0000-035F-735B		2	0	4	80	5
5378-0000-034D-15E4		12	0	2	1973	0.1
5379-0000-0310-126C		2	0	24	29	82.75
53BF-0000-034E-AB6C		2	0	16	57	28.07
53C9-0000-030A-D7A2		1	0	3	51	5.88
53CE-0000-0317-6C3F		4	0	29	37	78.37
53F1-0000-0359-B0A9		2	0	9	306	2.94
53F6-0000-0365-A4BB		3	0	12	91	13.18
53F7-0000-0351-C881		2	0	3	97	3.09
541C-0000-0344-0CB1	Traditional	6	0	3	499	0.6
542A-0000-0337-5890		5	0	36	65	55.38
548D-0000-0349-F6C6		1	0	8	35	22.85
549D-0000-032F-44AC		1	0	12	25	48
54BE-0000-0347-BA8A	Traditional	5	0	16	140	11.42
54EE-0000-0301-12A1		2	0	4	232	1.72
552A-0000-0335-65F6		2	0	5	50	10
5544-0000-0308-27FF		2	0	3	112	2.67
5544-0000-0315-A8B3		2	0	4	42	9.52
55C4-0000-0352-1F6A		1	0	4	48	8.33
55D1-0000-0362-3B27		1	0	0	68	0
55D2-0000-0367-BFA4		4	0	10	108	9.25
55F9-0000-035B-2655		1	0	8	28	28.57
55FB-0000-032E-9E6C		2	0	12	32	37.5
5625-0000-0361-64FE	Dash	10	0	10	103	9.7
5657-0000-032C-5B04		5	0	24	134	17.91
565C-0000-0303-7A5E		1	0	22	34	64.7
5684-0000-034D-E0CA		32	0	54	1008	5.35
5694-0000-034A-6D19		1	0	7	13	53.84
56B5-0000-0342-CB17		5	0	12	152	7.89
56BC-0000-0338-B657	Remix	23	0	29	502	5.77
5718-0000-0354-9A38		4	0	1	264	0.37
5728-0000-034C-F039		1	0	10	14	71.42
5736-0000-031F-AD25	Speedrun	18	0	7	2265	0.3
573A-0000-0368-2862		3	0	1	79	1.26
573B-0000-0314-1AE0	Traditional	96	0	128	3039	4.21
5747-0000-0343-632A		1	0	5	74	6.75
575A-0000-0352-1AE9		2	0	11	13	84.61
5770-0000-0300-3FD9		1	0	1	125	0.8
57AB-0000-0333-AA7C	Shoot-'em-up	24	0	66	137	48.17
57AD-0000-031D-98FA		2	0	10	273	3.66
57D1-0000-0331-845A		1	0	9	57	15.78
57DD-0000-0346-F120		1	0	12	13	92.3
5816-0000-033C-4857		1	0	11	39	28.2
582A-0000-0323-2E3F	Autoscroll	96	0	189	1990	9.49
587E-0000-0304-1F88		1	0	3	40	7.5
5891-0000-0320-87E0		2	0	6	62	9.67
58BB-0000-033A-75D5	Traditional	29	0	15	4912	0.3
5918-0000-0357-0A44	Traditional	9	0	30	248	12.09
5925-0000-031F-6866		3	0	17	92	18.47
5928-0000-0320-CE9E		1	0	3	69	4.34
594F-0000-02FF-0C9D	Traditional	8	0	15	164	9.14
5977-0000-0346-EF70		2	0	16	35	45.71
599B-0000-0329-EFD4		4	0	73	141	51.77
59A4-0000-0308-3135		2	0	9	85	10.58
59D4-0000-033A-CED0		1	0	17	65	26.15
59F9-0000-0341-CFC9		17	0	62	118	52.54
5A02-0000-035E-CC67		1	0	7	25	28
5A1A-0000-032A-3309		3	0	17	23	73.91
5A1E-0000-031F-57EE		5	0	6	203	2.95
5A26-0000-0365-367E	Traditional	12	0	9	229	3.93
5A2B-0000-033B-9B65	Theme	12	0	5	205	2.43
5A44-0000-0348-249C		10	0	70	270	25.92
5A65-0000-0362-FE83		2	0	15	27	55.55
5A76-0000-033C-CE20		4	0	26	158	16.45
5AA7-0000-0360-F80C		1	0	7	53	13.2
5AB0-0000-02FF-CBE3	Remix	21	0	31	271	11.43
5AB1-0000-0368-42D3	Yoshi	22	1	35	239	14.64
5ABA-0000-0311-E395		9	0	73	76	96.05
5AE0-0000-0333-9A6B		4	0	4	114	3.5
5B0D-0000-0324-48B8		1	0	13	56	23.21
5B33-0000-0328-6B1B		4	0	53	290	18.27
5B87-0000-0350-E5AE		1	0	1	37	2.7
5B94-0000-031F-A025	Traditional	74	0	55	4490	1.22
5BC2-0000-031A-7931		2	0	17	22	77.27
5BC6-0000-0327-B911		5	0	42	146	28.76
5BD9-0000-034E-69A9		1	0	6	57	10.52
5BE3-0000-033B-FF80		13	0	49	70	70
5C17-0000-033C-B127		1	0	10	27	37.03
5C36-0000-0344-D6F0		2	0	16	139	11.51
5C5A-0000-030E-0B27		1	0	12	35	34.28
5C5D-0000-0308-9B5F	Traditional	21	0	25	747	3.34
5C6F-0000-032E-522C		1	0	10	98	10.2
5C8F-0000-0314-F4E2		2	0	8	161	4.96
5C9F-0000-0347-3C15		4	0	6	79	7.59
5CD6-0000-0327-C891		4	0	5	386	1.29
5CDB-0000-0362-5242	Traditional	6	0	4	95	4.21
5CE4-0000-0366-57ED		2	0	8	60	13.33
5CE7-0000-0359-511F		1	0	3	95	3.15
5CFC-0000-033A-D5C5		3	0	24	106	22.64
5D08-0000-031C-F5A3		4	0	2	278	0.71
5D0C-0000-0306-E015		1	0	4	55	7.27
5D12-0000-0322-AAEE	Autoscroll	14	0	11	191	5.75
5D3B-0000-0352-8D38		1	0	0	110	0
5D75-0000-033F-4BA0		3	0	18	136	13.23
5D90-0000-032D-A57F		1	0	9	36	25
5DA8-0000-0311-2790		1	0	2	68	2.94
5DBA-0000-0331-1E43		4	0	8	81	9.87
5DDE-0000-0332-A7A2		5	0	28	135	20.74
5DF5-0000-0351-690A		2	0	4	55	7.27
5E01-0000-0366-5BC4	Yoshi	7	0	5	105	4.76
5E05-0000-0320-7E08		6	0	44	101	43.56
5E06-0000-0347-458B		1	0	12	17	70.58
5E14-0000-0339-FD46		5	0	0	302	0
5E1A-0000-02FF-9421	Dash	29	0	38	1278	2.97
5E30-0000-0338-753A		6	0	26	36	72.22
5E44-0000-035A-7D20	Theme	15	0	28	46	60.86
5E48-0000-031B-B54D		2	0	25	219	11.41
5E4A-0000-0339-4BD8		1	0	14	42	33.33
5E55-0000-0362-9A0E		1	0	3	49	6.12
5E65-0000-0341-B404		4	0	15	93	16.12
5E6E-0000-0357-EB9A		1	0	4	16	25
5E7C-0000-032F-88C7	Speedrun	22	0	15	3667	0.4
5EA0-0000-0300-2670	Theme	19	0	30	200	15
5EBE-0000-0309-B108		1	0	4	81	4.93
5EBF-0000-0306-BEC9		2	0	14	107	13.08
5ED1-0000-030D-D731		1	0	7	89	7.86
5EDA-0000-0356-40FC		1	0	10	71	14.08
5EE1-0000-0356-F901		2	0	14	40	35
5F01-0000-0301-21F9		2	0	14	23	60.86
5F02-0000-0362-EDE6		1	0	3	42	7.14
5F1A-0000-032D-4758		1	0	1	142	0.7
5F35-0000-0365-C1F4		4	0	15	69	21.73
5F5D-0000-0338-E65F		3	0	8	109	7.33
5F76-0000-031E-0839		1	0	23	23	100
5F8F-0000-0346-DDB8	Remix	20	0	69	245	28.16
5FA5-0000-0341-B904		1	0	4	50	8
5FB1-0000-034C-80D8		4	0	26	190	13.68
5FDB-0000-035B-CA3B		3	0	13	50	26
5FF8-0000-0334-EB4B		9	0	14	220	6.36
5FFE-0000-031A-4A0D		2	0	14	35	40
6007-0000-035B-0E02		2	0	9	47	19.14
600A-0000-032B-1ECF		1	0	21	67	31.34
600C-0000-0305-1666		6	0	13	95	13.68
601F-0000-0358-9FE3		2	0	15	105	14.28
602E-0000-0364-576B	Speedrun	5	0	4	371	1.07
6036-0000-0315-A374		5	0	31	97	31.95
604F-0000-030E-D976	Dash	18	0	23	1219	1.88
6069-0000-0312-C3AF		6	0	14	564	2.48
6077-0000-031E-DE35		1	0	2	74	2.7
6078-0000-0364-B643		1	0	10	67	14.92
609D-0000-0314-142B		1	0	12	45	26.66
60BC-0000-034E-6F94		1	0	3	60	5
60BF-0000-0346-AD60		1	0	14	35	40
60FC-0000-0348-0EFD		2	0	14	135	10.37
60FF-0000-0344-B8B0		1	0	2	51	3.92
6120-0000-0314-8902		2	0	2	115	1.73
613F-0000-0323-1F74	Traditional	7	0	8	340	2.35
6148-0000-0331-82DF		1	0	10	12	83.33
6168-0000-032D-65B3	Dash	69	0	55	7358	0.74
616B-0000-0328-6756		2	0	1	76	1.31
6189-0000-034C-1485	Traditional	17	0	38	156	24.35
6196-0000-0319-B285		1	0	9	63	14.28
619C-0000-0358-94FA		1	0	1	61	1.63
61AA-0000-0362-A510		4	0	1	58	1.72
61B2-0000-0313-36CD		3	0	8	168	4.76
61FD-0000-030E-23FE	Puzzle	5	0	14	156	8.97
6229-0000-030B-7B53	Traditional	90	0	123	4564	2.69
6241-0000-032D-4C54		4	0	7	170	4.11
6246-0000-0342-1C98		2	0	12	72	16.66
6263-0000-0366-19FD		2	0	4	88	4.54
626F-0000-0336-2594	Theme	131	0	84	5083	1.65
6276-0000-0301-2356	Speedrun	16	0	78	151	51.65
6276-0000-0320-078C		4	0	11	322	3.41
62BB-0000-0305-7C29		2	0	21	82	25.6
630F-0000-0354-A4D4		1	0	1	47	2.12
631A-0000-0360-E9D2		3	0	17	66	25.75
6337-0000-035B-3F64	Gimmick	96	0	31	14679	0.21
634F-0000-035A-DA48		1	0	7	53	13.2
635D-0000-030B-CEC4		2	0	23	57	40.35
637E-0000-0350-97E5	Traditional	6	0	20	166	12.04
637F-0000-0336-40C9	Remix	24	0	22	504	4.36
63A2-0000-032F-17AC		2	0	18	19	94.73
63BD-0000-0361-BB5A		5	0	6	150	4
63D0-0000-0308-713F		3	0	6	214	2.8
63DD-0000-0323-00F4		2	0	5	60	8.33
63DD-0000-033A-D985		3	0	11	114	9.64
63E3-0000-0359-6D2D		5	0	47	154	30.51
6428-0000-0363-B6F9		0	0	1	46	2.17
6459-0000-0335-C743		1	0	9	54	16.66
6466-0000-033E-5A90	Costume	15	0	12	140	8.57
64C8-0000-0319-07C0		13	0	58	592	9.79
650A-0000-032C-9D52		1	0	4	55	7.27
6540-0000-033D-2B7A	Traditional	5	0	5	77	6.49
654A-0000-0309-5C69		1	0	24	33	72.72
654E-0000-0366-6417		7	0	3	193	1.55
6562-0000-0334-A30B	Remix	152	0	313	3009	10.4
65F5-0000-0331-EAC4		2	0	5	164	3.04
65F9-0000-035B-4843		1	0	3	91	3.29
6623-0000-0329-6ABF		3	0	12	80	15
6647-0000-032F-47DB		1	0	3	36	8.33
6684-0000-033D-AB0F	Puzzle	25	0	36	430	8.37
668E-0000-0360-41C6		1	0	6	31	19.35
6694-0000-02FE-F030		11	0	64	280	22.85
66A0-0000-031D-80FE		2	0	12	185	6.48
66DE-0000-034F-B720		9	0	4	722	0.55
6709-0000-0331-EF50		1	0	23	24	95.83
6718-0000-0330-9C39		3	0	2	102	1.96
6720-0000-032B-6A69		1	0	8	83	9.63
6731-0000-0307-B144		1	0	4	74	5.4
6754-0000-0312-739D		1	0	1	93	1.07
6764-0000-0322-773C		1	0	6	40	15
6765-0000-035D-8A34		4	0	13	179	7.26
6782-0000-0334-AAB3		2	0	19	19	100
6782-0000-035A-47BE		1	0	2	45	4.44
678E-0000-0308-083B		1	0	8	122	6.55
67A2-0000-0321-B0A5		4	0	7	88	7.95
67AC-0000-0350-42F1	Traditional	3	0	15	36	41.66
67BA-0000-034C-2B34		1	0	18	29	62.06
67F2-0000-0332-94CE		1	0	5	34	14.7
684C-0000-0301-E7C4		3	0	46	168	27.38
685D-0000-033E-0733		1	0	9	20	45
68A4-0000-030C-99CF		3	0	16	159	10.06
68D0-0000-0311-E6D6		1	0	17	39	43.58
68D1-0000-0309-4BF7		1	0	12	47	25.53
68D1-0000-030B-5725	Speedrun	10	2	28	1035	2.7
68D8-0000-034E-6D04	Theme	11	0	9	217	4.14
6913-0000-0357-5B1A		1	0	3	30	10
6932-0000-0356-FCB2		2	0	18	40	45
6940-0000-0336-F35A		2	0	8	130	6.15
6961-0000-0349-7008		1	0	11	72	15.27
6964-0000-0335-BBAE	Remix	32	0	32	917	3.48
6966-0000-0303-1556	Traditional	6	0	4	201	1.99
6980-0000-0315-1C5C		1	0	4	55	7.27
6982-0000-0348-2FD7		8	0	19	29	65.51
69B8-0000-033B-926A		1	0	19	36	52.77
69BE-0000-0361-F2AE		1	0	7	43	16.27
69FA-0000-0324-9615		2	0	2	111	1.8
6A05-0000-0349-0B82		4	0	19	139	13.66
6A26-0000-0305-042F	Traditional	8	0	16	387	4.13
