nano	079D-0000-0351-17E2
Nahil	07CD-0000-030D-EA60
NAddict00	07F7-0000-030F-A51B
muranari	080E-0000-0307-A394
Muireall	082F-0000-0358-A218
Muffy	0830-0000-0353-D322
MrsShefski	0833-0000-0357-690F
mrjqwwwuuu	085F-0000-0364-6DA1
mr.awesome	0861-0000-0353-6FC4
Mr. Caboor	0873-0000-033C-96A6
Mr-Cabral	0880-0000-0341-CA17
mr poops	08AC-0000-0303-AB1D
Mommy	08AF-0000-030D-BD5F
Mom	090E-0000-0316-8159
mjkk	091D-0000-035D-58F2
miralexis	0927-0000-0348-8478
Mirage	0934-0000-034B-65DE
min∞Shina	093A-0000-0358-2EA9
Mim	0967-0000-034B-4970
MIKE	097B-0000-032D-69C1
Mike	097D-0000-033E-4E04
Mikal	0983-0000-0351-C92F
Miguel	0992-0000-032D-600C
MichiMorde	0994-0000-0322-B63E
michaels.	09AC-0000-034B-982B
Michael	09B6-0000-034B-4D15
messi	09ED-0000-033F-B7E1
Men 123	0A0C-0000-033D-0714
Men 10	0A40-0000-0358-A69E
Mel	0A4B-0000-030F-42DB
MCW UK	0A60-0000-0306-DFE1
MaXXXi	0A6D-0000-0316-9747
Maxime	0A6E-0000-032F-44A3
maxím	0A70-0000-0320-E3EE
Max	0A7C-0000-0349-0A58
Matthew	0A84-0000-0339-EBB1
matthew	0A98-0000-0355-EE81
Mattew	0A9E-0000-0363-810E
MATSURI★	0AB3-0000-0339-AAF5
math	0ABE-0000-0308-7103
mat	0AC3-0000-033B-57A8
mason	0AE8-0000-035C-5971
Mario	0B14-0000-036A-19FE
marek	0B1B-0000-032E-E6F4
marcel ps	0B56-0000-0357-6303
mar	0B61-0000-034A-6186
manhead	0B64-0000-031C-A3B1
Manaka	0B69-0000-0324-4E6A
MANA	0B74-0000-0333-F9DE
MaMan	0B7E-0000-0308-73B4
malek	0BA3-0000-035A-2768
Makerpro	0BBD-0000-0338-74EF
Majestra:)	0BD1-0000-0339-3024
MAI	0C12-0000-0351-9EDF
mac	0C32-0000-0334-EDAD
Mac	0C8F-0000-0338-11C1
maboiweelz	0CCF-0000-030B-6C68
maa	0CE8-0000-035D-1CD8
Lulu	0CEE-0000-034C-A811
LukeTerver	0D04-0000-0361-914D
LukeSegn	0D18-0000-0331-2A18
luke	0D1F-0000-035C-611C
Luke	0D48-0000-0363-8CC0
21ctryt565	0DA8-0000-0368-A724
lukas	0DB6-0000-033F-429F
LuisE242	0DCA-0000-0312-AD9B
LUIS ANGEL	0DDC-0000-0319-C3A1
Luis	0DF3-0000-032D-6360
luis	0E23-0000-0345-3E05
Luigi	0E83-0000-0330-0ECA
nano	0EC4-0000-035B-91F7
Nahil	0F17-0000-0342-5DD9
NAddict00	0F1E-0000-0340-2001
muranari	0F6B-0000-034D-DB6E
Muireall	0FE8-0000-02FF-B716
Muffy	0FEE-0000-0364-19AC
MrsShefski	103B-0000-033E-70A4
mrjqwwwuuu	1041-0000-0365-F94D
mr.awesome	1045-0000-033F-49BA
Mr. Caboor	1050-0000-0331-FABB
Mr-Cabral	105C-0000-0338-778E
mr poops	1082-0000-0343-B78A
Mommy	10EF-0000-0341-BCCE
Mom	1110-0000-030B-D094
mjkk	1171-0000-0303-C4D9
miralexis	11FE-0000-0316-8BEC
Mirage	120B-0000-0324-F667
min∞Shina	1242-0000-034F-2953
Mim	1275-0000-0357-157B
MIKE	127B-0000-033A-0CA5
Mike	1283-0000-0362-2CB6
Mikal	1290-0000-032B-AD32
Miguel	12B9-0000-0344-156E
MichiMorde	12DB-0000-0317-5E04
michaels.	12F5-0000-034A-0706
Michael	1305-0000-0325-7780
messi	1305-0000-0357-8E36
Men 123	1308-0000-0359-B160
Men 10	1323-0000-033E-8A6F
Mel	1330-0000-0357-08E9
MCW UK	133B-0000-0301-C0F6
MaXXXi	1383-0000-0345-3914
Maxime	1388-0000-0324-D798
maxím	13B8-0000-0326-4696
Max	13D2-0000-0347-B5F1
Matthew	13E8-0000-035C-ACEA
matthew	13F3-0000-0359-B14C
Mattew	1418-0000-032E-D9CF
MATSURI★	143C-0000-0314-6BD7
math	1441-0000-0344-7E8B
mat	1457-0000-031E-137C
mason	1462-0000-0344-E3EF
Mario	14C4-0000-033A-0B30
marek	14CF-0000-034D-87D5
marcel ps	150F-0000-0339-F7A8
mar	1519-0000-0312-530A
manhead	152D-0000-0318-6D01
Manaka	1535-0000-0343-549A
MANA	154C-0000-0352-F3F0
MaMan	154F-0000-033F-B3D6
malek	1550-0000-0322-81B7
Makerpro	1560-0000-033A-C5DA
Majestra:)	1582-0000-0351-C698
MAI	15A4-0000-0352-30D9
mac	15B9-0000-0361-8E07
Mac	15BC-0000-0348-7D5F
maboiweelz	15C0-0000-0339-C346
maa	1602-0000-0331-C155
Lulu	1614-0000-032A-4AC3
LukeTerver	1620-0000-0369-A95F
LukeSegn	162B-0000-034A-9031
luke	162C-0000-0301-738D
Luke	165A-0000-0306-E577
21ctryt565	165B-0000-0313-97E8
lukas	167F-0000-030F-51D9
LuisE242	1685-0000-0360-353D
LUIS ANGEL	169B-0000-0315-062F
Luis	16B2-0000-030E-3F98
luis	16C8-0000-033D-846C
Luigi	16CB-0000-0346-7EB2
Luciano	16F1-0000-0356-368B
luciano	170F-0000-0318-603F
lucas2006	170F-0000-033C-8A05
lucas	1714-0000-0348-106D
Lucas	173C-0000-0320-D5E9
213sdf8invgreer	177A-0000-0332-B59F
Luca	1782-0000-02FF-8CB7
ls1	17BB-0000-034A-6988
Louna	17E8-0000-0358-A4CE
louk viac	17FB-0000-0310-B194
lordganon	1818-0000-0334-1684
lokman	181A-0000-033F-45E6
lokendero	183E-0000-033A-D6DA
Logan	183F-0000-032B-14A5
lizerd leg	1862-0000-034F-F099
Liverwurst	1878-0000-0364-A9CA
Lionel	189B-0000-035D-8475
LINK	189D-0000-0360-2CEB
Lingpling	18A2-0000-033D-736A
Lily	18B4-0000-0339-5AE1
Lilli Boo	18BF-0000-0310-9651
LILI	18DA-0000-0348-B159
Lil Jay	18F5-0000-0364-3963
Liberated	18F7-0000-030E-462B
Liam	18FC-0000-0336-401E
levi	1976-0000-0347-5068
leuk	1993-0000-0315-841A
LEOTS DIOS	1999-0000-0335-302D
Lele	199C-0000-0329-C238
Le-le	19AD-0000-0354-F2F9
Le	19E6-0000-032F-6011
laurigula	1A1F-0000-0351-CA29
Laurianne	1A28-0000-0305-8885
Lasercorn	1A34-0000-031F-B26C
Larina★fs	1A54-0000-0363-6671
Lantis	1A75-0000-0357-E033
Landen	1A8F-0000-0334-145F
lalank	1A90-0000-0339-BAD5
Lady Mara	1AA2-0000-033F-A493
L	1AB2-0000-030F-CF76
kyran	1AD4-0000-0314-9476
kyo kun	1AD9-0000-0346-B1F5
Kyle792	1AEA-0000-0367-B7FC
Kyara	1B13-0000-035B-3755
kurotora	1B26-0000-0310-75A5
KURI♪くり!！！	1B3A-0000-035B-044A
Kurayami	1B3F-0000-032B-3D49
kristelle	1B73-0000-031A-763E
Kris	1B7E-0000-0361-8EBD
Kotatsu	1B80-0000-030A-7D07
Kosten	1BC7-0000-033E-8CD1
Konata	1BD1-0000-033F-B00C
kingmark	1C00-0000-0362-499C
King Rafa	1C05-0000-032E-CF86
Kinder	1C42-0000-0346-F533
kimbob	1C54-0000-030A-7339
Kevin	1C59-0000-034F-1C71
Kelly	1C69-0000-035A-0E0E
Keenan	1C7B-0000-0353-D47D
kdogg	1C7F-0000-0368-9A27
Katz	1C82-0000-035C-AEE5
Kastrup	1C87-0000-030B-5198
KAR3N	1C8C-0000-0321-DCA8
kami	1C8D-0000-0342-E711
kam	1C92-0000-02FF-0A54
Kakashi#BR	1C95-0000-034D-8212
Kaiyote87	1C96-0000-030E-B45F
K0U	1C9B-0000-030C-21DA
k4567	1CAD-0000-0355-9649
k	1CB2-0000-0345-1FC2
junior	1CE3-0000-0307-7779
Jump	1D14-0000-0357-227B
JulioMegax	1D7C-0000-0304-3E6F
juli	1D7E-0000-034A-F747
JuanR	1D97-0000-034B-9E08
Juanki	1DE2-0000-034B-CE23
juan jose	1DF9-0000-0338-AC98
Juan	1E33-0000-033B-4CA9
juan	1E89-0000-031E-1362
jt	1E8D-0000-0348-B91C
jrx15	1EC9-0000-0310-0A63
jroc	1ED4-0000-035A-BC99
jp	1F1A-0000-0344-7991
JP	1F26-0000-0323-CDDA
joshington	1F51-0000-0327-C09F
joseph	1F55-0000-0327-7DEB
JoseEmilio	1F5C-0000-0356-5076
Joran	1F8A-0000-0351-53E0
jonty	1F99-0000-0359-6BB5
Jonathan	1FA7-0000-0367-F3BC
Jonas	1FB4-0000-0339-E34F
s56vddfdf56dfv5656	1FD4-0000-030A-5B35
jollybear	1FF6-0000-0305-782C
Jojo	2016-0000-0343-B059
JohnnyZ	2025-0000-0300-3E55
Johnny	2029-0000-0311-1A26
JOHN-john	2055-0000-035D-8B3F
john	208F-0000-0327-E5B6
Johan	2093-0000-0333-AB8D
jogo-jogos	2094-0000-0305-EBF9
Joey	2097-0000-0331-2A21
joe	20A6-0000-0331-AF30
q23gtyi78	20BD-0000-0305-0BD8
joao	20D0-0000-0351-ED13
jjjj	20D1-0000-030F-BD60
Jipvh	20D6-0000-033A-02C7
4rer4w5b	20F6-0000-0306-BB27
3g45jyyhnyu	2110-0000-0324-D79F
jimmy	211F-0000-0337-8FB0
Jesus	2134-0000-030D-3057
jessica	2142-0000-032B-A984
Jesse	2169-0000-0327-3678
Jerikob	217C-0000-0308-E7C4
jeo	217D-0000-0332-318D
Jenn	217D-0000-0351-4EC8
jeanbatman	218D-0000-033E-8A94
Javier	21A3-0000-0365-88A8
Jason	21BC-0000-0331-1B6A
Jameson	21C7-0000-0315-0DA9
James 	220F-0000-0317-BB3B
James	2230-0000-0359-C751
Jade	2239-0000-033C-3C55
jacobis	223D-0000-034A-C620
jacob	2242-0000-0343-C4B7
Jacob	224B-0000-0324-9FBB
jack	2258-0000-0301-0B14
jack5678	225D-0000-036B-4C2D
Jack	229E-0000-031C-CB52
Ivan	22BF-0000-030A-85C0
It	22EC-0000-0359-C339
Isaque	22F3-0000-036E-11DA
Isaac♪	233E-0000-030C-2F19
Isaac	2369-0000-0320-E8B8
Isa	2389-0000-0329-81E4
inocandy	2397-0000-034F-A427
inklink	23A5-0000-0301-0B1B
Ilyâs	23AA-0000-034C-7255
iker	23AC-0000-0333-9A2C
iiwii	23B1-0000-0340-26A2
Ihaadev	23C4-0000-0342-D9B2
Igor	2402-0000-0315-B733
Icy	2441-0000-0361-8E86
Ian	244C-0000-035D-0F1E
hyperflame	2454-0000-0347-C679
Hunter	245C-0000-032D-4A05
homosapion	247B-0000-0337-8009
HipFan	247B-0000-0360-6DF8
hihi	2499-0000-0345-BC80
Hevchki	24A1-0000-0305-6948
Henza	24D0-0000-0366-1BA8
Henrique	24F5-0000-035E-8095
Hellen	2508-0000-0324-F527
Hela,Dゼノ	2523-0000-0360-15F1
Heitor	2526-0000-0313-1125
heini	2540-0000-0311-37B1
HECTOR	2583-0000-030D-7C0A
hayden	258A-0000-0322-6D7D
Hatch	258B-0000-0327-E604
Hasan	2590-0000-0362-AD89
harunigiri	25BC-0000-0313-FD98
Harry	25CB-0000-0330-1EEA
harri	25E1-0000-030C-25D4
harbor	2605-0000-035B-7411
Hannah	261C-0000-0353-1142
Handy	261E-0000-0349-8280
hammy	2627-0000-031F-AA97
Ham	262C-0000-033A-D2BA
hail	2655-0000-033E-64D9
Gweneriste	2665-0000-0359-C649
Guycito	2672-0000-035B-003A
Guto	2685-0000-034C-0F0F
wqxdihjvhovrdh gf	2699-0000-0305-12E2
gustavo	26B3-0000-0326-96DC
Guille	26B6-0000-0319-B2AA
guilherme	26D8-0000-0331-21CB
Greig	26D9-0000-032F-CC60
GreedyDevl	2718-0000-0330-CD13
gredo	272B-0000-030C-7C11
Gravejigga	276C-0000-035B-3587
Grant	2798-0000-035A-4545
gouveia	27A5-0000-033A-B03E
Gonra6333	27B1-0000-0342-2041
Goat	27C2-0000-035C-E5DB
GLƒ★Start♪	282F-0000-031E-C567
Gigi Cravo	283A-0000-0320-6258
Gessualdo	2879-0000-0334-AC1E
GEORGE	2884-0000-0311-BC97
Gene	2887-0000-0347-5311
GE☆Leo	2890-0000-032C-D344
Gavin	289F-0000-0328-FE29
Gavin741	28C5-0000-036B-B87C
gameryoshi	28C8-0000-035D-8CCD
Gabriel	28CA-0000-0338-D798
Gabriel85632	28CC-0000-035D-FD92
gabriel	28D0-0000-0328-43EF
Frank	28E1-0000-0363-FAD1
francisco	28E2-0000-0339-BCC2
Flemming	28F9-0000-0365-B49F
first	292A-0000-0352-1626
Firebolt	297A-0000-0357-7B07
Finni	2991-0000-032C-93B1
finialfie	29A2-0000-035A-1CA8
filippo	29A6-0000-0368-4CE1
Feschwuddl	2A0E-0000-0321-2F41
ferni	2A13-0000-0310-6CCF
fernando	2A2C-0000-0363-B6A2
Felipe	2A44-0000-035A-A50A
fazerlazer	2A4F-0000-0302-7F7E
Favrel	2A74-0000-0314-163E
FAFA	2A93-0000-0314-710D
Fabs	2AA8-0000-0333-FC02
Evil tubby	2AF3-0000-0342-7E8E
Evan Fedex	2B00-0000-033A-0EFC
evan8632	2B16-0000-0357-98D3
evan	2B43-0000-0351-E2BE
nano	2B4C-0000-0307-BB57
Nahil	2B55-0000-0306-810D
NAddict00	2B57-0000-0308-38F8
muranari	2B65-0000-02FF-BC1E
Muireall	2B76-0000-031F-9DD0
Muffy	2B80-0000-0330-719A
MrsShefski	2BAA-0000-0336-4771
mrjqwwwuuu	2BD0-0000-0324-ED09
mr.awesome	2BD1-0000-0316-B12B
Mr. Caboor	2BDA-0000-0300-267A
Mr-Cabral	2BEB-0000-034B-4520
mr poops	2BFB-0000-0306-95D2
Mommy	2C14-0000-0311-99E5
Mom	2C18-0000-030D-86B0
mjkk	2C1D-0000-0358-B38D
miralexis	2C24-0000-034A-D2F1
Mirage	2C2C-0000-0335-D87A
min∞Shina	2C6A-0000-033E-62F5
Mim	2C6F-0000-0356-F862
MIKE	2C80-0000-0302-B127
Mike	2C8D-0000-0324-23CB
Mikal	2C93-0000-032F-447F
Miguel	2C9A-0000-0328-FFDF
MichiMorde	2C9E-0000-030E-E5E3
michaels.	2CC7-0000-0335-D401
Michael	2CC9-0000-0334-541B
messi	2CCD-0000-032D-1CD0
Men 123	2CD7-0000-035D-8C4D
Men 10	2CDF-0000-032E-3616
Mel	2CDF-0000-0356-E1CE
MCW UK	2CFA-0000-0343-DC34
MaXXXi	2D07-0000-0365-F9B2
Maxime	2D15-0000-0349-81D9
maxím	2D33-0000-0308-F41D
Max	2D4B-0000-0324-4566
Matthew	2D8E-0000-030D-FE0B
matthew	2D96-0000-0339-E698
Mattew	2DBF-0000-0301-EB09
MATSURI★	2DC5-0000-0329-1C9C
math	2DD8-0000-0331-76AC
mat	2DDB-0000-0305-61C6
mason	2E05-0000-0359-5962
Mario	2E07-0000-0309-0E91
marek	2E07-0000-034B-D53A
marcel ps	2E26-0000-0321-C1F0
mar	2E6C-0000-035B-7941
manhead	2EBB-0000-0311-B534
Manaka	2EDA-0000-0311-059B
MANA	2EE8-0000-0352-1756
MaMan	2EE9-0000-0302-C32B
malek	2F00-0000-0309-B786
Makerpro	2F14-0000-0323-7FC4
Majestra:)	2F1F-0000-0316-1A21
MAI	2F3B-0000-034A-71EC
mac	2F41-0000-0361-6D32
Mac	2F7C-0000-0336-EA62
maboiweelz	2F8F-0000-0348-0690
maa	2F91-0000-0347-408C
Lulu	2F9A-0000-0346-D854
LukeTerver	2FF2-0000-034B-AA46
LukeSegn	3038-0000-0341-69E4
luke	307F-0000-0349-688C
Luke	3089-0000-0357-71E7
21ctryt565	308A-0000-033D-6101
lukas	30C0-0000-0365-1A75
LuisE242	30C6-0000-0312-529D
LUIS ANGEL	30E1-0000-0339-E259
Luis	30E1-0000-035B-EA6A
luis	3137-0000-0330-25B5
Luigi	316E-0000-0343-7E62
Luciano	3174-0000-033E-A428
luciano	318C-0000-0300-1CBD
lucas2006	318F-0000-0331-B702
lucas	3195-0000-0342-2007
Lucas	31B2-0000-032D-53E5
213sdf8invgreer	31E1-0000-0308-F0B3
Luca	3277-0000-0338-C138
ls1	3278-0000-0327-AFCF
Louna	327B-0000-032E-205E
louk viac	32B4-0000-034D-0D63
lordganon	32F3-0000-032D-9E06
lokman	32F8-0000-034C-FBEE
lokendero	32FB-0000-0312-558F
Logan	335B-0000-033E-0633
lizerd leg	3365-0000-032D-5C03
Liverwurst	3380-0000-035A-1CAC
Lionel	3386-0000-0356-FC3E
LINK	33B3-0000-0308-A8A8
Lingpling	3444-0000-0367-61FE
Lily	3447-0000-0345-1A59
Lilli Boo	344C-0000-031B-E2D1
LILI	344C-0000-032A-2BF6
Lil Jay	345E-0000-0327-1EF4
Liberated	3461-0000-0347-94B4
Liam	3467-0000-0326-DB6C
levi	34A1-0000-0328-8CBB
leuk	34ED-0000-0323-33C2
LEOTS DIOS	3506-0000-0336-EDB5
Lele	3510-0000-0347-949D
Le-le	353F-0000-0311-2646
Le	3541-0000-0351-E48A
laurigula	3576-0000-032C-DE8B
Laurianne	357C-0000-0321-A85A
Lasercorn	35BE-0000-030A-8A95
Larina★fs	35C2-0000-0335-B715
Lantis	35F1-0000-0332-22DB
Landen	35F9-0000-033A-D0F1
lalank	35FE-0000-0323-E15C
Lady Mara	35FE-0000-0359-117B
L	3608-0000-0320-19DD
kyran	3612-0000-035A-B59B
kyo kun	3638-0000-0331-7376
Kyle792	366C-0000-0341-A234
Kyara	3671-0000-0338-4176
kurotora	3672-0000-033F-0CD5
KURI♪くり!！！	3695-0000-0338-6A8F
Kurayami	3697-0000-0360-B509
kristelle	36AB-0000-034D-7F08
Kris	36BB-0000-0343-1064
Kotatsu	36CE-0000-0327-C964
Kosten	36F6-0000-0331-20C5
Konata	3700-0000-0331-7641
kingmark	370A-0000-0345-106A
King Rafa	3716-0000-0325-77E0
Kinder	3732-0000-0307-FC94
kimbob	3733-0000-0347-4DB3
Kevin	374A-0000-0312-4816
Kelly	374D-0000-0308-18F0
Keenan	3762-0000-0336-51A7
kdogg	3778-0000-0311-E5D0
Katz	377D-0000-0337-1B80
Kastrup	378A-0000-0332-04B0
KAR3N	37B3-0000-0368-D5A8
kami	3818-0000-0357-FE59
kam	381A-0000-035F-5308
Kakashi#BR	3877-0000-0344-8722
Kaiyote87	388C-0000-032F-5075
K0U	38AE-0000-036A-295D
k4567	38D5-0000-035F-5B96
k	38F8-0000-0347-55DE
junior	390A-0000-0316-7976
Jump	390C-0000-0334-8F0A
JulioMegax	391D-0000-0345-2811
juli	3944-0000-0302-97FD
JuanR	3971-0000-035E-505E
Juanki	3973-0000-0310-6CDB
juan jose	3990-0000-0335-A0EC
Juan	399D-0000-0321-4204
juan	39D3-0000-033A-D5DC
jt	39E2-0000-0358-C138
jrx15	3A35-0000-032E-D98F
jroc	3A3F-0000-034E-46B3
jp	3A5F-0000-032E-2407
JP	3A6D-0000-0354-F24F
joshington	3AD2-0000-031B-0B3C
joseph	3AEB-0000-0302-ACC3
JoseEmilio	3AF9-0000-035B-7BE0
Joran	3AFB-0000-0310-2F9B
jonty	3B15-0000-0349-1557
Jonathan	3B46-0000-032F-4D82
Jonas	3B5E-0000-0353-0D11
s56vddfdf56dfv5656	3B65-0000-032F-C126
jollybear	3B67-0000-035A-77ED
Jojo	3B90-0000-0342-1F9B
JohnnyZ	3B96-0000-033B-6297
Johnny	3B9F-0000-032E-8C94
JOHN-john	3BAA-0000-0361-8689
john	3BB3-0000-030C-7F3D
Johan	3BBB-0000-0358-4A84
jogo-jogos	3BC6-0000-035E-4998
Joey	3BD7-0000-0365-0A2A
joe	3C0E-0000-0349-2D62
q23gtyi78	3C0E-0000-034B-714E
joao	3C3E-0000-034C-90CC
jjjj	3C45-0000-0366-A466
Jipvh	3C56-0000-030A-603A
4rer4w5b	3C63-0000-0312-7B45
3g45jyyhnyu	3C6C-0000-0322-81AF
jimmy	3C85-0000-031E-AE5E
Jesus	3C95-0000-034C-82C3
jessica	3CC1-0000-036A-7F75
Jesse	3CD0-0000-035C-B2F2
Jerikob	3CEF-0000-035B-76D6
jeo	3CFB-0000-0349-0495
Jenn	3D06-0000-036B-E2CE
jeanbatman	3D24-0000-0342-1BFB
Javier	3D31-0000-030C-24E0
Jason	3D41-0000-0339-C69E
Jameson	3D46-0000-030A-9D8D
James 	3D67-0000-0336-E8EF
James	3D6E-0000-0327-8231
Jade	3D86-0000-0355-D81B
jacobis	3D9B-0000-0342-505D
jacob	3DCB-0000-032E-CEA5
Jacob	3E20-0000-0362-1965
jack	3E3A-0000-033D-01CD
jack5678	3E3D-0000-0356-538A
Jack	3E8F-0000-0344-DF78
Ivan	3E9C-0000-035B-A680
It	3EB6-0000-0333-3F1E
Isaque	3EDB-0000-0341-EED9
Isaac♪	3EDF-0000-0368-23C6
Isaac	3F15-0000-0306-D6C0
Isa	3F1F-0000-0348-B811
inocandy	3F26-0000-032D-27A5
inklink	3F55-0000-0301-0B23
Ilyâs	3F63-0000-031C-95EF
iker	3F9F-0000-0349-9376
iiwii	3FC5-0000-0362-0118
Ihaadev	3FD6-0000-035F-B8E1
Igor	3FFC-0000-0318-9DD9
Icy	4003-0000-033D-0442
Ian	4018-0000-0332-F4E3
hyperflame	401F-0000-0335-22EA
Hunter	4023-0000-033F-55B5
homosapion	403C-0000-0339-7A34
HipFan	4043-0000-0344-575F
hihi	4044-0000-035F-F6EF
Hevchki	4064-0000-0347-BE6A
Henza	4072-0000-0310-F45B
Henrique	407C-0000-0342-640B
Hellen	4089-0000-034D-84FD
Hela,Dゼノ	4092-0000-0334-07BB
Heitor	4096-0000-0302-AD57
heini	40A9-0000-0338-6D9C
HECTOR	40B9-0000-035A-3499
hayden	40C0-0000-035F-15E8
Hatch	40D5-0000-0354-E82D
Hasan	40DD-0000-034D-1809
harunigiri	40E9-0000-031A-9F9D
Harry	40F6-0000-0346-477B
harri	410B-0000-0339-715D
harbor	417D-0000-0367-9142
Hannah	41B1-0000-0369-9D39
Handy	41B4-0000-032F-5C4E
hammy	41C5-0000-035D-E170
Ham	41FA-0000-031D-87F5
hail	4206-0000-0307-6912
Gweneriste	4218-0000-0328-965D
Guycito	4240-0000-035A-4951
Guto	4272-0000-033E-668D
wqxdihjvhovrdh gf	4278-0000-0345-B7E7
gustavo	428D-0000-0337-4101
Guille	4293-0000-0328-F82D
guilherme	42CA-0000-0354-E74E
Greig	42D1-0000-034F-DE22
GreedyDevl	42D8-0000-0319-91EA
gredo	4309-0000-030D-E4AC
Gravejigga	4320-0000-0354-9624
Grant	4330-0000-0360-2322
gouveia	4352-0000-0331-410E
Gonra6333	436F-0000-033C-E9B2
Goat	4370-0000-0351-6EDE
GLƒ★Start♪	4375-0000-0305-0BFE
Gigi Cravo	4392-0000-030A-8CF8
Gessualdo	43A6-0000-033C-A919
GEORGE	43C3-0000-0331-FDDD
Gene	43CD-0000-035C-6C53
GE☆Leo	43FC-0000-032C-914A
Gavin	4416-0000-034C-329A
Gavin741	442A-0000-0346-9740
gameryoshi	4439-0000-0369-27A3
Gabriel	447B-0000-033A-BF95
Gabriel85632	447C-0000-0364-9FDB
gabriel	44D1-0000-0310-41D1
Frank	44DD-0000-0363-9091
francisco	44E2-0000-0358-BB1F
Flemming	44E5-0000-034C-9F21
first	44F5-0000-033D-46BC
Firebolt	44FB-0000-0338-7236
Finni	44FB-0000-0347-360D
finialfie	4506-0000-035A-B4B1
filippo	4508-0000-0306-142D
Feschwuddl	450A-0000-0308-95C5
ferni	453F-0000-035D-1977
fernando	45CF-0000-0323-E47D
Felipe	45E1-0000-0306-9A40
fazerlazer	4650-0000-034A-803A
Favrel	4665-0000-033E-849E
FAFA	4689-0000-034F-2537
un men mas	469A-0000-0348-BAB1
umbreon	46D0-0000-030A-037F
TYRELFENIX	46D8-0000-035D-3F5A
Tyler	46E7-0000-0332-02E6
Tyler45678	46EA-0000-035A-0D7F
Ty	46F4-0000-0333-17CF
TurboPete	46FD-0000-0307-70F7
tubby	472C-0000-0367-EE37
tronchis	4746-0000-034D-25A4
trivium	4763-0000-0313-4524
toutoune	4779-0000-0331-3D12
TorviC	4788-0000-0362-B5EC
tori	4797-0000-033C-B01B
Tori	47B3-0000-02FF-9405
toon link	47B7-0000-0360-2F8C
tommy	47D5-0000-032F-9E63
Tomas	47D8-0000-0304-4063
Tom	47EF-0000-0344-8F56
Toby	47EF-0000-0368-14B2
Toastshygy	4823-0000-0337-C9FD
Tito	4836-0000-0363-CD09
Tino	4862-0000-0361-8C64
timmy	4863-0000-0356-5734
Tiffany	486A-0000-0302-B795
Thomás	487F-0000-0360-9DDA
ThirdMan	48B1-0000-030A-BF97
Theophile	48CB-0000-035B-7CBE
THA.THI	48D5-0000-0351-C886
teter	48FF-0000-0314-8543
Terry	498D-0000-030F-C990
Terrell	49C6-0000-0358-4338
TerraDude	49D4-0000-0365-E272
teotim07	49EA-0000-0324-964F
teizo	49F0-0000-0331-AB21
Tavão	4A00-0000-0307-B39A
Tati	4A01-0000-0308-A0E1
tammy	4A3D-0000-031A-438C
tami	4A42-0000-0357-98A7
Takuma	4A4A-0000-032B-9F48
Takeshi	4A63-0000-0305-0572
take	4A65-0000-0361-FD36
t rex king	4A7C-0000-031C-5E69
T	4A85-0000-0343-B49B
System“Z”	4ADA-0000-0305-7F67
Sydy	4B20-0000-0301-6341
SuperScope	4B2F-0000-0331-388B
Sunshine	4B4A-0000-035B-F027
strummer	4B80-0000-032E-3E43
stone486	4B85-0000-0341-6DF8
Stew	4B9C-0000-033E-A21D
Steven	4BBE-0000-0309-BBD5
steve	4BDE-0000-02FF-8749
Stats	4BFE-0000-0344-61F6
Stacks	4C03-0000-033A-40FF
st.reserve	4CCE-0000-0352-FBDF
Splatevuts	4CD2-0000-0335-AADD
Spielberg	4CDC-0000-0342-4DF1
spiderman	4D0D-0000-0359-AE75
sparky	4D12-0000-0333-B9B0
SoundGuy	4D44-0000-0344-8469
sophie	4D4A-0000-0349-94D6
Sophia	4D4D-0000-0305-6C48
song2	4D5D-0000-0332-42B2
someone	4D87-0000-033C-A721
Soman HD	4D89-0000-0311-FD05
solis7588	4D8E-0000-031E-F0B3
Soldier	5B33-0000-0328-6B1B
sofia	4D91-0000-0310-9126
snoots	4D94-0000-0301-CBBE
snep	4DA3-0000-0363-CCDB
Slimed246	4DB2-0000-0319-1DCC
Sirfut	4DE1-0000-0305-D87C
silas	4DF4-0000-0363-00CB
ShinyEevee	4DF7-0000-035D-BC13
sherlyn	4E00-0000-034E-64F5
Sherbert	4E35-0000-031A-6DD1
Shawn	4E37-0000-0336-231B
Shane	4E3B-0000-0353-1276
sgk	4E46-0000-035C-C175
Sethy	4E90-0000-0345-424A
sergio	4EA8-0000-030F-B74B
Senna	4ED1-0000-0337-BEB2
Sendar	4F06-0000-031C-76FA
sebmtt	4F4B-0000-0339-5AFE
sebastien	4F6C-0000-0339-F444
sebas	4F6C-0000-0344-E23A
seb	4F89-0000-0336-D536
scum bug	4F99-0000-033F-AE1D
Scotty	4FA8-0000-0348-ADF6
Scooby	5013-0000-0337-A91A
Schwartz	5022-0000-0328-8BE5
Santiago	502A-0000-0360-193F
Santa	503D-0000-035D-FA92
Sandeep	504B-0000-0350-28C7
Samuraian	5054-0000-0357-9CF9
sammy	5062-0000-0339-B9EA
sami	5069-0000-0303-A6A3
Salt Lake	5073-0000-0337-CD40
Sal	5090-0000-0313-3A19
Sacha	50AC-0000-0355-63DE
Sabado	50C1-0000-0338-6495
ryu_senbei	50C4-0000-0342-FD70
ryota	50D3-0000-0305-E666
RYO	50EF-0000-0320-E562
Ryan56789	5109-0000-0368-1DB9
ryan	511B-0000-0334-14A3
Ryan	5136-0000-0351-CE92
Ry	5152-0000-034C-A86C
Rublox	5168-0000-030C-951E
RTK	5193-0000-034C-32F4
roro	519D-0000-031D-83D3
Romane	51A1-0000-033B-B658
Rok	51A3-0000-035E-8D63
Rocky	51C3-0000-032A-F7DD
RobotWare	51C3-0000-0350-E2AE
Rj 	51C5-0000-0312-9A42
Riley	51CD-0000-030A-DA69
Rico	51E0-0000-0324-F5E9
Rick	51FF-0000-0330-A2B0
Rhade	5200-0000-030D-F145
Rh15Z	5211-0000-0337-8FC4
Resbambi	5226-0000-0330-0400
Renata	5253-0000-0309-DFC0
REESE	5257-0000-0308-9962
reece	526F-0000-035F-8924
Reaper	5282-0000-0346-AEBC
Rayodfgh	5284-0000-033F-3211
Ray	5285-0000-035B-7AF3
Ravil	5289-0000-0363-9A11
Randy◆SBP◆	52AC-0000-0309-DD4D
random man	52AE-0000-0338-36E3
ramdy.c	52AF-0000-034A-8634
raix	52D4-0000-0359-AAD3
Rafael8745	52DC-0000-034C-CD3E
Rafael	531C-0000-0347-5BB0
rafael	5344-0000-036C-1E90
quentin	5345-0000-0320-8397
Qnitne	5363-0000-035F-735B
Prof Macln	5378-0000-034D-15E4
primo	5379-0000-0310-126C
PotatoChip	53BF-0000-034E-AB6C
PotatoBake	53C9-0000-030A-D7A2
Portuga	53CE-0000-0317-6C3F
pops	53F1-0000-0359-B0A9
pollito	53F6-0000-0365-A4BB
plumber	53F7-0000-0351-C881
PlatyGames	541C-0000-0344-0CB1
Pip 	542A-0000-0337-5890
pinkachuz	548D-0000-0349-F6C6
Pietro64YT	549D-0000-032F-44AC
picudin	54BE-0000-0347-BA8A
pichitekta	54EE-0000-0301-12A1
petit loup	552A-0000-0335-65F6
Peter	5544-0000-0308-27FF
Petar	5544-0000-0315-A8B3
pera	55C4-0000-0352-1F6A
Pelita	55D1-0000-0362-3B27
pedro	55D2-0000-0367-BFA4
42jereuier89uirefh	55F9-0000-035B-2655
Paul	55FB-0000-032E-9E6C
Paul456y7	5625-0000-0361-64FE
Patrick	5657-0000-032C-5B04
Patrice	565C-0000-0303-7A5E
Parker_0_	5684-0000-034D-E0CA
PARKER	5694-0000-034A-6D19
papuchin	56B5-0000-0342-CB17
PaprShrimp	56BC-0000-0338-B657
PAN　まーくん	5718-0000-0354-9A38
p-star 7	5728-0000-034C-F039
un men mas	5736-0000-031F-AD25
umbreon	573A-0000-0368-2862
TYRELFENIX	573B-0000-0314-1AE0
Tyler	5747-0000-0343-632A
Tyler45678	575A-0000-0352-1AE9
Ty	5770-0000-0300-3FD9
TurboPete	57AB-0000-0333-AA7C
tubby	57AD-0000-031D-98FA
tronchis	57D1-0000-0331-845A
trivium	57DD-0000-0346-F120
toutoune	5816-0000-033C-4857
TorviC	582A-0000-0323-2E3F
tori	587E-0000-0304-1F88
Tori	5891-0000-0320-87E0
toon link	58BB-0000-033A-75D5
tommy	5918-0000-0357-0A44
Tomas	5925-0000-031F-6866
Tom	5928-0000-0320-CE9E
Toby	594F-0000-02FF-0C9D
Toastshygy	5977-0000-0346-EF70
Tito	599B-0000-0329-EFD4
Tino	59A4-0000-0308-3135
timmy	59D4-0000-033A-CED0
Tiffany	59F9-0000-0341-CFC9
Thomás	5A02-0000-035E-CC67
ThirdMan	5A1A-0000-032A-3309
Theophile	5A1E-0000-031F-57EE
THA.THI	5A26-0000-0365-367E
teter	5A2B-0000-033B-9B65
Terry	5A44-0000-0348-249C
Terrell	5A65-0000-0362-FE83
TerraDude	5A76-0000-033C-CE20
teotim07	5AA7-0000-0360-F80C
teizo	5AB0-0000-02FF-CBE3
Tavão	5AB1-0000-0368-42D3
Tati	5ABA-0000-0311-E395
tammy	5AE0-0000-0333-9A6B
tami	5B0D-0000-0324-48B8
Takuma	5B87-0000-0350-E5AE
Takeshi	5B94-0000-031F-A025
take	5BC2-0000-031A-7931
t rex king	5BC6-0000-0327-B911
T	5BD9-0000-034E-69A9
System“Z”	5BE3-0000-033B-FF80
Sydy	5C17-0000-033C-B127
SuperScope	5C36-0000-0344-D6F0
Sunshine	5C5A-0000-030E-0B27
strummer	5C5D-0000-0308-9B5F
stone486	5C6F-0000-032E-522C
Stew	5C8F-0000-0314-F4E2
Steven	5C9F-0000-0347-3C15
steve	5CD6-0000-0327-C891
Stats	5CDB-0000-0362-5242
Stacks	5CE4-0000-0366-57ED
st.reserve	5CE7-0000-0359-511F
Splatevuts	5CFC-0000-033A-D5C5
Spielberg	5D08-0000-031C-F5A3
spiderman	5D0C-0000-0306-E015
sparky	5D12-0000-0322-AAEE
SoundGuy	5D3B-0000-0352-8D38
sophie	5D75-0000-033F-4BA0
Sophia	5D90-0000-032D-A57F
song2	5DA8-0000-0311-2790
someone	5DBA-0000-0331-1E43
Soman HD	5DDE-0000-0332-A7A2
solis7588	5DF5-0000-0351-690A
Soldier	5E01-0000-0366-5BC4
sofia	5E05-0000-0320-7E08
snoots	5E06-0000-0347-458B
snep	5E14-0000-0339-FD46
Slimed246	5E1A-0000-02FF-9421
Sirfut	5E30-0000-0338-753A
silas	5E44-0000-035A-7D20
ShinyEevee	5E48-0000-031B-B54D
sherlyn	5E4A-0000-0339-4BD8
Sherbert	5E55-0000-0362-9A0E
Shawn	5E65-0000-0341-B404
Shane	5E6E-0000-0357-EB9A
sgk	5E7C-0000-032F-88C7
Sethy	5EA0-0000-0300-2670
sergio	5EBE-0000-0309-B108
Senna	5EBF-0000-0306-BEC9
Sendar	5ED1-0000-030D-D731
sebmtt	5EDA-0000-0356-40FC
sebastien	5EE1-0000-0356-F901
sebas	5F01-0000-0301-21F9
seb	5F02-0000-0362-EDE6
scum bug	5F1A-0000-032D-4758
Scotty	5F35-0000-0365-C1F4
Scooby	5F5D-0000-0338-E65F
Schwartz	5F76-0000-031E-0839
Santiago	5F8F-0000-0346-DDB8
Santa	5FA5-0000-0341-B904
Sandeep	5FB1-0000-034C-80D8
Samuraian	5FDB-0000-035B-CA3B
sammy	5FF8-0000-0334-EB4B
sami	5FFE-0000-031A-4A0D
Salt Lake	6007-0000-035B-0E02
Sal	600A-0000-032B-1ECF
Sacha	600C-0000-0305-1666
Sabado	601F-0000-0358-9FE3
ryu_senbei	602E-0000-0364-576B
ryota	6036-0000-0315-A374
RYO	604F-0000-030E-D976
Ryan56789	6069-0000-0312-C3AF
ryan	6077-0000-031E-DE35
Ryan	6078-0000-0364-B643
Ry	609D-0000-0314-142B
Rublox	60BC-0000-034E-6F94
RTK	60BF-0000-0346-AD60
roro	60FC-0000-0348-0EFD
Romane	60FF-0000-0344-B8B0
Rok	6120-0000-0314-8902
Rocky	613F-0000-0323-1F74
RobotWare	6148-0000-0331-82DF
Rj 	6168-0000-032D-65B3
Riley	616B-0000-0328-6756
Rico	6189-0000-034C-1485
Rick	6196-0000-0319-B285
Rhade	619C-0000-0358-94FA
Rh15Z	61AA-0000-0362-A510
Resbambi	61B2-0000-0313-36CD
Renata	61FD-0000-030E-23FE
REESE	6229-0000-030B-7B53
reece	6241-0000-032D-4C54
Reaper	6246-0000-0342-1C98
Rayodfgh	6263-0000-0366-19FD
Ray	626F-0000-0336-2594
Ravil	6276-0000-0301-2356
Randy◆SBP◆	6276-0000-0320-078C
random man	62BB-0000-0305-7C29
ramdy.c	630F-0000-0354-A4D4
raix	631A-0000-0360-E9D2
Rafael8745	6337-0000-035B-3F64
Rafael	634F-0000-035A-DA48
rafael	635D-0000-030B-CEC4
quentin	637E-0000-0350-97E5
Qnitne	637F-0000-0336-40C9
Prof Macln	63A2-0000-032F-17AC
primo	63BD-0000-0361-BB5A
PotatoChip	63D0-0000-0308-713F
PotatoBake	63DD-0000-0323-00F4
Portuga	63DD-0000-033A-D985
pops	63E3-0000-0359-6D2D
pollito	6428-0000-0363-B6F9
plumber	6459-0000-0335-C743
PlatyGames	6466-0000-033E-5A90
Pip 	64C8-0000-0319-07C0
pinkachuz	650A-0000-032C-9D52
Pietro64YT	6540-0000-033D-2B7A
picudin	654A-0000-0309-5C69
pichitekta	654E-0000-0366-6417
petit loup	6562-0000-0334-A30B
Peter	65F5-0000-0331-EAC4
Petar	65F9-0000-035B-4843
pera	6623-0000-0329-6ABF
Pelita	6647-0000-032F-47DB
pedro	6684-0000-033D-AB0F
42jereuier89uirefh	668E-0000-0360-41C6
Paul	6694-0000-02FE-F030
Paul456y7	66A0-0000-031D-80FE
Patrick	66DE-0000-034F-B720
Patrice	6709-0000-0331-EF50
Parker_0_	6718-0000-0330-9C39
PARKER	6720-0000-032B-6A69
papuchin	6731-0000-0307-B144
PaprShrimp	6754-0000-0312-739D
PAN　まーくん	6764-0000-0322-773C
p-star 7	6765-0000-035D-8A34
Owen	6782-0000-0334-AAB3
Otroplayer	6782-0000-035A-47BE
oscar2	678E-0000-0308-083B
oscar cool	67A2-0000-0321-B0A5
orange616	67AC-0000-0350-42F1
Olli	67BA-0000-034C-2B34
oliver 808	67F2-0000-0332-94CE
Oli	684C-0000-0301-E7C4
p-star 7	685D-0000-033E-0733
Owen	68A4-0000-030C-99CF
Otroplayer	68D0-0000-0311-E6D6
oscar2	68D1-0000-0309-4BF7
oscar cool	68D1-0000-030B-5725
orange616	68D8-0000-034E-6D04
Olli	6913-0000-0357-5B1A
oliver 808	6932-0000-0356-FCB2
Oli	6940-0000-0336-F35A
p-star 7	6961-0000-0349-7008
Owen	6964-0000-0335-BBAE
Otroplayer	6966-0000-0303-1556
oscar2	6980-0000-0315-1C5C
oscar cool	6982-0000-0348-2FD7
orange616	69B8-0000-033B-926A
Olli	69BE-0000-0361-F2AE
oliver 808	69FA-0000-0324-9615
Oli	6A05-0000-0349-0B82
Oli	6A26-0000-0305-042F
