2017-12-18 15:35:29.015	F68A-0000-0337-AF4F	The_Brucican	15482
2018-03-02 10:09:32.392	9669-0000-0330-554C	inoino2226	9265
2017-12-18 15:47:40.665	0D1D-0000-0355-DA7A	hbeeboy	6692
2018-02-23 15:02:20.557	18E3-0000-032A-27AB	Khazey	40383
2018-02-23 15:05:16.414	2C55-0000-0300-854A	okayan3378	1533
2018-02-23 14:54:58.482	9CB1-0000-0353-55BE	Lollipop_Dude	105901
2018-02-23 14:41:45.41	F0E4-0000-0349-F6FA	Karatiff-6	12880
2018-02-23 14:55:16.325	FD33-0000-0346-CC5A	hunteraxan	2259
2017-12-18 15:49:47.057	0D90-0000-0333-9427	Mariomasters420	25679
2017-12-18 15:56:53.096	56A7-0000-0306-A62A	beasleyfam	4946
2018-03-02 10:22:00.525	070F-0000-030C-C604	daiko2344	24634
2018-02-23 14:51:54.047	169F-0000-034C-E0E4	Madnetz	20380
2018-02-23 15:04:56.78	CF02-0000-030E-873B	heris2210	54415
2018-03-02 10:19:40.415	4B3C-0000-0334-0380	JollyRogerMan	6221
2018-02-23 14:47:50.094	6B50-0000-033D-4140	19780202	24393
2018-03-02 10:20:46.284	2E1A-0000-0355-06D7	kotaro518	63331
2018-03-02 10:18:25.544	066F-0000-0306-8C9A	Alexdeeer	26073
2018-03-02 10:14:04.298	4A21-0000-0324-C2AF	raiki914	19026
2018-03-02 10:29:15.345	25EF-0000-035B-6523	kitkatdiamond	14583
2018-02-23 14:54:09.465	D662-0000-032F-4956	Maximuslebest	37085
2017-12-18 15:45:55.344	53E5-0000-0339-29C3	yuking321	34744
2017-12-18 15:50:50.369	FA4F-0000-02FF-9350	SOLDOUT2000	116418
2018-02-23 15:20:27.914	AC16-0000-0355-6A84	jce272	21851
2018-02-23 14:52:48.083	9C32-0000-0358-276E	ranandpero	91397
2017-12-18 15:56:29.761	E41C-0000-0304-FF52	LordVaner	83434
2018-03-02 09:59:43.721	D7E6-0000-036A-0EB9	Jellybaby9000	97600
2017-12-18 16:24:31.7	1718-0000-033F-380F	seikatsu_shi	45262
2018-03-02 09:59:26.744	470C-0000-034E-F79A	Spirit_DR	6356
2018-03-02 10:05:42.538	E2CF-0000-032A-FBB3	bajabah	10470
2018-02-23 14:55:19.634	894B-0000-0339-9BA9	titoyjocier	51449
2018-03-02 10:16:10.866	DB23-0000-032D-0B0C	thesandwich_fast	234149
2017-12-18 15:38:31.447	69A3-0000-0343-87C3	websterr1	19413
2018-02-23 14:55:14.134	931E-0000-035B-E054	hirama1127	22364
2018-02-23 15:04:26.212	195B-0000-034A-4DD7	xyz11xyz	9845
2018-02-23 14:57:23.849	5A45-0000-0337-220C	LUIS_OJ	21167
2017-12-18 16:07:50.238	CF30-0000-0340-28C0	wiismurf	24943
2017-12-18 15:59:06.5	4053-0000-031D-9E3F	deepizzapeperoni	76617
2018-03-02 11:06:38.218	446B-0000-0335-FC69	507039	24497
2018-03-02 10:26:36.443	C9D4-0000-035A-0F31	evanmallen	44345
2018-03-02 10:02:19.18	E214-0000-0324-C285	777Blue	121983
2017-11-16 15:48:47.709	9F43-0000-034E-7163	Khazey	39285
2018-03-02 10:18:37.527	0677-0000-032E-AD88	Surtain	96863
2018-02-23 14:50:34.207	CC01-0000-0344-A184	zenbuhantai	15990
2018-02-23 14:44:03.077	F14F-0000-0305-2F0D	yayannouche	22860
2017-12-18 16:24:41.606	A46E-0000-0330-A083	okiatokiatokiat	23912
2018-03-02 10:04:47.317	EBE6-0000-0302-7D70	grandbb	28702
2018-02-23 15:12:39.072	AA64-0000-032E-B555	Xerics	19491
2018-02-23 15:07:48.204	95B2-0000-0343-4B5F	brynjar564	16483
2018-02-23 14:57:09.482	2A9A-0000-034F-6B61	Lel_Nela	24134
2017-11-16 15:43:21.524	9112-0000-0302-AA26	ricarleitecanada	94367
2018-02-23 14:58:59.898	FE0E-0000-0313-F6F0	DaddyK95	55291
2018-02-23 14:43:27.174	745B-0000-030A-3C73	krawallAffe	28509
2017-12-18 15:34:42.649	F653-0000-035D-91BF	riverab72	86047
2018-03-02 09:53:15.491	E9AF-0000-0325-ED2A	ryuryu405	16387
2018-03-02 09:51:25.481	D65F-0000-0318-FC9F	Kolbe31	24850
2017-12-18 15:17:59.714	1E75-0000-0301-8456	DOomCrushr070	39539
2018-02-23 14:53:36.576	3375-0000-035A-E401	clecle8	24873
2018-02-23 14:41:16.112	4D5A-0000-031C-20D3	tapiti	49555
2018-03-02 10:14:49.024	C787-0000-0325-449F	halloleute-2003	35071
2018-02-23 15:12:43.548	EDDA-0000-0325-5278	AE4WiiU	12300
2017-12-18 14:59:21.668	D6B3-0000-0347-C68E	souhinakizu	40151
2018-02-23 14:57:27.591	17D6-0000-034D-116A	Khazey	19499
2017-11-16 14:59:53.612	2F9A-0000-0346-D854	kimgames01	13259
2017-12-18 14:57:47.282	31C5-0000-0338-39F5	BRIAN_LUE	20829
2018-02-23 15:20:53.849	98AD-0000-0338-180C	lambero	21397
2017-12-18 15:39:43.246	B0A3-0000-0357-EBCD	sriklose	26133
2017-12-18 15:56:08.342	FBBF-0000-0311-9472	kuroishi0705	8034
2018-03-02 09:51:38.118	B956-0000-0358-8A4C	Mianon	12027
2018-03-02 10:13:48.505	D10A-0000-0318-5E09	subwaysam2	17943
2018-03-02 09:56:35.476	E0FD-0000-0304-E5A5	Thekyledavid	45914
2018-03-02 10:03:43.955	A850-0000-035E-51A5	grafzockl	65304
2018-03-02 10:20:08.632	BF20-0000-034C-7434	Syix_Stevens	10939
2018-02-23 14:50:24.125	FC35-0000-0317-C799	777suikun777sui	24093
2018-03-02 09:59:37.759	8A5E-0000-0323-E2CF	football_w3	30915
2018-03-02 10:12:04.849	5359-0000-035B-C58B	karugkog	109271
2018-02-23 14:54:53.768	D686-0000-0301-E028	DylanShaffer	161980
2018-02-23 15:16:22.064	EEA8-0000-032D-8EDC	BallParkChasers	27200
2017-12-18 16:06:47.015	B76E-0000-031D-8241	ottey0307	28983
2018-02-23 15:16:21.854	08AF-0000-0315-8F03	AE4WiiU	21443
2017-12-18 15:21:00.672	C3EB-0000-035C-50B0	AndrewMarenkovic	51512
2017-11-16 15:34:02.035	776E-0000-0338-2016	Pedro_explorer	208800
2018-03-02 10:28:43.652	C0D7-0000-0301-E532	kykamt	24291
2018-03-02 10:06:25.267	C5F5-0000-035E-C41E	Tobitoaster2002	74021
2018-02-23 15:13:27.69	C770-0000-0338-0B95	Adrian24be	21866
2018-03-02 10:01:47.39	EB4B-0000-0358-E5AA	apoc_ze	95030
2017-12-18 15:51:25.599	9BE2-0000-030C-8F13	nekokanu	11035
2018-02-23 15:22:36.901	0A39-0000-030D-E5C8	yuu1225ichi	9752
2018-03-02 10:02:07.576	47B6-0000-0313-8FE6	PVCaptain	30915
2018-02-23 14:44:43.457	6138-0000-0322-F6E1	AE4WiiU	6439
2017-12-18 15:55:59.984	27FC-0000-0339-1BA9	hayday333	60266
2018-03-02 10:18:16.786	BEBA-0000-034B-C366	Aziz07	26061
2018-03-02 10:34:03.646	57C9-0000-0369-DC9B	Jared_SWAGgoner	227481
2018-03-02 10:19:02.736	BEE6-0000-034F-175E	r-j-t-h-a	5509
2018-02-23 15:21:57.832	561F-0000-032A-8C2D	AE4WiiU	7466
2018-03-02 10:00:05.9	778D-0000-0310-EEF8	tokino714	5373
2018-03-02 10:24:42.249	113C-0000-0324-7978	jarntzjr79	18918
2018-02-23 15:14:50.722	A0F1-0000-0358-9433	itzan878	9986
2018-03-02 10:07:18.293	042D-0000-0341-42F6	HARUTO-ONIKUCYAN	39859
2017-12-18 15:37:19.04	0A9D-0000-0359-3ED7	Loulou16260	22234
2018-03-02 10:08:54.066	662F-0000-0342-C4E8	pvzgwxbox360	79166
2018-03-02 10:33:31.463	9B09-0000-0358-43C1	Tony_Doc	106815
2017-12-18 14:48:32.183	75FD-0000-031C-6175	hira-1979	2133
2017-12-18 15:35:15.923	97CE-0000-032E-187A	shidai880106	120589
2017-12-18 15:11:27.697	4BE8-0000-0309-C155	MineBreaker150	13974
2018-02-23 15:12:26.382	70C1-0000-0307-6454	sylpied	20850
2018-02-23 14:42:50.762	4DAC-0000-0351-CFBE	685213de	118973
2017-12-18 15:03:09.683	32CE-0000-02FF-8BB9	Obelix-Wario	15134
2018-03-02 10:42:26.545	67A2-0000-0300-F4EC	stsh2242	86765
2017-12-18 15:46:44.848	9A99-0000-033F-0BE2	gamer165	12297
2018-03-07 07:42:32.084	CABB-0000-0327-3699	syunntarou123	8107
2018-02-23 15:22:44.441	9905-0000-0368-2C63	MrOMFGBoss	25449
2018-02-23 15:06:03.218	FFBA-0000-0360-6789	jeremy0908	15835
2018-03-02 09:54:48.952	0196-0000-0350-EC13	eddy9999	183660
2017-12-18 14:54:57.116	76AE-0000-0352-ABED	Jotaguioncol	329926
2017-12-18 15:16:06.867	DA5D-0000-0350-7C6D	tikkle69	22944
2018-02-23 14:46:33.811	3B9E-0000-0302-AADA	mtl2302	47683
2018-02-23 14:55:23.775	9CC9-0000-0320-076A	ritter2006	7285
2018-03-02 10:18:59.166	7199-0000-034D-5022	McNutty24	13627
2018-02-23 15:09:30.661	8C7C-0000-035D-E22A	pricyen	12413
2018-02-23 14:59:09.99	9DA8-0000-0357-3440	tarttine	22869
2018-02-23 14:54:28.052	33A2-0000-0333-650E	Goku223	11737
2018-03-02 10:16:37.285	97C9-0000-0352-093A	fenninger	32335
2018-03-02 09:51:06.502	590E-0000-0343-2D3B	16100630	7145
2018-03-02 10:11:24.818	2C2E-0000-0364-7781	wadsy320	371993
2018-03-02 10:08:25.501	8C47-0000-0343-C017	wichajonha	34735
2018-02-23 14:57:10.35	9390-0000-0341-4591	zzxxccvvbbnn1234	27734
2018-02-23 15:18:07.569	7BC4-0000-032E-0F91	sora20071017	70623
2017-12-18 16:05:28.151	6FEC-0000-0335-2420	greenbaypackers	55100
2018-02-23 15:01:16.685	18A7-0000-030D-D3F9	deadlyfox	30612
2017-12-18 14:49:27.502	4818-0000-0306-C2E3	SirClare2000	23305
2018-03-02 09:53:35.479	0160-0000-0347-432B	JAMES_BURNS_FTW	1319
2018-02-23 14:38:55.033	270C-0000-032B-9639	Aileen84	123465
2018-03-02 10:21:50.237	37FD-0000-030B-5354	tomotaka-n	40209
2018-03-02 10:15:12.958	22ED-0000-02FF-5CC0	eddi01	17713
2018-03-02 10:23:09.949	4200-0000-0344-6E97	revolv23	7352
2018-02-23 15:14:54.401	7B0C-0000-0304-0B96	batabatan	21699
2018-03-02 10:29:02.636	F0A8-0000-0320-7CCD	drdrips	72274
2017-12-18 15:52:10.788	0E35-0000-0306-875A	doragon-twins	6713
2018-02-23 14:39:45.09	C9AD-0000-02FF-5B74	Tylano64	14183
2018-02-23 15:12:05.596	5D92-0000-031B-BD48	Spot2009	82945
2017-12-18 15:08:45.703	C13E-0000-0343-BFFA	crazypieparty88	21764
2018-03-02 09:48:41.669	13D9-0000-0311-AE1E	luigi_armando	10085
2018-03-02 10:19:33.8	4B37-0000-033E-9D33	Uncle_Jaime	36450
2018-02-23 15:03:35.242	0F42-0000-0314-876F	KazeLink	85750
2018-01-02 07:15:10.398	01E2-0000-0358-0345	toxicoinmortal	82200
2018-03-02 10:05:49.121	172C-0000-032B-F8DC	egma62	63565
2018-03-02 09:49:07.069	31A1-0000-0307-5134	takahaRT	16788
2018-03-02 10:34:41.348	CB5C-0000-0303-5987	shuto0102	7494
2018-02-23 14:41:20.603	1DF5-0000-0330-85A2	TylerMorris2510	7156
2018-03-02 09:58:00.051	295A-0000-030E-C825	NoahGar	28335
2017-12-18 15:07:58.658	33E0-0000-033C-A10C	Elmo2110	24906
2018-02-23 15:19:29.684	6893-0000-034D-4498	YesNoGo	29915
2017-12-18 15:34:58.486	DED3-0000-031E-DC02	HAYATO-MAX0120	46134
2018-03-02 10:05:18.365	788F-0000-033C-9C7D	revolv23	1331
2018-03-02 10:23:26.17	AC33-0000-0351-4F54	LMFMKJ	35781
2018-02-23 15:03:12.171	D875-0000-035E-B3CA	fujimoch_u	7421
2017-12-18 16:15:14.545	1450-0000-0346-303C	chicharron1	18974
2018-02-23 15:18:32.767	B586-0000-034C-19B9	midknightwing	60830
2018-03-02 09:55:03.359	B9ED-0000-0305-563F	Clamjammer89	51450
2018-02-23 15:10:04.58	53A6-0000-0327-A9B2	miamshea	17302
2018-02-23 15:18:39.629	ABBC-0000-0355-60C4	clempep21	26682
2017-12-18 15:17:48.925	363E-0000-0350-F163	airbornejamie	30750
2018-02-23 15:07:57.774	79B9-0000-033E-3B78	dream0727	45687
2017-12-18 15:31:37.759	9706-0000-0322-51DE	AE4WiiU	15350
2017-12-18 16:06:42.492	9FB1-0000-033D-F161	ElementVelocity	19148
2018-03-02 10:32:05.307	C180-0000-0314-F7D6	yomogi5c	104104
2018-03-02 10:02:23.684	C522-0000-0323-6D05	Mollentjes	13617
2017-12-18 14:48:19.974	182A-0000-0323-D5C0	Byrddtrader	62395
2017-12-18 16:15:49.466	2D05-0000-033E-1B7D	masa7fc	16041
2017-12-18 15:01:00.041	49BF-0000-0341-64A9	Famiree_050	40574
2018-03-02 10:17:41.132	C81F-0000-0328-F9C5	JustinDianaRalf	21166
2017-12-18 15:02:58.642	EEB3-0000-0345-C2AB	peopleofthefarm	26981
2018-03-02 09:56:50.907	3314-0000-0306-7DCC	Anonnomous_SOAP	7500
2018-03-02 10:30:31.685	73CF-0000-0357-B884	Cheesin-yo	7373
2018-02-23 15:03:27.559	8B29-0000-0340-E619	supergiany	3514
2018-03-02 09:52:39.205	7F54-0000-0302-8048	alexfigueroa22	31012
2018-03-02 10:19:45.114	4B3F-0000-0358-7C8D	adrian_varzic	18467
2018-02-23 15:07:29.492	1A04-0000-031B-1D10	alan-gerardo7	44995
2017-11-16 15:51:16.797	A57E-0000-0356-BCC7	Firzen592798	180936
2018-03-02 10:12:08.725	535A-0000-0328-A780	t.kuma0722	24110
2018-03-02 10:27:27.468	F9AE-0000-0305-598F	Fabikraft	18964
2018-02-23 14:43:04.576	FAC6-0000-0313-E9E1	okayan3378	4495
2018-02-23 14:59:40.45	648A-0000-0387-56F5	Tylano64	9882
2018-02-23 15:16:11.807	67E2-0000-0341-916D	Theaulepotto	33535
2017-12-18 15:41:10.148	246A-0000-0331-CA2C	Qjin0808	54026
2018-03-02 10:35:46.686	0996-0000-034F-6381	NoiSuebpen	16568
2018-03-02 10:09:09.407	2196-0000-0315-CD71	DanStars	15427
2018-03-02 10:31:54.118	08DF-0000-035C-16F8	Amoros2006	39328
2017-12-18 15:06:59.296	C0BB-0000-031E-9D8A	ozieaustin	11362
2017-12-18 15:04:25.015	4A69-0000-034B-B535	y.tororu	51866
2018-02-23 15:06:58.501	C628-0000-0343-5176	Double0zerOthaDJ	37416
2017-11-16 15:21:05.32	6C0C-0000-0333-0A28	nicholas_s-2015	5981
2017-11-16 15:58:40.861	B9DB-0000-0307-AAF6	Limoeiro	107750
2018-03-02 10:25:28.061	1B0F-0000-0352-69C9	Stevenzocker	48154
2018-02-23 15:19:03.714	2F56-0000-0315-4A2C	theicecold	1868
2018-02-23 15:14:30.097	4177-0000-0305-73F7	camille_masson31	40920
2018-02-23 15:06:22.823	9F2C-0000-0303-91C1	SparkWulfe	49933
2017-12-18 16:01:10.265	CD6C-0000-035C-C748	Jamesbod15	47300
2018-02-23 14:39:49.845	30A7-0000-0356-EB14	AkatsukiYoshi1	72136
2017-12-18 16:00:39.554	E542-0000-030B-CF38	jjweatherly	8233
2018-03-02 10:14:24.986	E46B-0000-0309-5608	JensKauls	20168
2017-12-18 16:25:55.745	EB82-0000-0329-0261	Lilybone07	7809
2018-02-23 15:01:35.189	BB67-0000-034F-27FC	kingka11	57237
2018-03-02 10:12:02.745	2C4E-0000-032D-0B0B	haywood666	41344
2017-12-18 15:27:40.414	F4B5-0000-0322-6DFB	miamiheatrocks1	63747
2017-12-18 16:00:16.751	CD27-0000-0301-D60D	BELFIR	28550
2018-03-02 09:57:20.096	332A-0000-0300-FE33	mmmkosei	9595
2018-02-23 14:52:12.988	DF9C-0000-0301-B9FB	dellbox2	11297
2018-01-16 23:41:25.36	F587-0000-032B-1987	Searsgroup	17758
2018-02-23 14:45:14.276	F196-0000-0325-4CA7	MAKO-DAGU	22334
2018-02-23 15:12:52.791	07F4-0000-0338-D39D	mmss05252012	112755
2018-03-02 10:25:22.428	C045-0000-0301-66E1	egma62	23055
2018-02-23 15:04:15.273	D8AD-0000-0377-1314	SuperKaydan	236911
2018-02-23 15:02:58.046	228D-0000-0307-A614	airu710	65570
2018-02-23 15:12:08.406	3779-0000-0330-9324	Airphonics421	9097
2018-02-23 14:42:06.952	7D4C-0000-031B-19B9	Enimmachin202	5100
2018-03-02 10:24:59.955	D356-0000-0348-68BC	kostabrisson	36000
2018-03-02 09:46:51.689	7E3B-0000-0323-828B	sarauer	11643
2017-12-18 15:34:49.574	AF59-0000-035E-499F	connorkyle	22534
2018-02-23 14:59:02.567	5AAF-0000-0302-971B	johnnybravo611	28390
2018-02-23 15:15:28.108	E4CD-0000-0349-D54A	erWity	13678
2018-03-02 10:15:44.754	AADD-0000-0335-2F82	baldwin83	2410
2017-12-18 16:23:21.996	A430-0000-0304-3E23	BabsTheDoggy	65172
2018-02-23 14:45:05.544	44C7-0000-0303-57B1	pokebenj	9139
2017-12-18 15:04:50.541	791D-0000-0312-81AC	daidai1973	76727
2018-02-23 14:50:19.43	0C8A-0000-0316-FDD2	lien_k.r.r.a	21033
2018-02-23 15:00:58.072	0EA8-0000-032C-8C8A	Shura_Lex	19019
2017-12-18 15:57:21.961	3FE6-0000-0320-8DFA	torikawa55	15717
2017-11-16 15:07:51.266	4836-0000-0363-CD09	Atombadkey	93816
2018-03-02 10:23:20.806	E619-0000-0303-825A	KazeLink	16872
2018-03-02 10:18:13.818	F801-0000-030B-57B3	rmb823823	42594
2017-12-18 16:19:14.797	D244-0000-0350-F527	kaji-yzr	36887
2018-03-02 10:33:52.395	4DEF-0000-0329-0858	el_marto	64282
2017-12-18 14:57:32.512	A6DE-0000-0348-9A14	harunao916720	205060
2017-12-18 16:22:49.12	D33C-0000-0311-B631	mariotaku22	140217
2018-03-02 09:54:35.858	1505-0000-0343-5016	monkeymad	55206
2017-12-18 16:06:50.769	7038-0000-0358-E730	SanjiKun222	24835
2017-12-18 15:05:48.297	C06C-0000-0325-A006	McRob89	10680
2017-12-18 15:45:22.376	C9A2-0000-0346-98B1	JiReez	9164
2018-03-02 10:24:18.814	F925-0000-0330-FBB9	fidelalo	17009
2018-02-23 14:44:32.492	4E0E-0000-0301-0302	monkeymad	37930
2017-12-18 15:34:32.302	68C7-0000-030D-EA25	Chicard	73915
2017-12-18 15:40:50.672	9952-0000-0309-B84F	Menacing_Rabbit	48313
2018-03-02 09:50:22.326	75D6-0000-031A-31DC	MarcelundAnna	50770
2018-02-23 15:05:03.202	8B85-0000-034C-1B97	nicky526	31200
2017-12-18 16:03:36.959	E5EA-0000-0308-2659	andreascheepstra	44809
2017-12-18 15:15:39.981	7B9F-0000-0313-44D3	507039	23947
2017-12-18 15:46:55.232	E18D-0000-0309-5EDB	adalberto484	9989
2017-12-18 15:24:17.326	37B6-0000-0366-D914	boludoo	39981
2018-03-02 10:27:28.191	B6B3-0000-035A-7713	Katrina020592	41832
2018-03-02 10:05:36.139	F576-0000-0342-D1CE	J.IP1470	895646
2018-02-23 15:11:45.799	4A68-0000-032C-1ACC	YMRLOVE0168	10727
2017-12-18 15:23:38.627	DC0E-0000-033D-4EDB	mishunta	24202
2018-02-23 14:43:26.557	1E4F-0000-036C-03BD	okayan3378	26033
2017-12-18 14:55:38.46	48BB-0000-0320-F1E5	edmanjunior	202315
2018-02-23 15:13:17.404	E448-0000-0310-F6B6	konnitiwa00	25095
2017-12-18 15:55:19.429	6D74-0000-0306-CCA7	Netro929	237162
2018-02-23 15:13:41.542	F7AE-0000-0312-406C	rowbo83	7379
2018-02-23 15:22:06.268	72DB-0000-035D-C8A0	ajet112	9602
2018-02-23 15:03:05.958	BBB3-0000-035A-1739	kl3kg6zr	9021
2017-12-18 14:54:35.469	769E-0000-0359-96AE	mrrondoe06	15168
2017-12-18 15:54:55.669	0F05-0000-0342-D3FF	ue8619	39109
2017-12-18 15:48:24.164	5475-0000-0351-BFF9	diegoooooooo2555	34574
2018-03-02 10:20:12.259	7B31-0000-0341-D608	dellbox2	6874
2017-12-18 15:33:13.508	09B9-0000-0330-7B97	egma62	39472
2018-02-23 15:11:48.244	70A0-0000-031B-1229	JXMASTER257	71766
2018-02-23 15:09:49	A9D6-0000-034E-1BE1	DIERDI	190896
2017-12-18 15:03:45.369	EEED-0000-0300-B984	jaide042305	21759
2017-12-19 15:57:10.058	D4C4-0000-0342-0883	pinowiu	23510
2018-02-23 15:18:24.393	5EF3-0000-032F-C4F9	FenoFeno	21980
2017-12-19 16:18:40.666	5F1D-0000-035B-DFF0	ayaya18888	19772
2018-02-23 15:10:56.588	3735-0000-0310-F766	AE4WiiU	23133
2018-02-23 15:05:23.556	8B94-0000-031B-005B	56GD35	35419
2018-03-02 10:35:15.261	D54F-0000-0321-3DC1	MrMyby	27731
2018-02-23 14:58:23.942	FDDB-0000-035F-37E3	507039	21421
2017-12-18 15:01:39.031	49E8-0000-0301-580D	Cocomb	23339
2018-03-02 09:47:22.559	2750-0000-030D-C664	lucymight	9077
2018-02-23 14:49:54.325	623C-0000-034F-D62F	kaito-mio-mizuki	30466
2017-12-18 14:57:22.282	ED76-0000-030E-D28D	kragor1986	171516
2017-12-18 16:02:42.97	FD5E-0000-0361-DB18	newtinator	22853
2018-03-02 10:21:48.472	10AA-0000-0336-732D	Miguel-AngelMigy	9818
2018-02-23 14:40:00.154	3A25-0000-032D-0C2C	mysteryrobin	36150
2018-02-23 15:20:58.786	5F82-0000-0355-A933	Miako.p	21350
2017-12-18 16:05:38.785	2A78-0000-0331-41FF	AE4WiiU	22078
2018-03-02 10:03:25.533	8173-0000-0306-B576	Trevbo84	62848
2017-12-18 15:35:35.289	68F0-0000-0312-5BD8	RT25_tattsuo	24861
2017-12-18 16:16:28.165	D18D-0000-035B-A41E	MR.RAZZ	28537
2017-12-18 14:59:49.017	8FE5-0000-0320-15A4	jajapipi123	10287
2018-03-02 09:52:33.204	A65B-0000-0323-41B7	777Blue	172041
2017-12-18 16:14:25.311	D102-0000-033C-A975	Famdlrsc	377933
2018-02-20 16:59:41.502	D948-0000-032E-25C8	FChocino	48450
2017-12-18 15:37:34.111	F704-0000-0336-E379	LzFuzion	10497
2017-12-18 15:01:05.371	9024-0000-0348-D215	Xerrot	323013
2017-12-18 16:05:17.199	87DC-0000-0304-84A0	3954555759758475	57029
2018-03-02 10:09:56.484	C692-0000-034E-A81D	Iwase1014	41557
2017-12-18 15:19:41.004	DB2A-0000-034F-AD32	EuKeis	32158
2017-12-18 15:48:13.557	0D3C-0000-0328-E3C0	tadao.kozakai	33554
2018-03-02 09:59:31.712	EAE6-0000-032F-FB72	Kosuke0323	49105
2017-12-18 15:13:24.399	F12D-0000-030B-56B5	718takeshi	10896
2018-03-02 10:26:16.865	B675-0000-0332-ECD4	takekazu0213	99310
2018-02-23 14:50:34.686	DF54-0000-0357-D22F	Yukiharuhiro	119968
2018-03-02 10:15:15.372	AAC0-0000-0313-89FC	Hara829	33516
2018-03-02 10:27:40.53	DD84-0000-0355-C71E	kcordier	8627
2018-03-02 10:02:44.248	5B38-0000-0327-AAF0	eduardoscalise	32665
2018-03-02 10:10:09.366	04CF-0000-031E-D914	iChris00	87605
2017-12-18 15:16:52.17	05CB-0000-0357-F154	HaloCrazy32	46333
2018-03-02 10:21:03.079	7201-0000-0320-07C5	camelia15edouard	6776
2018-02-23 15:06:11.051	D91D-0000-036C-47C9	apoc_ze	22782
2017-12-19 15:53:13.293	EC32-0000-0359-F976	Insaneness	12683
2018-03-02 10:23:39.477	111B-0000-034E-A35F	9.FREDDY	19208
2018-02-23 14:48:20.386	1F5A-0000-0334-FDE9	DDrxman	12711
2018-03-02 09:48:50.093	3195-0000-035E-21F6	Jarmo93	9656
2017-12-18 14:48:12.379	8DA4-0000-0348-2E82	revolv23	5693
2018-03-02 10:24:10.638	24CE-0000-0351-165C	Galaktor	6831
2018-02-23 14:48:03.999	5866-0000-0333-90B1	gabsacha	14150
2017-11-16 14:54:28.471	21A3-0000-0365-88A8	clem135145	50274
2017-12-18 15:51:46.836	556D-0000-035B-357B	kalas1709	42324
2018-03-02 10:20:12.147	71D5-0000-032B-0342	mfj0823	106588
2018-02-23 15:13:03.031	70F4-0000-0328-D029	SSqaud	19355
2018-02-23 15:21:17.196	7C56-0000-031B-9BBF	kouji27	20654
2017-12-18 15:20:02.361	6564-0000-0338-4A2F	kirby10000000000	93730
2018-02-23 15:22:58.437	DCBC-0000-0341-FBF8	MASONHENDERSON	10105
2018-02-23 15:08:50.333	1A45-0000-0306-9CF4	jetto0801	71973
2017-12-18 16:24:24.406	8C7F-0000-0346-84E3	yohanaussenac	21879
2018-02-23 15:18:56.212	D1EC-0000-0335-A053	AndresEJ	26394
2018-03-02 10:10:46.845	B365-0000-0317-30FE	pinarde87	5868
2017-12-18 16:17:33.131	8AC4-0000-0315-B84D	shadow2.8.1	17050
2018-03-02 10:14:56.205	B447-0000-0353-B2BD	gdlhome	9975
2017-12-18 14:55:45.063	3167-0000-030F-4384	koshin21	221963
2017-12-18 16:27:30.146	5E99-0000-0354-6DBC	domatheis	14764
2017-12-18 15:24:35.436	ACE2-0000-034F-BD66	sikafant3	8170
2018-03-02 10:32:01.899	4DA0-0000-0340-DFB4	PvmBen	38344
2018-01-31 15:11:32.967	F328-0000-034F-82E6	zabacl	85355
2018-03-02 10:22:43.195	3823-0000-0333-79CF	0.Drakel.0	30543
2018-02-23 15:14:54.802	2529-0000-0357-36CD	timourjb	8719
2018-03-02 10:06:44.382	5268-0000-0309-B6B1	Leafybagel	7731
2017-12-18 14:50:39.829	ECC7-0000-0312-6B04	FuturesPassed	6635
2017-12-18 15:22:08.27	1F47-0000-030D-3C44	keepthebeat929	73855
2018-02-23 14:55:52.965	B06D-0000-0313-1BEE	MatteoMax32	12145
2017-11-16 16:09:13.737	D764-0000-0339-FCE9	Mountaindew6900	107666
2018-02-23 15:01:55.625	6E4D-0000-0326-3C04	superwiiubros	7080
2018-02-23 15:17:39.691	5EC2-0000-033D-EF48	googley_83	43793
2018-03-02 10:06:39.926	E2F6-0000-0354-FAAE	lolmanxd1	15593
2017-12-18 15:22:52.004	DBD8-0000-0338-E451	01Jonah	33923
2018-03-01 09:48:50.121	E379-0000-0343-3DB7	mamednagi	9233
2017-12-19 16:03:37.876	2B32-0000-0330-2C1C	joloswag64	153750
2018-03-02 11:21:47.386	9158-0000-034E-F536	shinbu-10	22505
2018-02-23 14:38:58.22	1D7D-0000-032A-0EC1	xXgamewarri0rXx	8338
2018-03-02 09:59:14.069	6E15-0000-0321-AE58	Merl005	34555
2018-02-23 14:54:57.771	76D4-0000-0351-47A8	Nebaxtis	8551
2018-03-02 10:01:50.68	77D1-0000-0356-D1A6	methokev	9219
2018-03-02 09:51:39.591	88B9-0000-0306-8CF1	gavin97477	22925
2018-03-02 09:52:16.146	6CAD-0000-0346-D4DE	reimuu6	50884
2018-01-04 01:16:07.978	BE5D-0000-0378-5FE5	MasterJames95	120633
2018-03-02 10:01:41.329	031B-0000-033E-9119	philouppe	9490
2018-03-02 10:01:07.301	948F-0000-0302-9D73	carlitos1117	80709
2017-12-18 16:04:24.923	589C-0000-0327-7286	hruna-2015	6726
2018-02-23 14:58:24.715	6D79-0000-0324-8202	yoannedet	70275
2018-03-02 10:22:49.277	AC0B-0000-032C-0E5C	alexbkid	55145
2018-03-02 10:00:28.828	0C3F-0000-0362-E514	fuminann3	49960
2018-03-02 10:00:01.432	A7A3-0000-0365-A3F0	garryh69	28677
2017-12-18 15:15:45.556	7BA0-0000-0350-88BF	Thabeast721	85823
2018-02-23 14:40:09.423	A340-0000-0358-7C3C	TACHI0211	19012
2018-02-23 14:47:06.752	61AF-0000-0358-7327	appleyard53	32483
2018-03-02 10:14:52.046	70CA-0000-0313-22E7	andreapata	15428
2018-02-23 14:54:02.6	A654-0000-0352-7EBD	alvaresk14	31387
2018-03-02 10:28:12.356	CA16-0000-0320-4F5E	capstacheu	21919
2018-03-02 09:53:07.474	45EC-0000-0305-082D	kostja28	17985
2018-02-23 14:57:23.666	F3F9-0000-0352-EA8F	pizzariala	104603
2018-03-02 09:58:05.82	5A5A-0000-0317-1B74	lothor571	90357
2017-12-18 15:19:11.471	1EAD-0000-0305-7745	Exit39	56663
2018-02-23 16:04:53.118	B67A-0000-035B-4D70	marchi16	16799
2017-12-18 15:32:17.974	9735-0000-0357-7054	mbdad5	59939
2018-02-23 15:01:19.102	F4D8-0000-034E-2385	smile8181	10240
2017-12-18 16:10:42.871	5A56-0000-0329-4AA4	Castrator86	9075
2018-02-23 15:20:14.268	EF88-0000-0322-523E	0826lucas	19720
2018-02-23 15:14:18.277	1B72-0000-034C-7DA2	dtf1975	8850
2018-02-23 15:13:18.865	7AB7-0000-033B-1E88	lesromeobruce	37467
2017-12-18 15:03:20.694	EECD-0000-035A-FFE6	Simagoshi	1227
2017-12-18 15:54:49.617	0EFA-0000-0339-BA54	Marcelo_0777	7605
2018-03-02 09:51:50.743	A63C-0000-0347-A502	TommieL2007	27445
2017-12-18 15:03:59.102	1B04-0000-0334-AB96	kotiemon	30664
2018-03-02 10:28:01.226	E704-0000-035A-5E07	SnugglyBear	7700
2017-12-18 16:25:25.542	2F99-0000-031B-288F	Myrrh429	27339
2017-12-18 16:06:19.167	B748-0000-033D-4828	Mickaelhadgu	11682
2018-02-23 15:07:26.164	06A1-0000-0343-F9F6	dadycubano	33402
2017-12-18 16:03:51.502	6F7B-0000-0330-04B7	s112134	62213
2018-02-23 14:58:35.702	D753-0000-034F-F589	marioandluigu	9372
2018-02-23 14:49:10.849	F24A-0000-0354-7726	sandg90	28510
2018-02-23 14:43:47.685	7D8F-0000-0325-2D4E	shinmu-reimu	840
2018-03-02 10:31:43.943	A43E-0000-038C-6BC0	Gorfan	17489
2017-12-18 16:09:48.957	5A1C-0000-034D-E4EE	speederman2b	8192
2018-03-02 10:05:49.95	FF7C-0000-0315-0C70	TheDarkKnight141	77407
2017-12-18 14:48:08.35	3078-0000-0359-B4B2	akuukimar	103140
2017-12-18 15:06:25.507	A8DA-0000-0363-07EE	Baddybadman	4493
2018-02-23 15:10:25.486	8314-0000-034D-BDAF	chonchon4	11764
2018-02-23 14:54:18.56	92F0-0000-0319-8A17	yasujirow	166035
2018-03-02 10:34:12.81	A4C3-0000-0340-0163	FireObscurity	18881
2017-12-18 16:21:58.214	D315-0000-0345-A0EF	revolv23	17615
2018-02-23 15:07:03.668	A93F-0000-0358-7DC5	TitusThorn	1320
2018-03-02 10:01:15.898	CED2-0000-033D-FE59	SegaMegaMan	243801
2018-03-02 09:52:46.363	45DC-0000-0337-2968	KahyR0s	19850
2018-03-02 10:31:41.91	3047-0000-0323-7A72	jsjamesok	12325
2017-12-18 16:01:39.43	10E2-0000-0357-E718	Los0002	48590
2018-02-20 14:49:38.439	A5F4-0000-0341-F70B	PMLR9760	70701
2018-03-02 10:03:05.09	C544-0000-0333-DF88	haydensgame2006	256601
2018-02-23 14:57:03.755	471F-0000-033D-0050	dedrybomb	27851
2017-12-18 15:12:07.846	34E8-0000-0308-FF96	videojugo	216134
2017-12-18 16:15:21	B993-0000-032B-C93C	R3nk0Mak3r	48100
2017-12-18 15:05:47.701	EF68-0000-035C-DDDB	FabrMorpher	37738
2018-03-02 09:53:02.522	92C3-0000-0354-FEA3	happy6688	356595
2017-12-18 15:48:16.721	CA4E-0000-0351-EF35	ak_kz1014	25470
2017-12-18 16:24:17.295	D399-0000-030C-243E	GoGoT0510	120001
2017-12-18 16:09:26.224	2B6C-0000-0324-92AF	Persidian	7397
2017-12-18 16:20:19.271	73B5-0000-034D-5465	shinbu-10	33961
2017-12-18 16:25:31.807	74F4-0000-033D-E4BF	kingnarkissos	20940
2018-03-02 09:53:17.442	FCF2-0000-032A-FC1E	chocomashu	32618
2018-02-23 15:10:42.247	2D80-0000-035A-DCA0	Npet2301	21179
2017-12-18 14:57:14.955	6062-0000-035C-54A4	ponta402	105850
2018-02-23 14:59:12.064	1830-0000-0329-5B8B	steinmetz.0011	7490
2017-12-18 16:12:09.052	4373-0000-030E-A983	SINNSAIYAKUNOOU	21065
2017-12-18 15:44:33.076	6AE5-0000-0335-47C5	uninvited	105183
2017-12-18 15:10:03.59	F05C-0000-0316-8667	jinmaki_0831	50201
2018-02-23 15:22:19.036	5FDA-0000-0346-E0B0	No.7-HL.H	6916
2017-12-18 15:15:50.344	6469-0000-031A-593D	Spot2009	5195
2018-03-02 10:20:26.283	BF30-0000-035B-D312	Flex-D	37216
2017-12-18 15:24:55.148	9575-0000-033E-19F4	hazuken45	8634
2017-12-18 16:09:55.918	42E5-0000-0321-9BB4	tujikawa	44936
2018-02-23 14:42:48.375	742E-0000-0349-5BF5	alexanderr13	28366
2017-12-18 15:20:21.668	DB4F-0000-0357-ECBE	ark2222	10011
2017-12-18 16:05:56.615	CEB4-0000-0323-269F	3ds978	37125
2017-11-16 15:53:01.867	AA20-0000-030F-43ED	Doyle25	16966
2017-12-18 16:10:16.435	B863-0000-0351-8680	tinanago1221	40209
2017-12-18 16:23:05.014	BB59-0000-031B-29BE	ChokoWell	51270
2018-02-23 15:01:24.8	480A-0000-033D-ED4D	Tylano64	24529
2017-12-18 16:27:53.816	5EBE-0000-0343-1378	Chris.p.bacon123	131916
2018-03-10 14:07:40.46	7B61-0000-036B-82FC	NinFireMario	9966
2018-03-02 10:04:36.763	FF2C-0000-0336-345E	N-Player2.0	104489
2018-02-23 15:16:54.099	386D-0000-0341-F86B	Yukiharuhiro	70685
2018-03-05 09:14:21.492	9607-0000-0346-810B	shinbu-10	16205
2018-02-23 15:00:30.057	F4A4-0000-032C-CCB0	507039	13524
2017-12-18 16:09:59.48	7105-0000-0344-C263	revolv23	6635
2018-03-02 10:17:15.373	4AC2-0000-0346-8AAF	Cormoran_HH	61319
2017-12-18 16:17:26.731	8AC0-0000-030D-C765	Kagamin0707	100020
2018-02-23 15:07:43.747	A969-0000-0354-6CBA	oosetsumo	17994
2018-03-02 09:59:45.054	5117-0000-0308-0838	90574	22963
2018-02-23 14:45:24.6	A452-0000-032C-CABC	cachorrito86	165190
2018-03-02 23:57:26.473	D15B-0000-0326-E2A3	sam856	27922
2018-02-23 15:20:16.166	68C6-0000-036A-14A0	sugarpuffs.123	46019
2018-03-02 10:01:07.001	1FCB-0000-0343-2349	futertgdhffyyhgh	60327
2018-02-23 15:11:56.618	4A74-0000-0342-67DE	Derpy_Holek	86363
2018-03-02 09:53:51.746	92F4-0000-0335-6C3B	ShonenbatS	15440
2018-02-23 15:16:43.853	AB4D-0000-0333-7000	ScottDOESKnow	70506
2017-12-18 15:37:08.947	80CA-0000-0319-B3EE	MR.ALVIN	7708
2018-03-02 10:05:49.354	81EA-0000-0337-546A	pennyhavenn66	9174
2018-03-02 10:02:41.036	A819-0000-0306-8486	GodlyTwins	55505
2018-03-02 10:16:40.381	D1A8-0000-0360-7750	nick123400	19633
2017-12-18 15:47:53.767	F961-0000-0330-0169	mihirotanaka1220	82145
2017-11-16 16:15:13.928	E749-0000-0307-C53B	kannno0913	16516
2018-02-23 15:20:47.492	F93E-0000-033F-F582	momom214	38885
2018-03-02 09:55:46.536	5058-0000-0343-BF8A	BWiZz35	555658
2018-03-02 09:55:41.306	9D25-0000-0315-AB3D	Supertob1as	146018
2018-03-02 10:21:58.747	DC85-0000-035C-5A6D	Tastychips	20923
2018-02-23 15:03:08.652	486C-0000-0320-6C11	oemb29	15660
2017-12-18 15:39:20.538	9902-0000-0308-005B	VGW1995WGV21	51911
2017-12-18 15:21:10.18	AC26-0000-0352-9357	thianyann05	25483
2017-12-18 15:36:19.028	AFB8-0000-030D-EA03	hyyjacket	37902
2017-12-18 15:59:54.479	5779-0000-0305-70B3	daddysgame888	6684
2018-02-23 14:41:12.311	8699-0000-0324-D8B5	yamakuri0727	6986
2018-03-02 09:52:00.867	B96D-0000-0338-10B5	ITIMIKAREERAISU	34029
2017-12-18 16:04:20.941	CE57-0000-031B-054D	goldy419	11829
2017-12-18 15:18:55.551	7C67-0000-033D-0382	GXT1032	6478
2018-03-02 10:01:35.836	33EC-0000-030C-74A6	14tammyl	30999
2017-11-16 15:52:38.905	A930-0000-0344-8275	dbzboygamer	72052
2017-12-18 14:56:04.644	48CA-0000-0351-F850	Xx-GOLDKIRA-xX	25383
2018-02-23 14:59:14.852	E122-0000-0346-033E	chark6	178867
2018-03-02 10:08:48.678	9639-0000-0345-0DA5	joni100	28224
2018-02-23 14:53:14.892	4643-0000-033F-7471	dellbox2	11499
2018-02-23 15:17:04.644	41F6-0000-0363-BB80	cheekyevan	35552
2018-03-02 10:33:41.441	57B6-0000-0334-97F7	max27131	252112
2018-03-02 10:16:42.125	7A84-0000-0327-BC6F	revolv23	8946
2018-03-02 10:31:20.789	D492-0000-035B-6B98	merkwuerdig222	149561
2017-12-18 15:03:36.117	32EC-0000-033F-4D45	barkybarker	46234
2018-01-31 15:29:16.561	A906-0000-0321-9A2D	larryworld	29900
2018-03-02 10:16:21.074	8401-0000-034F-72F0	masakasukoro	96989
2018-02-20 22:04:44.008	DFD0-0000-0356-FE35	butterlover70	39472
2017-12-18 15:44:35.19	E105-0000-0358-47A8	EpicGamer314	9766
2018-03-02 10:02:57.354	E22F-0000-0336-9B86	idrisson1903	6250
2018-03-02 09:47:06.301	7E4E-0000-0332-11E5	gostapalmer	121335
2017-12-18 15:29:37.827	67AC-0000-030D-FDF5	hza123	29922
2018-03-02 09:54:29.134	5015-0000-0309-2E1B	Yuki.tenpoi	7903
2018-03-02 10:00:24.524	6E4C-0000-0303-3E81	pamelaaraujo	7208
2017-12-18 16:23:20.554	EAF1-0000-0312-9899	toyoko0124	40945
2018-03-02 10:26:08.757	AC97-0000-033A-4587	sweethome77	11209
2018-02-23 15:15:46.704	41AF-0000-0300-9898	Rezbit	30435
2018-03-02 10:31:36.801	1C2D-0000-0346-EE49	fanfan21	24287
2018-03-02 10:18:30.998	3741-0000-0359-F82F	shinbu-10	18406
2018-02-23 15:12:14.268	D095-0000-0300-946C	natan11	39620
2018-02-23 15:05:18.405	5BF9-0000-0312-5190	AdrianSplatooner	1302
2018-02-23 15:19:52.908	A20B-0000-0330-3430	SamuelBK	40989
2018-02-23 15:08:33.7	C673-0000-0335-A151	Fraga7	66533
2018-03-02 10:01:28.103	0C78-0000-0338-B253	Gary9548	11687
2017-12-18 15:09:00.752	4B69-0000-0341-7810	lendand	22038
2018-02-23 14:42:14.776	573F-0000-0344-0E41	crevns	7463
2018-02-23 14:44:40.38	1518-0000-0316-7D5F	SavageZeroX	149709
2018-02-23 15:18:35.488	A1D0-0000-033C-2E64	uenoyusaku	8928
2018-02-23 15:22:00.332	5FBC-0000-0335-FD53	Litschie66	41410
2018-03-02 10:16:05.349	2D2C-0000-0308-1DB2	Phoenix-Schmutz	40744
2017-12-18 15:45:14.72	B216-0000-0310-991B	CHIEFDENZL	11916
2017-12-18 16:25:00.013	A48A-0000-032C-2417	danITFC	14692
2018-03-02 10:27:30.401	11D6-0000-030C-C4C8	t110710	7016
2017-12-18 16:19:33.168	15CA-0000-0350-020A	yuusuke1296	69907
2018-02-23 15:09:52.848	7031-0000-032C-8E3C	zant999	43236
2018-03-02 09:57:45.697	BA80-0000-0342-A59A	thtswutshesaid	8276
2017-12-18 15:00:56.64	01D5-0000-0359-5DB4	ginoelbovino	24093
2018-03-02 10:06:44.216	821A-0000-0345-6EE0	Lukas31a	18012
2018-02-23 15:10:37.25	1AB0-0000-0351-BEFE	track5k	8338
2018-02-23 14:43:14.755	F125-0000-0328-3C31	rzsop73	98625
2018-03-02 10:18:21.682	3733-0000-0345-6B68	ahilnikh0307	51312
2018-02-23 14:57:27.714	2AAF-0000-0360-2644	syunsyun2007	37031
2018-03-02 10:14:03.825	AA83-0000-034F-248F	tatoroy2	14308
2018-01-02 08:07:27.772	FD0C-0000-0312-7347	yugoyukiko	53335
2018-03-02 10:07:50.457	48EF-0000-0350-BF70	chihiro9797	97875
2017-12-18 15:28:37.429	C5CE-0000-033F-04C7	saikyosan513	45111
2018-02-23 14:48:57.605	4EFE-0000-0352-6751	Cheesin-yo	51139
2018-03-02 10:17:48.697	B4E4-0000-0361-BD30	saint.reserve	136220
2018-03-02 10:32:33.421	F140-0000-032D-8D16	puregold111111	71779
2018-03-02 10:03:45.406	652B-0000-0317-C7CF	coolercoal	7116
2018-02-23 15:09:30.475	9618-0000-033A-2F51	yumeuma	24356
2018-03-02 10:24:07.59	D32B-0000-030B-517A	Routemasterrecor	2406
2018-04-10 11:03:11.213	B5D7-0000-0396-CE79	pikajp33	13199
2017-12-18 15:51:04.206	6C56-0000-0319-0BC5	KAIRA22	2670
2018-03-02 10:30:06.612	B730-0000-0342-BEE9	codyrog	50556
2017-12-18 14:58:06.033	BE9C-0000-030E-E5FA	Mariomasters420	6665
2017-12-18 15:24:30.651	07B9-0000-033F-5339	Mario1UPkoopa	59305
2018-02-23 15:02:58.129	3F1F-0000-035E-B421	fujimoch_u	6994
2018-03-02 10:02:49.423	201E-0000-0335-12D2	Ckk87zwy	3366
2017-12-18 15:34:25.636	225D-0000-030E-1429	AE4WiiU	6635
2018-03-02 10:01:35.596	64BB-0000-034B-490E	domii93	78383
2018-02-23 14:44:53.445	57C0-0000-0304-E9EB	Dbrown55_wiiu	61717
2017-12-18 15:25:44.799	2017-0000-0333-1388	JUMINNIE	62607
2018-03-02 10:25:08.399	8F9A-0000-032E-33B3	flog_ger2605	8182
2018-03-02 10:12:25.626	ED7A-0000-0306-C0A4	DAVIDORCHARD1985	1096
2018-02-23 15:12:44.456	8D19-0000-0300-25F9	gawasenchou2525	25700
2018-03-02 09:59:39.819	E190-0000-0341-0E67	N-Mario1984	113730
2018-02-23 15:13:01.612	70EB-0000-0356-202B	AMDpoooower	47859
2018-02-23 14:52:42.876	C2FD-0000-0317-3356	leoboltliam13	94366
2018-03-02 09:47:14.768	61E2-0000-0343-5CB6	mario5560	14393
2018-03-02 10:27:02.605	42B3-0000-0335-76EF	jsimione	14285
2018-03-02 10:13:44.952	4027-0000-0343-456E	ritzMo	404846
2017-12-18 15:14:19.44	052B-0000-0345-1E42	Sendar21	134359
2018-02-23 15:05:11.235	0FB7-0000-0317-9F68	taros1023	41895
2018-02-23 15:16:04.283	F837-0000-0312-4F2D	vuliran	26580
2017-12-18 16:03:53.927	2A18-0000-0303-754C	RafiLUKI	15960
2018-03-02 09:51:03.215	590E-0000-0308-E66C	Demoundo	109077
2017-12-18 15:59:32.542	5769-0000-0327-E26C	Timridge	122086
2018-02-23 15:15:28.928	DB3C-0000-035C-BDB8	QasimAbeeha	15570
2017-12-18 15:14:36.26	3581-0000-033D-E17C	AndyPanda117	14837
2018-02-23 15:13:59.882	8D56-0000-0326-2896	728ryusei	40685
2017-12-18 15:32:29.073	AEB8-0000-034F-A9DF	any_tools	26387
2018-02-23 15:09:56.25	BD3F-0000-030F-B2C0	Gillan31	38704
2018-02-23 14:56:47.659	FD8B-0000-0349-572D	house248	10819
2017-12-18 16:16:16.665	14B0-0000-0340-3514	Katrina020592	13156
2018-02-23 14:49:04.381	0C54-0000-031D-68DC	KOBSS2013	23464
2017-12-18 15:58:27.737	100D-0000-0337-400A	hankwheels	24319
2017-12-18 15:16:51.036	4D11-0000-0333-AA79	DMatter528	31677
2017-12-18 15:08:29.077	62E3-0000-0318-7516	gensei0330	34967
2018-03-02 09:59:21.817	510D-0000-0325-F2E5	tonysnow49yo	14155
2017-12-18 15:18:51.866	7C59-0000-0311-A70B	AKiiiii1031	132184
2017-12-18 16:20:40.311	A368-0000-032E-0A1B	Pavel001112	25302
2018-02-23 14:50:15.395	1641-0000-033D-F37E	Dinghy2	7913
2018-02-23 14:48:56.525	6B95-0000-031A-C361	dmaurisio	41333
2017-12-18 15:55:59.803	0F5B-0000-0340-3497	alanpop	25046
2018-02-23 14:47:05.807	9B07-0000-031A-EE73	porarim465	27092
2018-02-23 15:02:53.807	228A-0000-0300-1AB1	iku1911	9333
2018-03-02 10:00:12.809	6491-0000-0314-7545	stb81fdy6vdf5sv7	121626
2018-02-23 14:47:37.752	FBAB-0000-0311-5A69	BlueticciToby	1304
2018-03-02 09:59:24.011	6473-0000-0302-B302	deen110	17400
2018-02-23 14:41:32.577	AD3F-0000-0362-5D54	gfcvhrf7	28026
2018-02-23 14:53:04.388	F314-0000-033A-8D0E	philouppe	87175
2018-03-02 10:16:09.136	F791-0000-0320-5D9D	sasameke08	311446
2018-03-02 10:25:20.996	DD2F-0000-0300-8559	Aurio02	12335
2018-02-23 14:43:12.303	315F-0000-0323-E251	jn2007	7627
2017-12-18 14:57:44.368	4921-0000-0319-C98C	imsoooooogood	43353
2017-12-18 15:22:54.922	F36A-0000-0301-7633	Tocino70	27256
2017-12-18 15:48:48.859	E21D-0000-0347-0E20	leafssuck	6640
2018-03-02 09:54:42.197	E09F-0000-0322-1D72	Nico070971	28778
2018-03-02 09:59:00.31	46F6-0000-032D-84A2	UrsonJr	6143
2017-12-18 15:41:41.632	2486-0000-0359-974D	ndbt3000	12095
2018-02-23 14:57:40.981	7782-0000-0340-7CED	Leopolo02	60249
2018-03-02 10:06:17.528	CFA9-0000-0361-079F	Aubob83	87542
2017-12-18 15:58:02.482	FC54-0000-035D-8D10	misaari08	91318
2018-01-02 08:05:20.809	5911-0000-0349-0CA5	MrGoldMario	32372
2018-02-23 15:15:03.38	3807-0000-0362-104E	rzsop73	13636
2017-12-18 15:39:57.378	F7A2-0000-035D-C03D	shema1302	21225
2017-12-18 16:06:36.695	FE56-0000-0315-0A7B	dylanesg83	23133
2018-02-23 14:48:49.552	AEF6-0000-031E-906A	NiiTakase1117	26937
2018-03-02 10:13:09.073	2285-0000-0360-67FA	RYO.hiyori	20189
2018-02-23 14:53:18.295	29DB-0000-0348-F6DC	steelersfan777	6635
2018-02-23 14:44:26.464	3195-0000-035A-96B4	mathis2605	21910
2017-12-18 16:22:19.087	5D48-0000-0327-6EAD	Zekhar	24094
2018-02-23 14:44:56.574	0B81-0000-032E-B276	m2e718J_t2gm	83690
2017-12-18 15:42:13.16	3C15-0000-0302-A001	origotou77	25056
2018-02-23 14:58:05.038	805D-0000-032E-7FC6	baby_rat1103	36847
2018-02-23 15:17:49.278	2F0D-0000-035D-5F6C	Minecrafter2k2	7597
2017-12-18 16:16:33.006	72AE-0000-0349-9041	Zwizzforce	38041
2017-12-18 14:54:18.952	ECDD-0000-0325-B4DB	kaml171	6664
2018-03-02 09:57:31.05	6DAE-0000-0301-F6F0	eren14jd	126215
2018-03-02 09:49:41.478	624F-0000-0319-9D79	vonSickenstein	18241
2018-02-23 14:49:39.468	290B-0000-0359-EBDB	Basilika	9045
2018-02-23 15:19:35.57	6896-0000-0341-8CD1	Nickredblue	8669
2017-12-18 16:18:41.705	5C53-0000-0340-10FB	gio0822	23286
2018-02-23 14:55:24.417	5055-0000-033F-9A76	yamatake1338	26653
2018-03-02 09:59:54.902	E19C-0000-0301-61EF	tomashynes2006	9859
2018-02-23 14:44:48.724	0164-0000-0380-E7FA	l.oufnhu32	3349
2018-02-23 14:52:59.976	207B-0000-0350-7D2E	Snurfsnarf	7649
2018-03-02 10:10:57.066	532A-0000-032E-8EE8	MARIODAISUKI66	19137
2018-03-02 09:47:40.211	8800-0000-0325-537E	h08004	36259
2017-12-18 15:45:47.046	2563-0000-035C-DEE4	maria281281	14530
2017-12-18 16:16:45.955	14CF-0000-031A-683B	Rufio8	115583
2018-03-02 09:47:52.891	F210-0000-033F-34EE	cujomadness	45983
2018-03-02 10:11:55.558	66D8-0000-035E-C6F2	Dinghy2	23275
2018-03-02 09:54:23.816	7FAB-0000-0342-001D	Trodop	136316
2018-02-23 14:53:24.732	0D34-0000-033D-5E06	Kentaorusu	22919
2018-03-02 09:59:23.215	8A55-0000-0325-FE58	kiboucocoro	9787
2018-02-23 14:55:27.647	932A-0000-0364-8953	KronicSauce	90116
2018-02-23 14:46:07.592	C194-0000-0358-22D5	pfantasticul	8755
2017-12-19 15:48:32.244	B9DC-0000-034E-CF08	adude04	9360
2017-12-18 16:03:19.855	6F55-0000-034E-3FFC	devil1028	4617
2018-02-23 15:21:54.165	2680-0000-0313-9627	nimportequi	122042
2018-02-01 14:23:41.779	2B0E-0000-0345-3038	507039	9785
2018-03-02 09:57:30.264	A720-0000-0308-4A56	nekokanu	2902
2017-12-18 16:19:15.597	E9F2-0000-0365-B380	rodriguez2615	45294
2018-02-23 15:16:39.773	EEB7-0000-030A-7E63	hocine1234	21773
2018-03-02 10:13:59.345	BDCB-0000-0351-F65A	so1641ki	43809
2018-02-23 15:08:35.713	CFE0-0000-0313-238A	pomide	117775
2018-02-23 14:59:59.751	1864-0000-034D-0484	donkeyhorse317	6781
2017-12-18 15:53:36.999	55D7-0000-0316-9DE9	ILikeChikens	23762
2017-12-18 15:11:13.238	A9EC-0000-0321-526E	AE4WiiU	27569
2017-12-18 15:22:39.454	4E82-0000-0368-62A5	550u22	14507
2018-02-23 14:52:18.292	C2EE-0000-02FF-90C0	Firebeast00	26255
2017-12-18 16:23:36.691	8C3B-0000-0308-21B5	dellbox2	9675
2018-02-23 14:42:47.256	B779-0000-0307-5461	takeyyyy	98585
2018-02-23 14:46:45.145	1EFC-0000-033F-974C	507039	6965
2017-12-18 15:38:05.231	B033-0000-0331-C187	dellbox2	9306
2018-01-02 08:25:35.565	D8E6-0000-032D-A299	B0neB0y	30783
2018-02-23 15:17:44.13	259F-0000-032E-FD0F	apoc_ze	22574
2018-02-23 14:44:19.539	4DFF-0000-0335-A8DA	mister-jo	151051
2018-02-23 15:03:14.591	5B8D-0000-0307-8F53	TruGameColors	9337
2017-12-18 16:13:03.878	89CB-0000-0336-2923	tai-taiyon	7662
2017-12-18 14:54:24.672	3118-0000-0310-8751	Reflet_Aidoru	9173
2017-12-18 15:10:09.311	4BAE-0000-0359-53E5	adamk7777	125055
2017-12-18 14:56:35.4	D618-0000-0343-D1D2	Penguins236910	2635
2017-12-18 15:18:00.896	4D53-0000-0324-BC8B	laylatarabay	8060
2017-12-18 15:16:13.93	35E2-0000-0377-B638	Nialvica	58801
2018-03-02 10:21:49.849	5540-0000-0310-FC9B	sion7558	13716
2017-12-18 15:57:19.561	B53A-0000-0350-F2CA	Mlg_Playz99	1863
2018-02-23 15:13:32.63	BE04-0000-0338-39CE	chrisb2015	37433
2017-12-18 16:12:13.095	5AB0-0000-0354-A0C4	PapaJoe1974	4168
2017-12-18 16:10:44.617	FF65-0000-0341-6055	Balend	2191
2017-11-16 14:58:00.163	2B65-0000-02FF-BC1E	OH1101	19016
2017-12-18 15:55:28.714	0F37-0000-0340-F025	soutasuki	18200
2018-02-23 14:48:18.582	7E6A-0000-0344-7470	nixerkg	173110
2018-03-02 10:31:12.298	301C-0000-032F-3F23	dellbox2	29596
2018-02-23 15:12:27.677	F768-0000-030C-CDBB	JacobDRutherford	61725
2018-03-02 09:47:28.868	9B96-0000-034F-0072	Doctor_Sarcasm	11822
2018-02-23 15:04:38.383	6EF5-0000-0324-DD20	McKoooll	179250
2018-03-02 09:48:38.701	621E-0000-0363-BDC0	Monkeydelphin173	13452
2018-02-23 15:05:45.876	3620-0000-033B-9716	blitza_mario	218083
2018-02-23 14:59:16.343	3E4A-0000-0348-9E8F	justgettinit	257213
2018-03-02 10:00:27.965	7798-0000-0367-885B	Adrian24be	48248
2018-03-02 10:31:58.407	7D5E-0000-0357-B607	yutamaki0423	112612
2017-12-18 15:36:53.733	51CD-0000-0323-20C0	DubacoGavawe	8270
2018-02-23 15:04:04.617	C58D-0000-0349-63E2	WIIMoustique	7133
2017-12-18 16:03:05.741	E5CD-0000-0320-E796	smile-peace417	49200
2017-12-18 14:51:00.726	00B5-0000-0367-9920	Caz2004	17440
2018-03-02 10:19:22.971	849D-0000-030C-6A10	crown1029	37980
2018-02-23 14:55:49.133	896F-0000-0349-EB22	xochilt123	20502
2017-12-18 15:01:33.623	6151-0000-02FF-978E	landen_hyde	17242
2018-03-02 10:32:08.661	43CE-0000-0301-DAE2	kevinnug	52910
2018-02-23 15:19:42.281	5F4B-0000-034D-DF34	Seika1203	86630
2018-03-02 10:17:00.556	36FD-0000-0331-EFD3	Ver_Tin	25649
2017-12-18 16:02:50.659	FD6F-0000-0338-4D23	jakedj16	41314
2017-12-18 16:16:45.629	5BE4-0000-033F-8CA6	Brinchen90	59660
2018-03-02 09:57:59.539	15C2-0000-0349-E3C5	Master_K00pa	7154
2018-03-02 10:26:24.298	11A7-0000-0321-7C73	uozutoshihide	5633
2017-12-18 15:31:34.755	218A-0000-032E-CC9A	xsta6x	14014
2017-12-18 15:41:51.282	C8D7-0000-0350-7C86	miharamihara0305	20278
2018-02-23 15:19:43.611	689F-0000-0308-D242	joack2006	21129
2017-12-18 16:24:30.592	4689-0000-0329-09E1	elpachekin	7955
2018-03-02 10:27:20.432	1B61-0000-034F-7E5C	Kataru88	24100
2017-12-18 15:33:02.659	DE55-0000-030B-7785	JonnyFive	45433
2017-12-18 16:24:50.659	469B-0000-0360-2366	sirmakesalot	31800
2017-11-16 15:58:08.341	B81F-0000-0334-1B48	JulioMega	141081
2018-03-02 10:28:19.701	F08A-0000-0358-9A92	saki10ayuri	98290
2018-02-23 15:03:27.205	4886-0000-0359-EAD0	JE05RE07ZA24NO	53783
2017-11-16 16:25:22.796	038F-0000-034C-199F	LeoRocks39	44033
2017-12-18 16:17:04.704	44B6-0000-0355-EA77	dellbox2	18184
2018-03-02 10:17:51.356	67F8-0000-035D-7DA0	OwsleyArdor	42839
2017-12-18 15:30:40.558	7F21-0000-035E-C868	sakytz	28160
2017-12-18 15:52:57.755	8497-0000-0355-8B59	Junjun-Gold	70067
2017-12-18 16:21:45.54	5D26-0000-0334-6143	maleflat	11991
2017-12-18 16:27:38.997	8D4C-0000-0348-3023	elmejordelmejor9	110504
2017-12-18 16:06:10.627	5928-0000-030C-40F1	Kutumimano	171090
2017-12-18 15:34:56.821	DED3-0000-0304-B232	chrimsnchaos	20734
2018-03-02 10:15:29.573	36C1-0000-0330-7CC7	DarkFalcon08	3094
2017-12-18 15:42:01.755	81F2-0000-0336-EE4C	Shiba127	33473
2018-02-23 15:06:37.685	B2B5-0000-034F-0BDB	vaivalentinovai4	42345
2017-12-18 14:56:17.923	8EE1-0000-0338-C4AD	chelseamario1	31113
2017-12-18 15:57:13.024	CC54-0000-0331-7F54	revolv23	15316
2017-12-18 15:01:58.544	1A8E-0000-0312-A1D3	carfalt	93701
2018-02-23 15:05:53.325	0646-0000-033F-565E	AldoManquess	8902
2017-12-18 16:24:09.685	A45D-0000-0330-0547	GUYSHY2014	18769
2018-03-02 10:25:34.53	116D-0000-035B-DC67	Nico260104	197040
2018-01-02 07:21:19.61	7E23-0000-0340-2291	blandry420	21751
2018-02-23 14:45:21.473	DE28-0000-034D-C708	dpuetz	12666
2017-12-18 16:23:24.306	7468-0000-0322-962A	Barnio	77945
2018-03-02 10:16:31.397	A109-0000-0334-4D1B	Dennsen1986	11087
2018-02-23 15:21:12.608	8F05-0000-031D-7846	siebesdingetje	63831
2017-12-18 15:50:56.187	9BBA-0000-032F-16CF	lowkeyandbased	44476
2017-12-18 15:31:00.465	DDD6-0000-0331-7325	thehigs	25589
2018-02-21 16:21:35.393	3F1F-0000-0343-D6A2	Shalentir	40050
2018-03-02 09:55:33.677	C3CA-0000-0320-4AF0	sabou32	7644
2018-03-02 10:20:19.04	1A01-0000-0342-9C32	ko1no2u3	11219
2018-03-02 10:29:27.566	9070-0000-033E-B759	stuntman222a	60814
2017-12-18 15:21:20.603	94A5-0000-033E-F26E	MIYUKI.1	144122
2018-03-02 10:00:07.182	B12C-0000-0362-27BC	HasegawaKazuma	77324
2017-12-18 16:09:49.27	FF24-0000-033E-A372	Enzozo.lemoineau	14544
2018-03-02 10:23:38.232	384C-0000-0300-3353	chivodud	120469
2018-02-23 14:49:34.757	CBBD-0000-034A-4B58	marco7394	8585
2018-02-23 15:09:44.973	10A8-0000-0332-34D9	JoseZs	7137
2017-12-18 15:33:52.904	3A06-0000-0342-24FC	mbrown	28635
2018-02-23 15:15:33.671	41A5-0000-0357-B07E	JJDFamily	54250
2018-03-02 09:52:15.87	45C4-0000-0359-F499	andore_san	16909
2018-03-02 09:47:33.252	7535-0000-0331-F4DF	sharionh	35875
2017-11-16 16:03:39.595	C80A-0000-033E-6163	bebiere	10230
2018-03-02 09:58:10.429	E13D-0000-0353-AD2F	nekokanu	11010
2018-02-23 14:58:22.069	3E27-0000-033A-8282	Tylano64	87966
2018-02-23 14:51:40.074	2982-0000-034A-36A0	green420	33637
2018-03-02 09:47:14.953	584B-0000-0360-717A	d1o2h1y6o	45705
2017-12-18 16:03:20.122	B69E-0000-030C-2B95	Mogabi	9797
2018-03-03 12:22:17.023	7839-0000-0390-2E26	lorenabinta	37398
2018-03-02 10:17:55.077	67FC-0000-032F-8CD7	vani-bunny001	156627
2017-12-18 15:34:36.451	97AD-0000-0358-AB4F	juju-mymy	94216
2018-03-01 09:25:01.548	5F6C-0000-0334-A5E7	PadSave	3240
2018-03-02 10:18:21.065	D209-0000-035C-A911	Rachael.Knowles	139116
2018-02-23 14:40:57.813	1DDD-0000-033B-3ADE	B3atFox	6847
2017-12-18 15:54:35.766	0EEC-0000-035B-3DB4	loveradwimps0405	153407
2018-03-02 10:31:36.059	C167-0000-034D-55B2	g0nz3r	9355
2017-12-18 15:23:27.029	4EB4-0000-0363-8CEC	mattone	20612
2018-03-02 10:23:13.822	5588-0000-0316-286C	KOMEIDISATORI333	27150
2018-03-02 10:04:57.414	BBCD-0000-0304-0608	tjabbe19	14160
2018-03-02 10:11:12.535	799E-0000-0334-4F40	GameRichards	38564
2017-12-18 15:17:09.439	4D1B-0000-034E-433C	Snoopy_Jaws	8777
2018-02-23 14:56:19.986	F3CA-0000-032B-4BD3	spyder1117	14990
2018-02-23 15:05:37.352	2C69-0000-033D-F332	dillpickle6	237058
2018-02-23 14:48:00.559	1F3E-0000-0312-72D0	kiku131013	24289
2018-02-23 14:52:27.658	928E-0000-0300-28BA	JStewDude	27948
2018-02-23 15:14:32.686	678C-0000-0352-0FBA	aeblihouse	5297
2017-12-20 01:55:54.755	C531-0000-0367-F269	kingredfalcon	38489
2018-03-12 10:46:21.661	5109-0000-0353-A0B4	georgagreiter	8651
2017-12-18 14:56:52.206	197D-0000-0358-ED57	lavandula_l	20876
2017-12-18 14:59:43.701	60E9-0000-032E-5832	bottom3	16892
2017-12-18 15:11:08.887	A9E7-0000-0324-5B94	rzsop73	70590
2018-02-23 14:52:13.604	7F28-0000-0340-6B02	Norranti	20769
2017-12-18 14:58:38.029	A70C-0000-0306-4FF5	Floorioo	10702
2018-02-23 14:56:41.978	5A1D-0000-0325-8C89	kawa1910	7116
2018-03-02 10:15:23.099	7A3C-0000-0359-4C38	koyama-yutaro	30500
2018-02-23 15:23:31.675	1D46-0000-0335-2DC7	KANITUWWO	43915
2017-12-18 15:20:13.643	4DE6-0000-0350-38E4	RIKIHIRO	8160
2017-12-18 16:25:04.168	2F7C-0000-034E-42C2	Bourbywhisken	53029
2018-03-02 10:05:00.552	955B-0000-0349-6F71	carollanne0205	230113
2018-02-23 15:03:56.92	35AC-0000-033F-1CA8	poi963poi	10881
2018-03-02 10:17:01.455	D1B6-0000-0340-0587	c00lgay64	1820
2018-01-02 07:34:05.523	6936-0000-031C-F38D	lsaacFoster	10847
2018-02-23 15:01:00.562	189C-0000-0300-8F1A	Kiteboii	34623
2018-03-02 10:34:50.913	0964-0000-0308-56AA	xxl2000	34960
2018-03-02 10:10:27.251	4975-0000-0337-658F	Mr.Bogus	27970
2018-03-02 10:16:33.807	5440-0000-0335-B4DC	nandoweb	20416
2018-03-11 11:38:47.063	B1A7-0000-035C-F631	daiTVX	14417
2017-12-18 15:18:43.233	9410-0000-032F-D2DE	HARUMA0405	268835
2017-12-18 14:55:02.414	76BA-0000-031F-8262	takeshi6	62616
2018-03-02 10:07:20.351	A905-0000-0308-B915	yucyos	50323
2018-03-02 09:51:04.467	D64D-0000-02FF-B065	jessepower	10062
2017-12-18 14:55:51.985	D5E9-0000-0339-F8A2	erickgorocica	23539
2017-12-18 16:15:02.854	E8E4-0000-0358-53AB	1224DAI5	17681
2017-12-18 15:12:07.16	F0E2-0000-034B-3CDD	CoolguyDaniB	9665
2017-12-18 16:02:48.709	29BE-0000-0339-5616	bbqfrito	23862
2018-02-23 15:09:29.418	5CFD-0000-034E-B863	superdashrendar	23433
2018-03-02 09:50:10.919	31DE-0000-0324-D46B	Dinfevo	319466
2017-12-18 16:03:11.116	FD82-0000-0337-2CAB	mikugumi123	4340
2017-12-18 15:57:06.42	8599-0000-034A-6CE8	godtap	30984
2018-03-02 11:06:21.861	E13C-0000-0327-6995	A0B1SE	46400
2017-12-18 15:25:36.729	7DEB-0000-035F-F994	longhui933162	9507
2017-12-18 16:17:27.461	A275-0000-0310-8988	alfred1643	38229
2018-02-23 14:49:22.699	3275-0000-0335-623D	Rushia0527	22939
2017-12-18 15:01:17.507	49D3-0000-0341-07E0	Amazeballz123	11174
2018-02-23 15:17:25.543	7B9C-0000-0321-A719	Ninja116116	37157
2017-12-18 15:51:42.297	FA92-0000-033F-6416	oosetsumo	44218
2018-03-02 09:48:04.258	4EBA-0000-0332-5A1F	MakerAlex	12704
2018-03-02 10:06:44.174	EC42-0000-032F-ACA0	CBrackin531	5201
2018-03-02 10:24:42.306	EFE2-0000-0358-3BAD	videojugo	18652
2018-01-09 14:45:41.483	DBD4-0000-0346-AD78	NAO_nozo_y	75869
2017-12-18 15:24:02.805	ACCA-0000-030A-8547	firepirate99	7075
2018-02-23 14:57:41.175	17DE-0000-0328-D1FC	tacos0318	48970
2017-12-18 16:27:14.738	17BB-0000-035C-04FA	theluckymaster1	9076
2018-02-23 14:42:38.297	3AA5-0000-031A-41F1	0201ATNAK	10903
2018-02-23 15:04:09.276	2C0A-0000-0350-5F64	mikan0	29609
2017-12-18 15:17:23.44	64C8-0000-0302-F9F0	gensei0330	14864
2017-12-18 15:04:43.245	790F-0000-0361-92B8	yeremidude	6358
2017-12-18 15:34:04.113	7FFB-0000-032C-A379	Shadowlynk	48382
2017-11-16 16:11:10.042	DC37-0000-035E-6071	HANNDO.5	6734
2017-12-18 15:35:19.839	5176-0000-030D-25E7	yasubuu12345	26159
2017-12-18 15:22:15.129	373A-0000-0322-8D17	Norbert42	151679
2017-12-18 15:56:42.705	8577-0000-0343-138B	jooo123abcd1	110044
2017-11-16 15:46:53.026	9AAF-0000-0320-D9E0	Smashbrawl	125595
2017-12-18 15:20:50.741	9493-0000-030C-9B4F	yami256	27183
2017-12-18 15:39:53.289	B0B4-0000-032E-4230	lucart333	827008
2017-12-18 15:04:36.137	C02E-0000-0310-FE23	SuperDMGA	11479
2018-02-23 14:44:55.74	C153-0000-031C-E8DB	Turki_al_harbi55	19475
2018-03-02 10:01:45.19	B17A-0000-0301-6A98	N-Mario1984	18740
2018-02-23 14:56:30.091	C3D4-0000-0336-3F4C	ShadowLiink	5380
2018-02-23 14:48:14.243	6B69-0000-0358-8DEB	konohana810ture	30150
2018-03-02 10:06:42.779	5BFF-0000-0322-3CD8	geertvervoort68m	11070
2018-03-02 10:26:03.018	427B-0000-0336-D372	yuna866	5456
2018-03-02 10:15:50.515	4A80-0000-0349-4BC3	mpondy3	60437
2017-12-18 15:43:44.857	9A00-0000-0301-80A7	Quique_Bad	10350
2018-02-23 15:18:10.915	2F1C-0000-0341-A643	Tylano64	17659
2018-03-02 10:19:03.226	412E-0000-0351-4DB6	Evan2905	5465
2017-12-18 16:20:09.392	A344-0000-030B-2635	konmo-21	2369
2018-02-23 14:47:28.178	0C06-0000-032F-7DD0	yukitidau	5232
2018-02-23 14:40:51.264	3A52-0000-0331-F65B	RedArchaea	6639
2018-02-23 15:14:42.819	085D-0000-0322-41D7	vichito2010	22017
2018-03-02 10:01:25.62	8117-0000-0364-99BA	toko0931	18850
2018-02-23 14:39:14.992	13D9-0000-0346-7801	Gorfan	17130
2018-03-02 09:47:06.824	FBA0-0000-0346-7319	Dakotabomb	67049
2017-12-18 16:14:45.567	7242-0000-0330-05B6	012345lk	59873
2018-02-23 15:15:09.305	843C-0000-0369-1697	grimbrothers	28942
2018-03-02 10:02:58.148	2A6D-0000-0357-B4EF	jun.o-001	18810
2018-02-23 15:19:44.928	55A9-0000-033D-C698	dragan1502	7883
2018-02-23 15:22:39.651	BFC5-0000-0354-A429	Tylano64	2966
2018-03-02 10:28:24.728	99F7-0000-037D-D471	Fritzef	60133
2017-12-18 15:03:50.465	78E7-0000-0326-561B	mojangothefish	84327
2017-12-18 15:54:52.248	FB67-0000-034C-2AEC	t.haru0228	167261
2018-03-02 10:05:51.264	9F15-0000-033C-774E	Pelzie	33713
2018-03-02 09:51:15.312	9C4B-0000-0324-209D	zspeed2413	19130
2018-02-23 15:11:29.12	ED99-0000-0307-6FB6	amaguri-0929	130453
2018-02-23 14:52:53.327	AFDE-0000-0316-7E83	Spot2009	10698
2018-03-02 10:32:42.025	DE78-0000-0363-7E95	Shadowcat369	9468
2017-12-18 16:22:14.786	2EC1-0000-0304-96CB	iSneakSometimes	113316
2018-03-02 11:14:33.104	C210-0000-033D-F9AB	1418danieL	13654
2018-02-23 15:15:02.94	843A-0000-032C-6D5B	JohnnyPro_01	39385
2018-03-01 09:16:41.344	3A6D-0000-0354-F24F	JIBSpolopo94	24162
2017-11-16 16:01:52.011	C179-0000-0347-4A95	devi0us	21760
2018-03-02 10:19:21.648	0694-0000-032C-6A85	yuuta0123	27209
2018-02-23 15:03:25.403	78C8-0000-033D-48CE	h3tn1a	24115
2018-03-02 11:16:22.765	26F4-0000-0327-1DE5	JJ-713	31786
2017-12-18 15:14:28.436	0531-0000-035F-83FC	Luigibros12	261355
2018-03-02 10:10:02.774	5CAC-0000-031F-E429	eto-taku1783	36482
2018-02-23 14:46:10.981	B829-0000-0334-D00C	tezzr779	26255
2018-02-23 15:02:10.772	2B91-0000-0366-4EDB	enzopakito26	16547
2018-03-02 10:24:13.843	55C1-0000-035B-A301	yyoshim6264	106786
2018-02-23 14:59:26.796	F468-0000-0363-3EA0	fujimoch_u	3169
2018-01-31 15:49:55.088	2F81-0000-0350-8300	Smashbrawl	181360
2017-12-18 15:56:32.884	6DBE-0000-035A-20DD	Coolkidd4	1745
2018-03-02 09:49:13.55	8855-0000-0301-0452	Nelmaninfanite	38754
2018-02-23 15:08:15.839	CFCE-0000-033D-6121	thekirchers	29545
2018-02-23 15:03:47.015	C585-0000-0325-49C0	diamond642	30423
2018-03-02 10:29:01.843	DDC2-0000-0334-427F	DonTheGrizzlyMan	25000
2018-02-23 14:39:08.296	4370-0000-035A-2AC9	jademarie.vitali	168783
2018-03-02 10:33:54.851	4DF4-0000-0367-E3BC	Nicknephi	21015
2018-03-02 10:08:57.014	963E-0000-030A-1C80	arturgouveia1975	39801
2017-11-16 16:09:22.471	D7A9-0000-0361-9B6F	anrintendo	59728
2017-12-18 15:45:47.983	3CFA-0000-0351-7563	MrCobbles	45633
2018-02-23 14:41:06.078	E716-0000-034B-A448	paocreeper	72131
2018-02-23 15:03:13.959	78B4-0000-032C-07D3	Trey0314	52495
2018-02-23 14:55:14.242	CCF3-0000-0340-9C5C	Mr.jhosh	23744
2018-02-23 15:22:52.176	9910-0000-0332-6F87	tanaka.s.aa	23869
2018-02-23 15:12:21.345	DA7F-0000-033B-51F5	AE4WiiU	17500
2018-03-02 10:03:14.007	3438-0000-035E-D961	rider_elgrand	27818
2018-03-02 09:56:27.533	B077-0000-0324-6D50	Bconroy	14466
2017-12-18 15:41:04.054	B0F6-0000-033A-72A2	NATOMIR	8668
2018-02-23 14:59:27.526	8A41-0000-031D-29C3	umecchi	18799
2018-02-23 14:50:59.679	32D4-0000-0316-3830	Flashdragon64	171180
2017-12-18 15:51:40.627	5564-0000-0335-3796	Littlebit99	5551
2017-12-18 14:54:13.939	ECDB-0000-0322-F5F2	Trentonian15	7860
2018-02-23 15:13:57.156	F7BC-0000-0348-EC0E	GID2657	91566
2017-11-16 15:44:59.651	9553-0000-0320-EED5	AE4WiiU	6907
2017-12-18 16:07:26.386	7064-0000-030E-E3B0	dellbox2	9373
2017-12-18 15:44:24.488	C975-0000-030C-DE40	Murlynd	72250
2018-02-23 15:03:31.513	94C0-0000-036A-BA64	toptop111	14490
2018-02-23 15:16:09.423	C7ED-0000-0341-3F9C	syandrews1	22374
2018-02-23 14:58:04.033	2AC9-0000-0333-96D2	Gorfan	28993
2018-03-02 10:34:35.145	1327-0000-0307-E8DA	kazunorimariyuu	6641
2018-03-02 09:47:03.451	9B87-0000-0308-14B4	kotachi0818	62933
2018-02-23 15:17:41.339	3893-0000-0340-6C8D	takumisaiko	7907
2018-03-02 10:24:28.33	A2B8-0000-0309-A927	2306haruki	35029
2018-02-23 14:58:33.216	180B-0000-035E-A8AF	486TAKACHAN462	5409
2018-03-02 10:00:06.559	33A0-0000-0345-5E62	Tylano64	18412
2017-12-18 14:49:40.245	5F7A-0000-0333-1F14	childers6	9772
2018-02-23 15:04:14.969	BBF9-0000-0330-FADB	rivera2005	5098
2018-03-02 10:19:22.164	19D8-0000-0316-B0DB	bamheadshot23	5655
2017-12-18 15:38:40.116	3B39-0000-0300-9662	tonksnk	14620
2018-03-02 10:24:53.279	8F8B-0000-034D-4DE4	hiiro0107	47468
2017-12-18 14:58:31.777	013F-0000-0358-4C10	johnny0727	32735
2017-12-18 16:08:12.497	127B-0000-0344-613A	ruinslbis	8226
2017-12-18 15:23:59.921	C49F-0000-0309-11EF	rdavis67	24518
2017-12-18 15:34:38.809	C728-0000-0343-F8FD	Swagmaistro420	14896
2017-12-18 15:08:25.226	62DF-0000-0356-AFB8	michaelswiiu1	17413
2018-03-02 10:16:44.056	5DEB-0000-0357-365F	Monkeydelphin173	204253
2017-12-18 16:01:27.65	57D8-0000-0358-945C	louisramlam	7618
2018-03-02 10:12:57.241	3635-0000-0327-6C96	wazzup243	21352
2017-12-18 15:20:10.23	DB44-0000-0359-54C3	NOFLYZONE2	2546
2018-03-02 10:02:51.871	94DF-0000-033D-79CC	lugglfgnk	61417
2018-02-23 15:16:49.895	122D-0000-0321-29A8	Pisapon	5020
2018-02-23 15:14:12.438	6778-0000-0355-6CF3	Salomette-miouw2	26525
2018-02-23 15:02:30.378	8AE9-0000-0353-41F8	original_draw	10232
2017-12-18 14:57:29.2	BE7A-0000-0349-FDE1	MrPatNoonan	87323
2018-03-02 09:53:44.52	CD38-0000-0332-1989	dellbox2	14474
2018-02-23 14:56:54.431	2A8C-0000-0323-6344	neoti147	47914
2017-12-18 15:14:17.734	0529-0000-02FF-B34C	DayI0304	24976
2017-12-18 15:22:45.703	1F67-0000-033D-472F	rzsop73	4847
2018-02-23 15:19:55.396	68B2-0000-0342-E785	GEBARA5	26704
2018-02-23 14:40:38.248	69C4-0000-0362-6C90	mt.1661.mtm	36054
2018-02-23 15:22:45.093	8F65-0000-0334-834F	WIIMoustique	28429
2017-12-18 14:56:38.118	1971-0000-032C-94C4	koki-suzu0509	52986
2017-12-18 15:47:59.616	0D33-0000-0333-C40E	marenisu	35983
2017-12-18 15:53:55.387	0EC2-0000-0352-84DE	ChrisK60	90460
2017-12-18 15:39:50.704	2408-0000-0330-984E	dano_1411	33938
2018-02-23 15:10:19.798	5D22-0000-033F-9196	arrowXX	132087
2017-11-16 16:21:30.802	F861-0000-0348-9268	humaid-khalifa	6513
2018-03-02 10:01:11.335	C4E1-0000-033A-2DBD	SkyDeath4u	103016
2018-03-02 10:00:41.612	02D2-0000-033E-09D4	ritzMo	37847
2018-03-02 09:55:01.372	B9EC-0000-0322-5DD5	lorenaf	7020
2018-02-20 15:37:36.414	054B-0000-0368-2C79	EternalWarpuppy	19572
2018-02-23 15:20:08.419	68BE-0000-0327-6664	littleman0712	23944
2018-03-02 10:06:29.435	BC2C-0000-0323-E616	Luigi-is-King	52965
2018-02-23 15:14:23.136	D0FB-0000-0305-2A38	wata0655	50528
2018-03-02 10:24:42.676	2ED8-0000-034C-A075	CorySnedeker	16075
2018-03-05 22:09:03.539	D05C-0000-0308-222D	AE4WiiU	23866
2018-02-23 14:49:45.382	A55B-0000-033F-71E5	Manusho	38601
2017-12-18 15:05:09.42	EF35-0000-0363-FEAD	GoldAldo	44059
2017-12-18 15:53:32.116	0EA3-0000-0315-AAF2	SIMIZU098765	27820
2018-03-02 10:24:16.799	8F6F-0000-0336-8AAB	takuma1141	28711
2017-12-18 16:00:45.369	1098-0000-0301-7C47	Fatami74	5950
2018-03-02 10:32:40.735	3A48-0000-0300-F8BF	west.lake.base	12160
2017-12-18 15:46:51.835	541D-0000-0359-12A4	r0825y	80885
2018-02-23 15:19:47.304	BF35-0000-0327-82C6	yoshi-daisuki104	15170
2017-12-18 15:15:26.659	4CD9-0000-034F-2B8E	ChrisJunior08	6635
2018-03-02 09:52:04.308	147D-0000-031A-DA7D	JanisStuewe123	42324
2017-12-18 16:12:48.357	89B8-0000-035B-E628	yuuandkazuna	122696
2018-03-02 09:48:09.64	91DE-0000-031E-0A68	Danijel.Solo	35706
2017-12-18 15:45:39.059	E145-0000-0362-B1BA	dellbox2	8791
2018-01-31 14:44:14.709	01E2-0000-0358-0345	yuuyayuuya	68183
2018-03-02 10:23:34.424	384A-0000-0349-72D7	IsaacEliseo	5995
2017-12-18 16:03:07.648	8738-0000-0337-BB00	Kylehull2	32535
2018-02-23 14:58:06.009	E0EE-0000-034E-29AC	dryuc5r4pdj4	10348
2018-03-02 10:00:06.316	C4B0-0000-0319-861B	NARAKU1	17108
2018-02-23 14:42:42.916	86E8-0000-0340-AA87	josele79	8045
2018-02-23 15:03:39.296	FF2A-0000-035B-261B	Mario1UPkoopa	8918
2018-03-02 10:07:31.21	5288-0000-035B-0FDD	KAMPANAS23	53897
2018-03-02 10:28:20.126	4CE4-0000-0352-06E9	Stythe87	20193
2018-02-23 14:49:15.847	6BA4-0000-0340-AF96	TheBundo	35226
2018-03-02 10:12:19.468	AA29-0000-0311-BE35	Chrischi09	25659
2017-12-18 15:23:55.817	C499-0000-030E-0B43	LotadPlus	8578
2017-12-18 15:09:36.741	F042-0000-032F-B405	Wizduminator	7165
2018-02-23 15:06:49.541	F616-0000-0304-81CF	tezte1220	7644
2018-03-02 10:16:43.363	36F4-0000-0334-4743	AE4WiiU	15966
2018-02-23 15:08:32.393	ED10-0000-0304-7AB2	joker0818	20531
2018-02-23 15:03:45.455	E223-0000-035A-5D84	mickeletto	3099
2018-03-02 10:06:24.745	E2EF-0000-0342-CFA0	AndrewMarenkovic	7475
2018-03-02 11:06:43.362	AE52-0000-0324-C8A1	alexfontmaestre	14166
2018-02-23 14:51:44.936	A5C8-0000-033D-ED3B	tarte-aux-fraise	12866
2018-02-23 15:15:04.356	252C-0000-032B-6A61	jasco08	3664
2018-03-02 11:00:22.482	18F8-0000-0327-2150	arcathis2008	17500
2018-02-23 15:20:28.39	7C32-0000-0333-7812	Tylano64	1416
2018-03-02 10:02:00.293	F4D0-0000-034B-F678	Masterr84	32515
2018-02-23 14:53:45.11	0D44-0000-033E-975A	Khazey	26968
2018-03-02 10:11:45.641	E3E0-0000-0366-022D	mlgmlp	15175
2018-03-02 10:14:07.501	F71B-0000-0325-DC54	88-234-7	20207
2017-12-18 15:02:37.504	32AE-0000-0331-2B19	MAC87WiiU	24200
2018-03-02 09:48:03.179	13AB-0000-0310-12EA	gurekkuru	15734
2017-12-18 14:57:05.703	4905-0000-030F-317F	hakoking	20598
2017-12-18 16:21:01.305	D2D8-0000-0306-A19B	tkms723	15535
2018-02-23 14:50:40.989	9201-0000-033E-A9B4	SaunoBros	8893
2017-12-18 15:03:28.208	78D3-0000-0343-0648	Greg2Good	40527
2018-03-02 10:14:32.379	F72C-0000-0358-EE21	TobiNL	22536
2017-11-16 16:23:56.893	FF93-0000-0350-D0B7	kento.1330	137850
2018-03-02 10:08:38.625	D9C3-0000-0358-E1A5	EthanPrater3302	17062
2017-12-18 15:27:30.086	AD8B-0000-035F-3FFC	kazuo4	41770
2018-01-05 12:49:14.793	A224-0000-034D-FFDF	Geert123	22640
2018-03-02 09:58:27.786	1F41-0000-0326-1ECF	Kirrick	34467
2017-12-18 16:19:06.607	4548-0000-0310-66AC	Angelt0412	6635
2018-03-02 10:11:57.097	5CFC-0000-0326-282C	tomohito_s-1212	10965
2018-02-23 15:13:53.006	7AD5-0000-0329-00BD	saanti	23359
2018-02-23 15:08:21.816	535A-0000-0359-74A6	WIIMoustique	85344
2018-03-02 10:25:41.584	DD3C-0000-0352-CB46	exbx1980	38618
2018-02-23 14:43:35.092	4469-0000-0347-A335	brianjrmccoy	7595
2018-03-02 09:53:49.073	6338-0000-031F-53E3	0826sou	27962
2017-12-18 16:16:03.189	B9B8-0000-034E-4CD4	Pizza3578	23969
